,Time,V1,V2,V3,V4,V5,V6,V7,V8,V9,V10,V11,V12,V13,V14,V15,V16,V17,V18,V19,V20,V21,V22,V23,V24,V25,V26,V27,V28,Amount,Class
280731,169716.0,-0.253302740377714,0.577194431591844,0.489081415636045,-0.469938852763074,0.925805282499027,-0.632575874512353,0.806294793933205,-0.0880564456650488,-0.621745096039295,-0.368793976615978,0.522488789951129,0.800479251636185,0.28914850909041,0.357614308002886,-0.845744610019159,-0.0624496574041827,-0.583634194604888,-0.0718896044317216,0.931336153549674,0.0194774405137354,-0.116907806086421,-0.34846684035875,0.0266944811840555,-0.320673801966912,-0.750335740711981,0.182649967145172,0.11941875702281,0.178691276048671,6.15,0
238868,149859.0,1.16915850779063,-1.63727373594825,-1.74495170300203,1.0170211460571,-0.49666632567141,0.0659374992406505,0.0682605993359793,0.0282891024889298,1.14597013105984,-0.575068740928371,0.497374708274574,0.528447322235643,-1.09158381132898,-1.13700068178573,-1.70726473503403,0.0154430991257301,0.869033234964745,0.799354988633327,0.208256377044329,0.616033152110295,0.428777391287136,0.660599660747743,-0.402060930866363,0.77896611400169,0.0398461502696954,0.756804601763649,-0.115739702399022,0.026002574786976,417.95,0
166298,117982.0,2.37322402007017,-1.33556788762004,-1.31982074722617,-1.69647997248028,-0.880683146321877,-0.513304805802251,-1.00888833878579,-0.243053832492315,-1.14837421753816,1.58681184989818,-1.94584996368075,-1.17671838323645,0.473227792689141,-0.429206985395291,-0.136735245723708,-0.325222867286159,0.154966168532821,0.194606295988218,0.259124058526968,-0.420843492461911,-0.238237927499855,-0.153079998713509,0.102515191553258,-1.02321033670795,-0.0329304368426386,-0.098081035686297,0.0069085652387733,-0.0620709244383005,15.0,0
187070,127369.0,1.91558436095503,0.506394472148985,-0.678832125956176,3.82223266261604,0.581985761033957,0.332912715637168,0.139514666721987,-0.0597875361781058,-0.765464432553387,1.34781352279486,-1.41980537836538,0.256276058797738,0.714375557476978,-0.184130476451802,-1.5707749410378,0.450437746955454,-0.59433138562805,-0.573445135442515,-1.32138739595568,-0.217361453075382,0.078928911594489,0.401920791992887,0.0979544763215894,0.75022296705287,0.183615053747832,0.0608394242584789,-0.0271135055450617,-0.0414929894180666,11.33,0
148667,90116.0,0.205212212702671,0.921511239170603,0.170249940822088,-0.66446368201073,1.19810915676527,-0.417725983430007,1.18829685172933,-0.497908908604911,1.30978190867177,-0.602352875460438,-0.65342217349449,-2.2904223161521,2.77317170013134,1.08437378880119,-1.14019934115598,0.053754486838457,-0.213535366443145,-0.279310555391154,0.100310590577497,0.0994172579132486,-0.51602653896147,-0.843965651380151,-0.0820851894438963,-1.04578425226134,-0.364729609615852,0.132249497169945,0.0595397271994772,-0.140035868688251,10.28,0
104490,69086.0,-0.653044413885319,0.347068369250422,1.9463619671444,2.0508254860182,-1.40970493275406,1.01513995001106,-0.438633119832574,0.831912804932225,0.332769238235404,-0.519366251812657,0.179332500709373,1.35019741492688,-0.124471137305844,-0.38322384209684,-1.80747745494336,-1.12764798129651,0.94779812418824,0.318779458715631,2.43054787270297,0.215082843048481,-0.030716022442359,0.080385926005019,0.216029383611833,0.345391770322035,-0.246371769546745,-0.259797519400272,0.0299093115721547,0.0113149837858268,111.22,0
123400,76912.0,1.24019232994106,0.308664576621935,0.12995295306363,1.04654605297217,-0.109146982402726,-0.756313266369664,0.232167595747456,-0.215278857476241,0.0028187992732759,0.0079293725516694,-0.711213813991509,0.0797701386836418,0.0804110565688547,0.367661752957093,0.945852074411129,0.154726555528057,-0.557066190757366,-0.0337172254824588,-0.240396433947032,-0.100196337168778,0.0133143847425228,0.0539575763352948,-0.156990745231338,0.0389122408020155,0.730539308625003,-0.307815252521628,0.0105045343227044,0.0194128881650629,19.6,0
31924,36565.0,-1.69641887962401,1.4497867643667,1.82566513644567,-0.510283745162546,0.311368142637392,-0.650393472995259,0.629922925083854,-3.12557022086163,-0.189158370502617,0.0561886845207469,0.11080637899398,0.488321952232301,0.77305267821199,-0.413597257325292,0.306705556068006,-0.0373096409552692,-0.524045231687539,-0.501853318977503,-0.768827888438363,-0.557160347929956,2.25215826583923,-0.502606828325458,-0.0788904648608719,0.734724063481089,0.51250926272527,0.243247800649895,-0.45773672740042,-0.349264059522926,21.83,0
223071,143236.0,-0.130401002193164,0.374712230821612,0.274537535469637,-1.86010146466685,0.392127851632182,-0.621913290000349,0.930807483177043,-0.488513264937242,1.29667162379002,-0.999055648240793,-0.958643308262425,0.232374945054105,-0.20359167969402,-0.194773645913642,0.396089826272108,-1.75347655316327,0.323557272164518,-0.0094556293814954,2.05955341991625,0.0343611940118683,0.16519039691338,0.930573330588576,-0.287029466533712,0.824247716719869,-0.1593395870814,-0.0315800968854033,-0.22856959105098,-0.0491477726682688,12.95,0
65104,51429.0,-0.963748143774937,0.295662372668372,1.33609261884018,-1.62449525684791,0.145073890030501,-1.37934725618892,0.571282906738934,-0.290186268473261,1.50046992047702,-1.72460835731071,-0.449414739103678,-0.607476147512831,-1.69258448639798,-1.31112515790135,0.7422314980583,-0.191880984034475,0.588350023778681,0.765768944070362,-0.0354155571907635,-0.193704418482851,-0.0266572926306002,0.151023788669007,-0.249786337630188,0.258331136419795,0.177999542552839,-0.834766135074531,-0.295791936449882,-0.00534851177545,7.0,0
187006,127347.0,-0.0203101808279391,0.30015422407676,-1.06262192035784,-2.83591734182298,1.26985945352084,-0.956498068161696,1.3233632216864,-0.406973322181153,-1.72326927900374,-0.0316623272858989,-0.341381480881137,-0.266509567237799,-0.365434471611721,0.832280513667792,-1.04153413275515,-2.18380794396144,-0.293574573838902,1.56405314810848,0.321473746547317,-0.52435312940181,-0.0348498181040427,0.46515518818729,-0.629689254279737,-1.00979981480202,0.484052089202647,1.08981137667526,0.0193498924283894,0.0881562777856214,1.0,0
274020,165817.0,-1.84930790413868,-1.15861719986768,-1.16099237960723,0.528526247618538,1.3764898504558,-2.27164702142534,0.121432488436894,0.219083323127772,-0.132293268667962,-1.04465946169451,-0.643319353717166,0.138340277829837,0.349407550848963,-0.428336550919386,0.722722831502591,0.165232648170791,0.627288218345172,0.811605970710168,-0.270097460614722,0.824410838844743,0.569979925195829,0.818559536652143,0.151827357045304,-0.0112701650614714,-0.264075593202883,-0.165683770204093,0.255473097281774,-0.183251186375423,139.95,0
282547,170974.0,1.80214405573959,-0.182486542396918,-1.8090881306823,0.533809759998242,0.0789635068432582,-1.15697101210552,0.264905874537541,-0.226957989970035,0.385015351762292,-0.386093004060968,1.42093559393394,0.514504491426123,-0.602729622858376,-0.501026402714841,0.317597216072282,0.386212338572524,0.344918880714067,1.00706454804058,-0.291162683009559,-0.0270745321167695,0.308752829723773,0.782516779227447,-0.100803144775919,-0.063361801641549,0.142419503683215,-0.130104426656936,-0.0241611273818869,-0.0221250258740433,105.04,0
5752,6115.0,-2.47871259431144,2.58003427135118,-0.489246685115021,0.105076831225847,-1.09194350519596,-0.697886110413616,-0.937167419925703,1.75322637211415,0.568775325428144,-0.686511367603824,1.60685989451722,-1.37814033074233,1.89967108236423,2.25580002867426,-0.611800960044405,1.08653203670381,1.02160964993933,0.851924488426645,0.0081359667429561,0.032519273187213,-0.309305771947539,-0.951629097492993,0.170294045201,-0.12230657591307,0.0724603972127974,0.0581999591435149,0.0431533618179726,-0.0191815763689164,9.99,0
101293,67784.0,-0.959190812621469,0.41897516968433,3.2442379647541,1.5623177035515,-0.45305796541595,0.70875446987105,-0.262098441943909,0.15144138210174,0.753523466059635,-0.154772262594556,-0.62458272538797,0.293524022498376,-0.323094321456811,-1.00915335887907,-0.192874887411488,-1.26197962276455,0.792515060840858,-0.496387662999884,0.750739579447423,0.0165282137200847,-0.0144756778566312,0.45456405579295,-0.307117094948413,0.43170874342407,0.10663448836172,-0.176862086854578,-0.256701582242256,-0.0923768704675878,1.0,0
60933,49570.0,1.05971638564905,0.629562379919296,0.823905400753575,2.68706508564832,-0.285050681695965,-0.349563315976477,-0.111732758383082,-0.0542667272441979,-0.647406826643148,0.106689898746368,0.0278312981385863,0.516739148856167,1.5964910426835,-1.44190198421277,0.761941717589994,1.35757994940878,0.0184144487191132,0.304141861362035,-1.34938546376812,0.0807140864335597,-0.0583559340762792,-0.218870140016428,0.0091340404372151,0.308459845923127,0.246309687793173,-0.119871603549119,0.0381974991329436,0.0729034137978409,47.01,0
197660,132120.0,-0.531907291947962,0.107633068444776,0.34181794719029,0.437448068428992,0.764473009970353,1.86610253041122,0.846284281001817,0.494949181213974,0.306649466618086,-0.610710672773492,0.383247930131721,0.911330309386246,-1.0396072242293,-0.0269655219871037,-1.95824302762357,-1.40685517921815,0.586494529666989,-1.5324310823795,-0.634376185039576,-0.424854679956283,-0.158190230566355,-0.0229641473133705,0.335790085949514,-1.40171234965656,-0.373753883972969,-0.796391834072881,0.104874754489138,-0.0313355727488507,123.96,0
36223,38443.0,-1.28087310289789,0.958725299898953,1.57044309220826,0.36535446038417,-1.74045678460406,-0.0249223484545131,-0.513074646637676,0.816193089250193,-1.60432148694419,-0.0843577709918956,-1.23889260757412,0.0480172795772316,0.640018387901843,0.218796405483225,0.447962259151855,-1.58769706890107,0.54752888239599,1.72582078646194,-0.235916711118514,-0.575826011500143,-0.0876507018304043,0.0843177970235465,-0.177251597120198,0.390296233505208,0.406475825463301,-0.0968733223865164,-0.220090465494094,-0.0548920303691306,73.71,0
124514,77324.0,-0.164526631967952,0.779467642390537,-0.220129215135657,-0.208979181281489,2.6601692343434,3.55593471359792,0.182193891727964,0.293948769894098,-0.174231228550571,0.742433969232544,0.333486751435414,-0.559632713581289,0.0520918138379,-0.671679718165067,2.07262744504953,-0.110643013142606,-0.134139510764055,0.43778828894558,1.91712936055603,0.34444407019998,-0.271111083293011,-0.737967287894581,-0.0305095988800591,0.95931196897054,-0.657015338537922,0.165279352396448,-0.782532909164743,-0.339690729252268,1.79,0
14638,25854.0,1.22712943464565,0.193956979059133,-0.19750043918666,0.450200809162777,0.0260151180306145,-0.95491626157163,0.491826342802698,-0.318381613281673,-0.194097276471187,-0.0833554782969387,-0.612035755816581,0.245619496256534,0.358600314370091,0.41588695815679,0.776829975467124,0.166969297542301,-0.442270264240035,-0.738425765293536,0.279525580348032,0.0240246922659702,-0.385200588427993,-1.23826587936075,0.0406487941216968,-0.118403539411046,0.342784149530754,0.163687449096237,-0.0719496348387982,0.0131262171824468,53.9,0
279031,168601.0,-0.398329860471364,1.25992158252862,-0.619295510619735,-0.147574455879034,0.457201693423742,-1.21659652228952,0.949397348333494,0.0659205821252322,-0.551319098186127,-1.33847286353578,-0.549736690677213,0.280211236408367,0.830011994349897,-0.604764044803261,0.594292417927998,0.0198937139869438,0.625865104968996,0.604418203199452,-0.169778740645648,-0.0494044393731501,0.419427289492679,1.17769161420743,-0.106866110511617,-0.0785071613205964,-0.426525962025304,-0.158847028667472,0.101707248143382,0.179458212616969,49.6,0
189643,128496.0,2.08105466187576,-0.442350863566897,-0.942202263423782,0.779255930096547,-0.396039617135638,-0.595310010804736,-0.191350134286894,-0.332443373796778,-0.525462180933958,0.926077640410386,-1.31376995911881,0.863120810507948,1.64351712228446,-0.367449153563392,-0.987348556227869,-2.02502466611631,-0.0860852148659828,0.907677891357614,-0.938644936725718,-0.561339070351357,-0.239571934341582,0.123576803576045,0.0437971229820013,-0.0978942405588936,0.278297138652417,-0.459594518849992,0.0543412495141339,-0.0407066922753171,24.0,0
242281,151423.0,2.26506622330036,-1.35767320136937,-1.00945384985772,-1.67423817839069,-1.07375521178539,-0.379514480998937,-1.13826932737306,-0.0753163067482486,-1.51260839744279,1.743034185736,0.716456285374373,-0.11131860462897,0.342015030362234,-0.207007955171534,-0.884606888450021,-0.420129090740658,0.263484365122355,0.360999039000791,0.154911239514905,-0.406154979832353,-0.120346877754453,0.110090864591308,0.257289666971001,0.746611551966801,-0.183502685549131,-0.21677507671276,0.0003032187358591,-0.0540492015061802,15.0,0
256560,157755.0,1.94745075040267,-0.166135946239098,-2.1789988559468,0.259675948304535,0.600266187134912,-0.385792777166616,0.111954875304485,-0.119851953489704,1.09993863711154,-0.930524920925639,-1.14133905144436,-0.155739453659387,-0.312837252818048,-1.56701368196073,0.073052246972743,0.237006697353214,0.970423184107843,0.321068653985394,0.309033400867493,-0.020293814296173,-0.267960397036744,-0.696340579812742,0.079140772639746,-0.162074004683936,0.0058090256302605,-0.0785920908076026,-0.0221786968919089,-0.0084732558167042,75.46,0
193807,130299.0,1.93479693959387,-0.260050337858881,-0.437090974293685,0.459030517252022,-0.9651072222132,-1.75318687047369,-0.0695653552106982,-0.241155861197842,0.71754511025756,0.118829764300126,0.0175142390726482,-0.209719451082007,-1.63601539970745,0.712005545258073,0.961740577843418,0.246530731769356,-0.154835698709221,-0.901398154159182,-0.314500150364047,-0.278590786429499,-0.402890180646476,-1.31427010020266,0.66034521200611,0.83732699819619,-0.90485158828104,-0.0341376947243472,-0.0817717405325248,-0.0379298808425372,29.86,0
34308,37605.0,-0.413609815581566,-0.0839595176910898,2.19825763945844,-0.991901817211427,0.319096047545432,1.27800992555006,-0.178238445044809,0.437854528262167,0.719819323005049,-0.937639325338913,0.578902244594805,1.06171304663701,0.608026589362274,-0.837333566301998,0.60042649779812,-1.11783346731633,0.802604879021219,-2.49482035593164,-2.09745183794903,-0.135348411475914,0.0832433041858092,0.706806379087045,0.141335984974152,-0.543630214462063,-0.906252768965786,0.848982335839124,-0.0889547223169231,-0.194382544758781,1.0,0
24026,33032.0,-0.142465738763663,0.515584573119787,-0.194203757294749,-1.09091319905439,0.448770732336086,0.316317358944776,-0.130932062989427,0.401565578942345,-2.27034530159291,0.457283515313044,0.484098162793358,0.248269515877605,1.64088157186765,0.263465169830196,0.203101016540488,0.64631155868741,0.386170769665137,-0.961231860474157,2.11382141253714,0.220151324496752,0.327252560479341,0.825077751242935,-0.344670308423293,-1.26051531218581,0.222150777911232,0.0871938667163141,-0.0690257823599192,-0.0894634225346995,1.04,0
16670,28034.0,1.25686179533834,-0.629397359347421,0.500232921247692,-0.61607716345789,-1.2156767430392,-0.828133517182688,-0.50784405406455,-0.0986946663956736,-1.10115595182123,0.829938162839526,1.38452876429,0.547773821574907,0.0868029844021736,0.32703311996496,0.273828218809469,-1.02911813632954,-0.242458030677951,1.30839602835242,-0.558699073176175,-0.395099127616795,-0.400381727855109,-0.825276897233516,0.122766735314957,0.553374541188946,0.0197081676379177,0.870059460756445,-0.0669879760592514,0.00985224788309,47.8,0
109154,71245.0,0.343822084974918,-1.17538380069515,-0.310393068778469,1.09874412679803,-0.828825659348832,-1.18664117743494,0.987016585483243,-0.477702257597175,-0.245162510731957,-0.251909048643755,0.057854758649294,0.545839885411561,0.479829232987519,0.459126852641801,0.781116252437058,-0.0521609919871077,-0.178344504797737,-0.547125904510766,-0.389574482796661,0.87126842655572,0.256080635044716,-0.287919081032593,-0.442742928040304,0.783220294405997,0.365654555074484,0.295376790005701,-0.138326727562962,0.0927748795461258,479.0,0
259634,159206.0,-0.976998337319562,1.43406334223941,-0.341982841653519,-0.549554769687978,0.770519410254462,-1.06882569634181,1.40917298763674,-0.610228609826405,0.745537906908157,0.91656025709818,1.37322852216672,-0.158784852139253,-0.965678490882752,-1.16492479082233,0.19602886085199,-0.0509952680706981,0.0236178161483722,1.15465490934518,0.088222654768607,0.357135767485813,0.122140459731147,1.16353637448227,-0.177057617332202,-0.0109415645062492,-0.376124432413204,-0.22464174233574,0.254595252176326,0.0028841021282829,24.77,0
153205,98184.0,0.0480172770092251,0.966806270674574,-0.639275493371617,-1.17044658917772,1.50116494510594,-1.15741216155035,1.55996339315033,-0.486133895330773,0.716010419450817,-1.07350953409857,1.33638342153718,-1.40802136976888,2.13895581072518,1.97612989379705,-2.60358494396877,-0.468444915434856,-0.109056862806833,0.21865744755913,-0.289907439724464,-0.266292466880654,0.178827097857879,0.931046189902741,-0.265411316161848,-0.310970709913213,-0.473140403824843,-0.0672929269952654,0.149306081589499,0.212088882581182,4.0,0
199333,132910.0,1.94244892134239,-0.617119497198232,-1.16440612027994,0.457811418916368,-0.0402350050331795,0.358663014821665,-0.387868784103711,0.264149384887181,1.5973502863484,-0.110363176612366,-0.438791043241555,0.0878348818072387,-2.673304784035,0.390969469153694,-1.84737056078166,-0.608380660265424,0.0389042882881632,-0.0666694945773893,1.09063478839261,-0.34487559630727,-0.342881484769493,-0.79240549111431,0.224195843363794,0.15064301097133,-0.0483930732589257,-0.515820392091328,-0.009423061536729,-0.0599724119054355,27.27,0
267016,162577.0,-0.147462677889572,1.06935585943049,-0.0780675205511834,-0.806078093718318,0.811377003966112,-0.740751745322084,1.03448768691949,-0.207826892598891,0.0461145283999318,-0.127073331524222,-1.35247594529974,0.449650789946939,1.12571113735087,-0.196837278716005,-0.44540624629995,0.0406163304778356,-0.725198153607564,-0.661631955294919,0.140731400752784,0.172480395098718,-0.325484261205523,-0.640555038106156,-0.0199707904912585,-0.637761610329296,-0.312320479446576,0.182584183681604,0.359998753187963,0.154831526492642,2.69,0
203821,134980.0,1.7349976254611,-0.502418856652301,-0.515988713092197,1.26498088363018,-0.377068278010406,0.0002140732611195,-0.345716682286655,0.0669987317148561,0.894675913254891,0.143276235989066,-1.00550916814981,-0.0174047952711008,-0.395051204318446,0.183817743296705,0.937105341338846,0.56076066273014,-0.754029459770052,0.0447740756912585,-0.615504738472856,-0.0175965426842307,-0.0706889312644669,-0.444645323161832,0.296275922819006,0.515987304224667,-0.435580004523676,-0.966826987817674,0.0275487991703108,0.0012040281004159,125.0,0
189068,128251.0,1.96942829251272,-0.024761016564191,-2.04796060193121,0.156687374343947,0.678584556434021,-0.304909260104731,0.115794369498664,-0.122141176010649,0.667346864751426,-0.780683496696751,0.566737151085949,1.2131639152106,0.993729196829511,-1.65091416965648,-0.805930807570327,0.416540869580293,0.566721166933591,0.694331369111048,0.688259642360813,-0.0015348163193232,-0.229744662323028,-0.449328572922289,0.0061692815984383,-1.19371699195759,0.0497623700507597,-0.0466386125818762,-0.007014716162749,-0.0304666532988724,46.9,0
102216,68091.0,1.06797581567456,-0.0168596687408491,0.637878691107109,1.47155826360714,-0.378720815398692,0.041876913613887,-0.105862223473605,0.0536039530374279,0.505331053115363,-0.190829740842063,-0.60750922909325,0.65684971825723,0.0571338941667812,-0.152363363600319,-0.197084112263997,-0.672867322009117,0.262266957455342,-0.859864213254951,-0.409547304172831,-0.0976583049002075,-0.0266563187231742,0.123474098418134,-0.10972165328035,0.110063631458312,0.621149437228491,-0.274181172873138,0.0500793355935382,0.0273601219809482,47.73,0
136700,81827.0,-0.626901617996889,1.17279003706641,1.75062348171948,0.868049714198327,0.0154236668232924,-0.771008661100419,1.01737051573483,-0.533477637594865,-0.424699580305177,0.243930840352055,0.0657331211338498,0.343857602182249,0.827614931997826,-0.187471343987197,1.08704918576299,-0.444572670143796,-0.284128801148024,-0.166159345226271,0.343466341586171,0.01782805620256,0.070241125151038,0.369147589747296,-0.0637955575547733,0.734098856417785,-0.301281521845648,-0.50204036552961,-0.375144984564247,-0.0812149281476158,19.99,0
234842,148139.0,-0.658965135832819,0.925519000196404,2.09340502033596,4.2947568775218,0.146705726530224,1.54535021188336,0.464648611249592,0.28182018436752,-1.93790264664231,1.13738723345106,-1.39939376300488,-1.14817572514745,0.22625744340917,0.0081957079710394,1.41871072940667,0.416217569154036,-0.164962177342834,0.837882143371537,1.05761173109212,0.618913169707522,0.280079874141025,0.52039215997548,-0.0155596810084172,0.456878356970008,0.260113122243808,0.548449915613794,0.0598536046381846,0.11437757912734,145.27,0
281059,169911.0,-2.3316520300928,2.20296185476496,0.554724428214501,-0.847101340058945,0.0397619071524537,2.78143483315615,-3.29961240086038,-8.20300989329697,0.150814599997721,-1.10851632192642,0.0074574796699559,1.85856797688564,1.09789140796902,0.208756093033271,-0.147057495138948,0.79410517585426,-0.758001414839461,1.13036713439948,0.268941686717274,0.724450054632515,0.67094024615745,0.40827020887348,0.599539303652665,-0.268345463987359,-0.547210233771684,-0.422796475270886,0.0073270055962846,0.0506186154951635,7.56,0
150734,93999.0,0.0824375370113073,0.983222143373759,-0.216833235367236,-0.417010181803402,0.907278491349688,-0.498128748868238,0.654590541829921,0.0558375809420729,1.18419788232564,-0.999777251654054,1.87287229866882,-2.6279185332078,0.119763367189255,0.909296322490744,-1.48289971796467,0.470449092975044,1.02964453174269,0.597580538467762,-0.249906350336195,-0.115697312252345,-0.443129190161796,-0.979254207347407,0.130840799746691,0.501610386457809,-0.553731237231578,0.058552351422406,0.186178900374612,0.0655155633190338,0.89,0
17685,28849.0,-1.7712051776067,1.90625355158631,-0.692414850604167,-1.45000177560563,2.92110168870451,3.26846511096597,0.508473200189022,-0.076761662086841,-0.308585047708929,0.531371587256704,-0.301151348421321,-0.27134725669591,-0.334763678409977,0.327367658548321,0.338419989994735,0.17682646331695,-0.995171774118639,0.134044304399921,-0.47639698560554,0.182559143459465,0.715688526263133,-0.536461277400446,-0.344696706498821,0.969222431167621,1.16267999445719,-0.372205029060625,0.0797359518798585,0.233760432487502,1.79,0
164156,116500.0,-0.192051538651775,1.09880276591517,-0.0122964991232085,-0.676402414197547,1.28117595724873,-0.647190280896028,1.1500507363118,-0.183488667154785,-0.480005541933768,-1.18118712334888,-0.820774546015816,0.0986303717689028,0.723053680998783,-1.0786592499039,-0.306508385291929,0.282100903442142,0.290051056286215,-0.177579828007484,0.0168821697794416,-0.0148175332114511,-0.261480067720934,-0.702277392135157,-0.0409026933827441,0.401636157172694,-0.507773278012597,0.111518587506874,0.111658524520397,0.197464559834207,1.79,0
135785,81398.0,-0.510726958688337,0.784118939965051,1.61926005742833,-0.0637280063822826,-0.287117704729965,-0.758774732446845,0.451502580177961,0.193061969425712,-0.337795428238772,-0.0810851888564736,1.10949018100106,-0.452431660116112,-2.26882523037728,0.787668860640012,0.373982663666288,0.437939741141469,-0.444706590688306,0.347687937191665,0.23993678986986,-0.0141116173185654,-0.180918981827968,-0.626206296357335,0.0394767375849129,0.455717245086081,-0.320912635740567,0.0482367235763236,0.243857056977153,0.109477186867794,8.99,0
49373,44029.0,1.36089322859113,-1.20607071321599,0.760650701131837,-1.42814867219351,-1.66826522422807,-0.256816146664695,-1.28129958481725,0.136673796424028,-1.89431602977369,1.55325120704548,1.53478867182229,-0.439248217974788,-0.432121988108515,0.0257750739772987,0.383645692619437,-0.3030682538198,0.575371807962774,0.0008079895241823,-0.386433796829339,-0.36192731782631,-0.272934288606256,-0.523902316918963,0.212974830096238,0.144259552386726,-0.0345528040430792,-0.409623751716723,0.0467125791476041,0.020102708198196,34.0,0
46498,42811.0,-1.63430741296334,0.632720342027846,1.95876136999435,0.0789015822050774,-0.844534977353977,0.298655193759028,0.311819092709089,0.628376444926435,-0.485546727167349,-0.803584829901094,0.519433646122576,0.266367374005467,-0.434104859549049,0.373414610418698,0.213639591938757,1.31732974227334,-1.12688942857438,1.15039688872469,-0.781105391577712,-0.213683983359805,0.22504284144124,0.375994548755325,-0.0809018812481943,-0.0392792213696239,0.411306609633056,-0.444288942483739,-0.11961687787982,-0.0464098904606934,144.0,0
25880,33808.0,-3.9580247018548,-6.33225646424669,-1.29701230327232,-0.934062735941032,-2.62012733232448,0.155855901984221,3.73213903766221,-0.514273519570945,-2.5809354081925,-0.114377834239503,-1.36236906588788,-1.00124031879788,1.33508182481684,-0.447634265654179,-1.01840685249719,-0.459566809863971,0.267150745011795,0.489453401669524,-0.761448610095813,3.53562796179498,0.902951090791273,0.0290900038167541,3.71091583355261,-0.288473697101481,0.437098876014944,-0.346861776831286,-0.159929053404955,0.383768469614513,1474.44,0
112627,72734.0,-0.764108543996362,1.31946692701073,1.7382122840179,0.97343785205942,-0.418211611013101,-0.314742416721092,0.144479731364001,0.407071884190692,-1.17179620404196,-0.455056079379922,0.270279005753358,0.585099459472775,0.933104228087136,0.499337077533247,1.9497554214065,-0.741793994845105,0.776912297164918,-0.753639500521178,1.24557162756703,0.109248933866876,-0.0932877225329007,-0.334119155162922,-0.017765164206038,0.429308232016129,-0.160130338549958,0.388421292826376,-0.0449903941558403,0.0163476816468676,2.67,0
84402,60289.0,-1.15235970823847,0.0391128382244271,1.39509733974228,0.304623361140279,1.03248678400467,0.0373632510749809,0.5478301184651,0.280413209538051,-0.41657267063618,-0.628371721038911,0.534569008475675,0.64344160077557,-0.645043837334067,0.215939533229202,-1.37426866864857,-0.260109556874136,-0.337423716472387,-0.188209583832726,-0.51479653135618,0.0768704347203746,0.108875420738922,0.131382962952376,-0.0089957251525026,-0.320344307336493,0.203434872361507,-0.489481808181715,0.0748643025493046,0.119731259477286,70.2,0
181411,124961.0,-1.1665377427071,-0.901480770599566,1.71116322399141,-1.89703250305172,0.379409360913541,-0.453137391045068,-0.401711694772043,0.20547995154347,-0.866961256835482,-0.261592660211421,-1.32965817977095,-1.45554996695901,-0.735264537613715,-0.362591675033684,0.132325524794351,1.3718478812293,0.0385044574503192,-1.06563693042768,0.734368248424766,0.427687815647521,0.0194965170380935,-0.480853721820448,0.048335243727362,0.413082181557726,0.393050968604326,-0.378186524198653,-0.022756817104015,0.0822992387899118,64.0,0
189466,128414.0,-1.15466251041442,0.919442171086408,0.557845777749918,-0.915656893551043,1.53438599158426,-0.129851905090885,1.10781023508565,-0.113285997961258,-0.313131014056785,-0.522404011026683,0.723634414265773,-0.331129382829258,-1.09080581235307,-0.892834075570203,-0.473443592077276,0.421554645684702,0.115209054825938,0.433417937934805,0.471697639731424,0.0348582297625708,-0.441766087615315,-1.04910837966015,-0.19014219736384,0.102365256834527,0.556463511053965,0.29181343008753,-0.181332165295051,-0.124896813101784,1.98,0
251661,155446.0,1.75937770813814,-1.8244709061543,-0.571678410879174,0.100684277519113,0.481851503761613,5.25678144606647,-2.39736379285753,1.4575208029556,1.19832642789086,0.60154307325913,-1.34586097444574,0.542135935539064,0.0669600604920572,-1.19691393304832,-1.32882330175959,-1.79149071820626,0.130777479119417,1.4171614655892,-1.06546215350429,-0.420945376455307,-0.191306542636933,0.183451675582413,0.162949762659996,0.68939670243989,-0.235823607875544,-0.461266370241869,0.163072541918764,-0.0034238121189108,100.0,0
70946,54084.0,-0.460077371137508,0.95083169056081,1.94297100116831,1.28192795676103,-0.0065693693541681,-0.223493638428537,0.648714110730465,0.0369696409097584,-0.521485413735764,-0.461081153314339,-0.0665421327258693,0.487838903089673,0.0407260267003008,-0.0389345343511262,0.0720340679938598,-1.23326206748296,0.730810891499242,-0.945272867595669,0.261546307397631,-0.009565894641424,-0.0219252139045754,0.142480795774901,-0.224668092415384,0.63626111586811,0.504891062118253,-0.209747711234177,0.0310065407369379,-0.0119749627833327,9.46,0
480,354.0,-0.687099302570821,0.790436270915636,2.24242432271365,2.40646163016605,0.359711754795171,0.279410289878938,0.103677151511258,0.399071184305469,-1.5187327616647,0.601268282242301,1.38977445144218,-0.1918927274936,-1.27907560001655,0.680096415708661,0.689691524612909,0.276206191009753,-0.0890122108842315,-0.0657719433477332,0.0798821723495131,0.0568705740168107,-0.146194338775118,-0.702302599396075,0.0880384486538265,0.138006040839989,-0.129552530218793,-0.141250330639071,-0.0113855026567034,-0.006343762762011,11.38,0
95591,65382.0,1.17532641256445,0.152907509126662,0.505611023320094,0.454340842521188,-0.234209108431296,-0.197021352718269,-0.119426639064841,0.0802592340996166,-0.218437444889389,0.0592134018658472,1.70267866364272,1.14339931575801,0.212524700601482,0.463667639803761,0.583206502611464,0.20715734640453,-0.396173417674355,-0.495592640065939,-0.186924979844692,-0.114796517588055,-0.178523438135322,-0.517493620757687,0.153743841012062,0.0126879735743169,0.115009369811402,0.106999442732774,-0.016288059522282,0.0053270226544405,1.29,0
45516,42383.0,1.27694338016856,-0.0921755329541591,0.141912287955565,-0.0496574138579964,-0.295495063753871,-0.369169041616019,-0.201265751317712,0.0136988935427596,0.417781606403782,-0.144295005157405,-0.679378850080088,-0.498806047981902,-0.984874459272773,0.437453374531197,1.46975622452734,0.190252761598141,-0.149965597163173,-0.621837360879152,-0.161943290491024,-0.158606790599354,-0.110295220581258,-0.317560927909057,0.0146552145226072,-0.397874336386651,0.210506825100056,1.01233476054829,-0.0721061384512756,-0.0060895583597485,5.0,0
219786,141879.0,1.91898576565291,-0.571114998225758,-0.0260509387908844,0.27405121722294,-0.812255054296781,0.197168765323229,-1.03667471591639,0.307225135262519,1.41191033395236,0.0106038077187152,0.693026210504661,0.718648510870291,-0.668645445363125,0.084077945987883,0.340493423183998,0.677005351770573,-0.894343395130501,0.884541412991664,-0.0340080847989992,-0.219462914148398,0.118810012372999,0.417388521145932,0.303722653566623,0.730089622056124,-0.432224081377072,-0.4631363750081,0.0438045087237613,-0.0297111113204277,10.09,0
165838,117700.0,1.87867433221309,0.590718084394217,-0.560517221354775,3.83511202448586,0.192754826673433,-0.629759398327595,0.305123408983032,-0.2240395422316,-1.12612987184318,1.52897175562245,-0.686047014923966,-0.211721713030534,-0.006910197794157,0.416751212793842,-0.265894748794574,0.764989822849169,-0.732400886979317,-0.404124011639949,-1.99821195027838,-0.277930005246486,0.285147014420273,0.80782011817419,0.106292749046997,0.391416224480955,0.0362785064918004,0.11490558696954,-0.0417503105730897,-0.0445408980539827,19.66,0
271723,164711.0,-0.205768818135156,0.990786773898307,1.61320458421844,2.65704693607139,0.466502985355062,0.767889194597957,0.182299170440237,0.403097516794971,-1.06043250842698,0.881624076019258,-0.464008138930378,-0.553112853207615,-1.18208275915419,0.0608932171714529,-1.70464201342831,1.51865187667935,-1.36671727040861,0.937960693008784,-1.53064489852302,-0.308267485434557,0.337180689318201,0.953545369348566,-0.0672962186587094,-0.390004039553145,-1.07149509080738,-0.137284426770723,0.244139229547916,0.239377176987975,0.0,0
167782,118884.0,1.0417610049048,-2.1502930404151,-1.14438660850393,0.316097573231999,-0.875445904121764,0.482014792710597,-0.181723899517914,0.0956862327537082,1.29187718134057,-0.262690923732937,0.251707910966941,0.741217931754995,-0.258953370528679,0.142709295218595,-0.0062959809643398,0.53496454321435,-0.851071159549848,0.954116345884901,0.190326424596206,0.818717908469363,0.488414357986654,0.45141554213424,-0.323341371429206,0.334980347404301,-0.318097562595205,0.0484406478380635,-0.0891806203676205,0.0351027772916946,500.0,0
195128,130910.0,1.99543386070231,-1.75028054512234,-2.89454375579457,-1.47370584511722,-0.375249253640776,-1.32508702771002,0.229173249550117,-0.603768661698559,-1.9035552766599,1.6841189499097,-1.39927241231963,-1.87697049946858,-1.23655790306155,0.612530071555263,-0.441427849540533,-1.26178163839402,0.806055712186347,-0.0888065116617061,0.0152907911675288,-0.0817892562624951,0.215808572904942,0.562203198028978,-0.317452688266165,0.605568418069901,0.566553045775289,0.259271863893432,-0.127188238837759,-0.0471721260155754,238.0,0
57804,48084.0,0.656756538677339,-0.982669116549867,0.494835866764338,0.657579008909839,-1.27387390728309,-0.978993658986037,0.247798618223679,-0.240827768981037,0.524596762108136,-0.429943177018222,-0.0914976607141388,0.710777470490444,0.0338260673092922,-0.0675102145511614,-0.111972929902783,-0.289091784529014,0.281334305015005,-0.997950061446393,0.130138040905483,0.492636233684658,-0.0985348404880292,-0.776184390574455,-0.0972856377396964,1.00361027280213,0.0487907759062531,0.776467412712393,-0.119187908371918,0.0623182668216892,296.24,0
105703,69654.0,1.46681568139627,-0.534753208569225,0.102770241425391,-0.983109477959942,-0.5108678321975,-0.146844572795142,-0.645609898103419,-0.100517789189128,-0.663996666763809,0.587840251532561,-1.36994051269327,-0.75769126805248,0.956011618334041,-0.402498905875603,0.959294597485624,1.70399849618871,-0.366314431110537,-1.02603605194702,1.04241640427937,0.182520275682266,-0.0861321078380995,-0.362631718152195,-0.0917130029537924,-1.0055074833541,0.440283650479057,-0.328094168590954,0.0159777937094255,0.0140560097835229,25.0,0
110845,71998.0,1.26768641070668,0.202199903533898,0.247841512295524,0.646477346073785,-0.417701213338673,-1.08401802001809,0.133926187566505,-0.233097731363459,0.0761074119571032,-0.0139604280145366,-0.399660418409948,-0.0435405766540519,-0.34823446553109,0.413594791979652,0.980102137322752,0.151482369851353,-0.332761854756394,-0.280139426905317,-0.196957489812214,-0.128436386451202,-0.0045379706033449,-0.0005243982777934,-0.0622976244650813,0.408102483730556,0.514240179971142,0.399030293048936,-0.0445929568819863,0.0088805011067769,6.55,0
268801,163386.0,-0.793987124558456,1.664352688852,-1.39571969073973,-0.731175591489716,0.562389964099163,-0.371889469416438,0.19098393625492,0.886966870334818,-0.522783636646936,-0.824749997499621,0.458241389285789,1.11349272315871,0.794722242068492,-0.418303333889671,-1.0410556962975,0.851661262339748,0.244973931932972,0.399978196855579,0.18199418001413,-0.0090934885177089,-0.259081258129658,-0.795380697632533,0.129442460898381,0.105237425740491,-0.273080083397345,0.129235199354126,0.0890363736105549,-0.0070137696292421,10.97,0
56929,47675.0,-0.747323373753367,0.930564880418017,1.6088313259388,0.165747338076096,0.509392135296696,-0.434002691369762,1.18836561757956,-0.0291653100382548,-0.887876736088524,-0.778421590256403,-0.136234896063594,0.355324243761238,0.392415772132961,0.234311228680434,0.536876424353578,0.0294390065339493,-0.38749854344972,-1.10702093950361,-1.02172534392769,0.0058662183398344,-0.364881768896243,-1.28162623536566,0.126462397997539,-0.0076348296856292,0.293039589042622,-0.883607900200868,-0.0421627820712836,-0.0136079689335354,61.0,0
55270,46856.0,-0.617480781107268,0.829378630687141,1.24385664404586,0.623185758606138,1.00366441110376,0.0538914313512193,0.650019135208074,-0.115607988205485,-0.658104388485877,0.447323341218545,1.36544165125517,0.943773409750533,0.831453252435711,0.101408503676496,0.556871000175326,-0.466511740403518,-0.440059349438518,0.104592424179749,0.471134575783775,0.178246648027128,0.123511201183363,0.737355870638946,-0.288612382927532,-0.259811148422155,-0.273425167600878,-0.32567806780803,0.185189061070461,-0.0336391477208541,6.99,0
74875,55795.0,1.11569785724803,0.522567680593302,1.36165200749266,2.80247047467198,-0.62323627100297,-0.411756026272427,-0.0626948514453478,-0.0541107489015081,-0.403816280396923,0.477141351971917,-0.212325957235452,0.93891127254892,0.874601470693589,-0.338455604752054,-0.711793129126723,0.173912034664873,-0.142726840552376,-0.997027350628929,-0.786519196821254,-0.128686775645604,-0.317186437380952,-0.760696035328947,0.211803833902845,0.898263830664039,0.216008928278222,-0.310643502289337,0.0250900354602727,0.0379513255256789,0.0,0
42515,41133.0,-0.408107159028596,0.319658213534009,1.74265342691304,-0.158504935036383,-0.196877960382845,0.0535126164964595,0.188418518604973,0.179875923170974,-0.394632814854084,-0.415818858097714,1.56399861053541,1.29159812291993,0.504519420562185,-0.08046158706085,-0.287673869538813,-0.799520675489189,0.554758690023351,-0.747337620073249,1.50835374098695,0.210986406658096,-0.0949607246253383,-0.147842650207782,0.145273074833464,0.32006756152003,-0.845212273417687,1.26231399680292,0.064880635550699,0.127830645888874,29.0,0
93397,64395.0,-7.03367593866204,-5.75912985327217,-0.521022604569031,1.52841752364302,2.01167359100858,-1.01682916183955,-0.422023209431888,0.346285180156896,0.196841146732436,-0.346151888792467,-1.48492020398114,-0.32456010224784,0.398369332921928,0.349343492320649,2.03758993920052,1.14604761566277,-0.574130036712018,-0.150324702273955,0.545133539349206,-1.67647983633524,-0.809765189493402,-0.853509908938495,0.389502600918922,-1.18301073126296,0.457183678651053,0.272186770376507,0.003962107776543,-0.405035540067453,274.03,0
47012,43036.0,-1.46908472618598,0.164176264558087,1.51404228013462,-2.57942757935954,-1.29507724231072,-0.188201334660279,-0.573245110312432,0.345008381145143,-1.63617756542156,1.53218992872333,0.142905258806091,-1.0367341244876,-1.1993886338983,-0.463864802411878,-1.63044097597426,-0.345030541982645,0.428479443293685,0.39271250843919,0.0574346621835373,-0.254917409148309,-0.430623370146481,-0.805452593982112,-0.209704014841001,-0.0723918747246426,0.380924353798181,-0.451347305422808,-0.303170379864028,-0.0972350890897903,15.0,0
123125,76820.0,1.12615907681892,-1.64120795653476,-0.456088984213228,-1.5376939260347,-0.929609476732965,-0.0303389647415236,-0.520182004270181,-0.208427596915588,-2.32662277010422,1.49496376176144,0.367802382792491,-0.0073488522323187,1.73852624871279,-0.266534318334167,-0.206799342418764,-0.000376670050894,-0.184028753008759,0.740182120285421,0.404765654321355,0.258403958411428,-0.0204140316729208,-0.15619200229046,-0.408066122645587,-0.803545581208311,0.598609123194154,-0.088417552198772,-0.0220000385158728,0.0363091606762973,245.0,0
170784,120351.0,-8.05818266958376,-9.67387593083018,0.56842311658473,0.678751447910058,6.12195286524711,-5.83957470478211,-4.78519166674044,1.15168750856399,1.03282278940409,-0.881642521770417,-1.4841686714829,-0.0353222937304405,-1.05322904713554,0.885675062773805,0.482185083520794,1.13030062593852,-0.55576896001621,0.33928702632099,-1.65550236208679,2.61443542362059,1.07173810442983,-0.485026178177562,-0.254902098644362,0.106433952131877,-0.252052834502135,1.02523931946853,0.276377601348099,-1.42926830910975,14.9,0
233479,147585.0,2.08610062833444,0.202443494953018,-1.75469270823786,0.374553843397755,0.551442156330421,-0.775675037003003,0.228248722380041,-0.264912932607671,0.402649824361165,-0.397835265434144,-0.592689482802939,0.453441331349934,0.765605987760734,-0.987843053457657,0.142735514430806,0.330416846726607,0.378161347128266,-0.339329810075434,0.107171730231882,-0.10727412536365,-0.367019981183659,-0.918367332543797,0.312204583732221,0.39737849414047,-0.214528286773173,0.179065938372767,-0.0585377298439167,-0.0305517982041911,1.98,0
11307,19676.0,-0.0428145907519903,1.17669717581229,0.0433575773973023,0.604962922509081,0.0912936391833835,-0.161743801984147,-0.890933427861327,-2.58843348919631,0.595272140379676,-1.5761341449889,2.64067251745985,-2.73159432704075,-0.946616788376313,1.53093029918792,-0.248724255513045,0.530766942373397,1.86826458477601,0.71943002452536,-0.904186159979031,0.390577736881873,-1.44715757034707,0.0110652426976736,0.0299843938390491,0.0069991198586067,0.4139753936709,0.319339398352904,0.0390970445051252,0.259612107258568,0.76,0
90789,63166.0,0.783879333541351,-1.79827233465343,0.691273748819014,-0.448325888732312,-1.76296602407298,0.0989669180929316,-0.94224906251135,0.154681335234187,-0.227543165876843,0.570864737446875,0.685581702040761,-0.365181545016339,-0.657447363298801,-0.289433391989542,-0.180220018771013,1.55836022167632,0.0010252297396381,-0.250212357369095,0.78945141220661,0.620203436259737,0.50026170732457,0.787746417763222,-0.398119546209251,0.0520508477923044,0.335052110895485,-0.0710393821540247,-0.0145026798096587,0.0600124600236015,296.5,0
258621,158739.0,-1.19087647869392,-0.667284411384684,1.47202546538712,-3.18154369250589,-1.0752777900757,0.661007012868422,-0.344967318168226,0.424863582488824,-2.09572097707468,0.530739257065458,0.0857605672709955,-0.806540756794361,-0.0284878234227068,-0.503702765323686,-0.978766956630125,0.359934377400095,-0.157932425516217,0.709487252898758,-0.380883080635752,-0.356586822013114,-0.303626055442334,-0.61552629702082,-0.0661083652066773,0.218202118448534,0.310087388491153,-0.432588597291603,-0.324873574220643,-0.271558861053912,125.0,0
237523,149281.0,1.48322467011418,-0.292788394485465,-0.574647719742422,4.05694380194972,0.202241358749653,0.8789542318657,0.156195031341023,0.139909849670434,-0.545856069292693,1.27495650899414,-0.319539250079173,0.900680600715283,-0.0341073682293075,-0.155289466504379,-3.22579907541804,0.36610743905568,-0.480557130071102,-0.574418945284811,-0.525379029160605,0.0875097010843565,-0.21813580677149,-0.798991626305371,0.0785918438260427,-0.501435054786351,-0.188397201083713,-0.271061943654659,-0.0449893258529407,-0.0249794617312215,197.16,0
14785,26031.0,1.19476384124349,0.290584999841779,0.173779948618131,0.44433889490091,0.0859931617184149,-0.0763078704386954,-0.0619635306301477,0.0698085172804269,-0.296988217562681,-0.174416571314277,1.65970419938398,1.21174532131144,0.764432238552908,-0.198934446254347,0.605145374826674,0.45080517062821,-0.130594410482373,-0.217459304120131,-0.147196543981115,-0.0542771897246286,-0.223454971114572,-0.615363118300924,0.0992141246637663,-0.332372984574359,0.177009079603999,0.12512033457453,-0.0069169951197761,0.0150722761916736,1.29,0
151488,95587.0,-9.9188705937855,5.86833324485982,-3.39052320093724,-1.53857950829826,-1.24071277172183,-0.477322132730491,0.0891411260187072,0.782110781063832,7.81720528865033,8.84506357574119,0.0837478560255458,-1.29247240236213,2.41184465437247,-1.27141216344325,-2.11972514459496,-1.30248285217021,0.71774222808906,-1.37624993986446,-0.39807030651477,2.49704275635826,-1.88792697298248,-1.19297431265462,0.65932859318061,0.489924258809515,1.67134312775303,0.0174063015806169,1.11756499795798,1.59381430994443,0.01,0
61170,49696.0,-1.55411890550239,-0.846560853753108,1.97522393650229,0.070336644809896,-2.30933422386053,0.828994131659257,0.0711032840581872,0.603031335210498,-1.50360153649662,-0.190578425763691,-0.566586157035084,-0.23728502813521,0.95804667682367,-0.072458857605805,2.07730609288232,-1.25704433711578,0.399870661797352,1.74615162798273,-0.609304460230749,0.49081676594361,0.224304207998835,0.348879530706328,0.705142043953408,0.0722615236545466,-0.0310849777944668,0.775887941990338,-0.120300317111814,0.011796381557047,366.52,0
202409,134316.0,2.12243589249165,0.178200983342647,-2.04875666498787,0.0676326032853057,0.47957626298089,-1.82256882040919,0.876531908992146,-0.668740290905386,0.0888800465262391,-0.0022620079020102,-0.486625853081802,0.660350607871781,0.645387157481055,0.668336911234116,0.288673721234789,-0.68363031587819,-0.289773048548789,-0.644235158586136,0.0939310242049751,-0.187288761434298,0.160447551823064,0.639139640525686,-0.0542441806688614,0.126533488662967,0.460980797141823,0.234745463503349,-0.0820281331897701,-0.0761918581346106,8.78,0
40897,40449.0,-1.37809268776245,1.51473289502504,0.022223382827385,-1.11727105950734,0.225031273711522,0.307254562042817,-0.0664560742988601,1.04356818106924,-0.355486407051787,-0.643749971876554,-0.764105102718377,0.803987723207685,0.656697248724333,0.454666138995161,-0.985229676038154,0.894068541184382,-0.868400679578497,0.478692736176914,0.676010481963346,0.0162564835888859,-0.196620713967468,-0.589976265417993,-0.194455039014544,-1.36115302708452,0.0995095090027748,0.390419165470955,0.155771078098385,0.0874511860764596,4.0,0
70498,53893.0,-1.28281532463225,0.892554397657826,2.31836329643992,1.16842314971373,-0.858625733074817,-0.0280834578087732,-0.363169712159347,0.73173311280048,-0.740448345561842,-0.181197163379659,1.28315963728799,0.801433513463367,0.312182565544411,0.401966722487852,1.05628214741374,0.428329120407333,-0.30883982708161,1.08538405365223,0.651633048446686,0.313796390597423,0.269679582126415,0.601377653859066,-0.119923584476034,0.531776666720864,0.174633249197804,-0.194804994585032,0.237025271176207,0.0501173171608661,45.0,0
37741,39084.0,-0.374507123574203,0.377190842613323,2.50237856741184,1.39063754149803,0.214110935761163,1.41653486643503,0.277324335181658,0.0444100752127902,0.646786360771524,0.112064991684977,0.41673364991091,1.09687544685942,-0.186730823219404,-1.06810016671828,-2.02501544765572,-1.53059358937139,0.549157725876798,-0.530745134939678,1.72395836785347,0.128074100460662,-0.356151648981378,-0.255961398380862,-0.141145286019696,-0.288177090746471,-0.434550678922663,-0.505419926118748,-0.231551827255576,-0.290977900087708,10.04,0
30884,36119.0,1.4338978154716,-0.172280796680359,-0.028949622080297,-0.596170370727033,-0.672938419294941,-1.55738537635578,0.0613189886934457,-0.50281674304657,-1.36889125991714,0.649990301176487,0.281425549500498,0.172987586208885,1.34460448232483,-0.121936101931587,0.257998169221989,0.571097479614651,0.452631747953581,-1.86555214974217,0.505046745412395,0.129390129951911,0.224264623389399,0.650961440898034,-0.135810680241138,0.801996935882321,0.794451131880767,-0.109496317018244,-0.0193906707504739,0.007449411450294,10.0,0
61427,49831.0,-2.84635358059911,1.42988985561245,0.0037452740572482,1.46068071215665,0.68249023650025,-0.695129569586499,0.636575812492174,0.180491302315783,-0.815404512368308,1.00893684999665,-0.69312753914487,-0.287380458962738,-0.384687166510986,0.402978596608128,-0.112198752853758,0.430733601725449,-0.426257205218094,-0.913656927878696,-1.81456159180428,-1.36110756949359,-0.0948329373909529,0.370425280499533,0.534354376132526,0.0720838515508189,0.238263491532278,-0.228695950763895,-1.55862195160681,-1.05188725195254,3.19,0
260212,159452.0,-0.169307354037702,1.12690491796664,-1.26652106818095,-1.05975580319809,0.867740653842819,-1.06511705018968,1.05808481916644,0.125039738547578,-0.729550448741038,-0.56705473071489,0.644126175461072,0.416288372114739,-0.841951995454392,1.27472792425581,-0.692227306514401,-0.249813448696659,-0.43816536482671,0.2030927531962,0.167401552981586,-0.340917457396072,0.314979473953693,0.69326571453794,-0.203852322094588,0.796325394674888,0.192706958855325,0.102776487068002,-0.316825822494127,-0.0972236422294845,8.78,0
257213,158055.0,1.94395372643321,-1.66526597629775,-0.160880656915558,-0.650764232756074,-1.27218776786536,0.825805683241033,-1.54479923020897,0.233190415799586,1.06182590455868,0.398137307327396,-1.9860487793936,-0.0694452487071388,0.825185005314729,-1.45179724494334,-1.23351732279866,1.02952045707233,0.261188656245176,-1.12018048572968,1.13093310692688,0.249748720111618,0.142528963631199,0.508749001765518,0.0689424769735744,0.0915231880054894,-0.22785765814095,-0.181669889198793,0.042885410709068,-0.0170944627421974,116.43,0
30115,35779.0,-0.908173128239553,0.202759648584068,0.458576977770034,-1.82220417807336,-0.180609411457641,-0.828804527626258,0.249729837649226,0.0671447061367744,-0.645817070025173,1.05536499950454,0.40851014625076,-0.931077612144509,-1.64799298252048,-0.0281949396096511,-1.45661123342882,1.01568815373058,2.98416856625971e-05,-0.809329963189509,0.544608972540322,0.250269871196231,0.181121786679662,0.757241786741978,-0.0218848889836691,-0.0185746562019393,-0.129693658069374,-0.307181318022129,0.593313032319947,0.395593000629211,20.0,0
18899,29851.0,-0.450769099833684,0.456759957340169,0.266180101800577,-2.48530034372274,2.47047346685997,3.22422797269131,0.242154177527323,0.733877020720999,0.0031976838545114,-0.455694901339864,-0.174084583994538,-0.326602202971318,-0.110078563580832,-0.112305187297443,0.729135329964978,0.844725992932831,-1.27613495201929,0.0739738801294217,-0.309245859873013,0.222244663957523,-0.188771538236314,-0.468806078349276,-0.151169864223207,1.03682428408445,-0.211752204751483,0.705799398350023,0.0973868731178328,-0.0556077424331698,2.31,0
138308,82588.0,1.25685082959026,0.21905605841446,0.502079555922779,0.624939023534159,-0.511642349769211,-0.99834952466176,0.04043730264076,-0.185893574208672,0.0982455038331335,-0.0562373095749157,-0.279419711423699,0.181362207437383,-0.0347568333727735,0.309291828391476,1.0708804995887,0.320719007738012,-0.404433529013271,-0.497546586751667,-0.115536343013112,-0.111951176664881,-0.260664329517333,-0.774879155948493,0.13858078637296,0.365218430754753,0.205488363575488,0.0958458381372307,-0.0316958223071638,0.0185353981836929,3.59,0
280139,169346.0,-4.41674402797458,4.23027172309828,-1.39359973815067,-1.87746234999623,0.776661788907221,-0.735974524719524,1.89468685017722,-1.03395236432558,4.82570297369718,6.67303803157923,1.4435559694275,-0.43250068844184,-1.1578572724564,-4.23029524528301,-0.977757393948896,-0.541755572305058,-0.0096791110799377,0.542511241143218,-0.425891662939957,3.16094426950474,-0.88571302318352,0.119402885210815,-0.324555590289784,-0.581662022383453,0.739041972527046,0.510956114022588,1.55873374387735,0.251445003181789,4.79,0
264810,161601.0,1.80618999951576,-1.41998702402375,-0.596785059717766,-0.434908690817116,-1.17232778930444,-0.0256421946233006,-0.91007586685833,0.146790866756267,-0.123552017596134,0.942900723277602,0.498523037908727,0.0929285299728489,-0.91951729203401,0.26272660227533,-0.139284283933626,-0.802605184818757,-0.42494090095339,1.54293569505299,-0.545590610661888,-0.351173339000816,-0.505630379477049,-1.34342686806037,0.443079355586433,0.679690754534034,-0.86941137247329,0.167516575328414,-0.0572051053394592,-0.0196088795634847,150.0,0
85633,60862.0,-2.27879857546981,-0.80249750730913,-0.591195440554207,-1.21518216938996,-1.27901139870288,-0.425282839593612,0.69386141634293,0.265057293361187,-1.29984567103868,0.305276862893131,0.226154884569041,0.438305415074532,0.0507072568598984,0.43873908981905,-1.29149240945246,-1.00814025218059,-0.161145443271702,1.33222606783411,-0.630214546721481,-0.920592023870795,-0.40664944428235,-0.394923288768112,-0.540662834253127,0.112350927326282,-0.716518284986528,0.793992212850699,0.133777875226685,-0.611432062261792,317.11,0
167389,118654.0,1.54932752601528,-2.15880019932814,-2.81284093611193,-2.95336264958483,0.227638905437002,0.65878815769314,0.0063010997378843,0.0515442053887046,0.577416802581633,-0.471110568812367,0.931089971090212,1.0070331533196,-0.192984305344776,0.876219810958384,1.2177586931472,-3.28104502982651,0.564869648886432,0.692244419939162,-0.274645721425676,-0.0565668919382198,0.0245995205939668,0.133369383790651,-0.198872515498558,-0.940770718010599,0.0989656867495703,-0.649923175824188,0.0144546303072692,-0.0250978548225254,319.98,0
215269,139999.0,-1.9261416517197,-0.649108946922862,0.77416501167298,-2.39653624680056,1.04809801957994,-0.589206470300037,-0.576958269599895,0.66360096921012,-1.65722193568469,-0.238938135440393,0.294374625464262,0.100614950284395,0.633683658322597,0.116170015145039,-0.951180870966901,1.83502901143211,-0.411006644781817,-1.04024946062507,0.698364314720328,0.524293169205124,-0.145149186331209,-1.14717744970886,-0.181659751903214,0.0455859240717347,0.47907871651062,-0.658006376581091,0.13272565006785,-0.159230377570373,4.98,0
97619,66299.0,1.15992014387526,0.0126945237866693,0.550110258871944,0.522142549990536,-0.514969404073846,-0.363160653056956,-0.252788242295801,0.182168450592444,0.0740439449231907,0.118516947466602,1.54157862010832,0.134571417769922,-1.8482196014269,0.878877895355205,0.790247419315398,0.242034887178772,-0.205626787048111,-0.31444011524964,-0.250770716387426,-0.25179905237201,-0.188444538109308,-0.645225383336597,0.203764812929131,0.163477292246841,0.0191337973352249,0.101046486782945,-0.0291969489122824,0.0030148251103517,0.99,0
135139,81123.0,-0.361068503032572,1.09545999165775,1.11279765500556,-0.139999426179751,0.547658847390006,-0.738418266216187,1.06320102879717,-0.232591104518207,-0.814174200650089,-0.52148518491574,-0.838722939191512,-0.0051789484453531,0.613472098863649,0.184057555723494,0.545809557065551,-0.0136393998650644,-0.471419039602728,-0.207622382172127,0.276080575243726,0.0113923274830322,0.0076098596928448,0.0493917082718019,-0.318126693321271,-0.065668684472859,0.141457310935409,0.352861722833167,0.0470091691175996,0.0987617924784986,3.5,0
188717,128099.0,-1.31306374091328,0.809765954399973,0.954442430749153,-0.438847591370711,-0.579401197251825,-0.173512206520866,-0.287566667247263,-1.080964018904,1.2071682191377,0.444991796219797,-0.969916136810356,0.347876992699502,0.744648352618961,-0.76312625250242,0.488452132319959,0.366073558645294,-0.654347422182545,0.125743566803252,0.0480600349090998,-0.61787757233375,1.01628663526418,0.565965695072256,0.509377678020088,0.0584597896035041,-1.70899838168371,0.270519066655148,-0.684376683811813,0.284949373844801,19.5,0
33933,37444.0,-1.31671216799861,-0.0315074373340758,1.61473343769133,-0.104266243493492,0.838494795214066,-0.619286499207324,0.387864373523865,0.0406990994474373,-0.0222268360905713,-0.76324203498832,-0.617923794338631,0.545691599330855,0.29788058419261,-0.290034255175992,-0.626169235507205,-0.442784822643001,0.0154455354304961,-1.10889334703163,-0.669309520041074,-0.0831520577641045,-0.0697213708364737,-0.154320622537776,0.0956876756814812,0.111581543584197,-0.0645991651586368,0.110358929852918,-0.0909558560486742,0.230291804972819,26.22,0
148285,89665.0,1.96363600094949,-0.331041949648538,-1.26010806929833,0.356814775180075,0.23370192435201,-0.112310127750769,-0.040158194892816,-0.160279086497802,0.659888016963416,0.0304518442235384,-1.33047354957699,0.555077670247274,1.10865874303726,-0.10115986883003,0.258616335844196,0.273361080225624,-0.746103018157932,-0.233380160370982,0.111265821468504,0.0209340086362637,-0.0376998925027762,-0.0833904629905113,0.104726251574506,0.131810832732435,-0.0824852702782555,0.223491778367631,-0.0514785060624827,-0.0401513920589247,69.95,0
94519,64929.0,1.22772528034652,0.22370467703451,-0.0460157616862698,0.84260605197353,0.321143264810512,0.119650957006021,0.0933432559489021,0.0078587697363568,0.0990315024261399,-0.0586407235836036,-1.0574508028866,-0.0842870177154938,-0.0058407285008431,0.373594907813673,1.28002997544427,0.141351141609452,-0.512354369170075,-0.427741693331285,-0.260385765372512,-0.116658995549833,-0.204983846393014,-0.588378104731522,-0.0624621256438793,-0.96226063756823,0.521614057350701,-0.461550807536564,0.0295326758214267,0.0153304089872939,22.24,0
174049,121740.0,-0.68307895932749,0.120764279306512,-0.770902007718321,-2.43449905758819,-0.592805485480587,-0.434215248327336,0.949358370201491,-0.0432876678289931,-0.865524993159793,-0.419760385832851,-1.28101347357257,0.384321748998256,1.01468843293232,0.0876054245754487,-0.584753165732685,-1.91116179242054,0.124937517030841,0.541627737433907,-0.278286197335848,-0.811709213306117,-0.470006864325117,-0.701074295675639,0.426065211237774,0.627443012717128,-1.02343748362698,0.242042576129502,-0.0558298473573067,0.0700131138978157,163.35,0
141052,84098.0,-1.93281474915094,1.00044135247927,-0.541804931307976,-0.718966987087657,2.27614977144226,3.4667881629718,-0.38697619679146,1.71620249042145,-0.676427456119785,-1.01916320451166,-1.04079906003266,0.211713878712552,-0.261408705877902,0.620024442797676,-0.761150804682733,0.29203254079184,-0.402554789342793,0.0824701643301997,-0.125335882134395,-0.298307145374911,-0.0268197758438972,-0.492684431407985,-0.363166680284137,1.00591002301312,0.920013385638521,-0.433185755584248,-0.454485791917206,-0.0950739715227239,18.28,0
196521,131550.0,2.04685241291757,-0.467108161019262,-0.711211253156052,0.245934047144429,-0.254533992412037,0.210518469765662,-0.722553995296149,0.118003934264196,1.60883145179731,-0.15009718301368,-1.788181363768,-0.154803633145838,-0.394848391274088,-0.127271374869519,0.644794701606043,0.349038057176084,-0.756275129374083,0.556417835528608,0.0664062414843828,-0.219326493121172,0.128328015306823,0.572371083097596,0.0747614852585744,0.0376609030018672,0.0011976861912822,-0.200204064370132,0.032416289916746,-0.0390827118417301,4.99,0
169024,119491.0,1.9846377584172,-0.258985303977493,-0.263005366875431,0.55424314136549,-0.655437451201077,-0.695028863598951,-0.458637016072738,-0.172035339034012,0.846117178185838,0.0611617345940055,-0.632870002197417,0.898581268228181,1.41118513099059,-0.307387535946556,0.716291037487671,0.461070585510466,-0.753310541520299,-0.0191203612514391,-0.476803437813526,-0.103884525308972,0.207138060883885,0.788842912263071,0.155360698914757,0.0919051994633645,-0.246095562319746,0.350360481976486,-0.0064326291744159,-0.0399315294926375,15.0,0
72306,54650.0,-4.64477495540944,-3.32305626185823,1.94623357093375,0.134816829164665,3.54463100205624,-2.77766511611822,-3.97413132569512,-2.40581804820972,1.58076041811347,-0.113018409822298,-0.803419337302064,1.39908882846362,0.859394877384917,-0.847996609615829,-0.881606580584566,0.362527559799903,-0.132723605523244,-0.972965512011986,-0.125501973680823,-2.83531954595106,1.41969517077935,-1.14670052734622,-1.66373949434092,0.701599198173084,-0.552933816106268,0.815392253560556,1.4767225975747,-0.364253258777576,20.0,0
131544,79639.0,0.245512070918749,-1.19621390203816,-0.149661752580279,2.6713454322959,-0.113615377955572,1.04880669832225,0.527067488083259,0.0730084190482132,-0.570579386274977,0.457056286789938,-0.288206461111725,0.624743087731542,0.442431958948732,0.0700291555948071,-1.22579298282031,0.8814225229754,-0.957709944927749,0.304819088648934,0.035173492700739,0.912408343983166,-0.0051805324088511,-1.04518948261941,-0.541488986712245,-0.95019912841026,0.371953223369334,-0.152357456332448,-0.0898093606522962,0.0895422766815786,501.24,0
137979,82423.0,1.26637251643174,0.295637493055521,-0.163339637475494,0.922411423192611,0.328070419786133,-0.0616952370491115,0.210233140328966,-0.0568265461492757,-0.131033525736648,0.101032922964215,0.351944456412056,0.909053616084812,0.255806523488326,0.333437799614896,-0.643743824600241,0.0152044373257895,-0.681323433598324,0.307480143574526,0.538907876589356,-0.110214114651167,-0.0370172572091233,0.0492648041697557,-0.270902426799304,-0.496558352013686,0.943173800223505,-0.241662903072889,0.0081732280200753,-0.0048902930618655,1.39,0
211298,138351.0,-0.908182458612988,-0.95423617502455,0.213742672962233,-2.03933053050127,1.12548647510996,-0.473733992116244,-0.492977665936652,0.283383386881154,-0.829888437023643,-0.650774684082992,0.363916506579263,-0.937501180023367,-0.477250114719334,-1.92120330718066,-0.967365759536624,2.26744512337594,0.609194679263162,0.506094814651774,0.0689142417284565,0.414188378399988,0.444234726119189,0.809646177762273,0.0444442773070221,-0.0414569117820396,-0.277254013231333,-0.265022189742892,0.120174095445515,0.22421218898748,69.0,0
236289,148749.0,-0.188501413621052,0.969922661511425,-1.28237792959057,-0.648254324998207,1.00431000388127,0.22819699939282,0.3429464935399,0.54304460013469,-0.014104588377348,-1.04933687769405,-0.44763745953869,-0.248014124330609,-1.17968133851937,-0.691006998561261,-1.43136355420682,0.539311240566774,0.420076702967128,1.05099910452328,0.342632980544321,-0.298573431882755,0.155740981983741,0.407852469460104,-0.296303009353102,-0.410743355154921,0.0732900664806144,0.661695375867475,-0.284670185015907,-0.075392336337478,11.5,0
131284,79543.0,-1.31613652031974,1.54984763845798,-1.16519529440934,-1.08531195817934,1.80163524158541,3.22225646476929,-0.549624477731688,1.66730310422241,-0.641539867422357,-0.574761872804646,-0.280345374339553,-0.0186696134871344,0.0534118280637914,0.264934970801479,1.04352547919598,0.927967387202717,-0.168279609527274,0.377900283384229,0.279914340094112,-0.0410799368744048,-0.18389565443159,-1.03040458869716,0.0786400620358033,0.932629968743429,0.0067677609301758,0.054077108218088,-0.407711855911832,-0.0406620840485725,17.99,0
239093,149950.0,2.0425110780709,-0.0885034998388947,-1.36830173768654,0.170163730302888,0.161782188800042,-0.739049395981388,0.0777451570995941,-0.191882547622597,0.406175483209751,0.174389711696125,0.74496853928314,0.866798852165488,-0.0105734078866361,0.651336701636623,0.151993510303786,0.056697516164395,-0.831364591426937,0.498164317885532,0.086926455200509,-0.233582380099644,0.294495394179498,0.990796353712448,-0.0452712230664073,-0.358845671074435,0.250749931341774,-0.0955784454385819,-0.0175263223612067,-0.0717790002772612,1.0,0
75453,56076.0,1.21607500005136,-0.546588264686795,0.351639512705708,-1.0653204286039,-1.0196458438957,-0.868842931135411,-0.331434025160405,-0.0063825933527592,1.89121862336553,-1.16894330864252,-0.283990364969623,0.298487717385419,-1.6265011884221,0.211371725759766,0.650043711349233,-1.40208664123202,0.819664877635308,-0.799946744196294,0.623648866819184,-0.22614423559284,-0.0359124304883308,0.190517958494073,-0.0533282044882594,0.443432864395869,0.537544135223371,0.1546478199199,0.0177973013054217,0.0068045736099362,11.95,0
89092,62422.0,1.16220085908452,-0.489832465075731,0.668504853952827,0.0487934628529126,-0.647024302132277,0.249937092716859,-0.500545941238633,0.0279152240974831,1.0714025035072,-0.518241115252446,-1.49197921867497,0.93288980405577,1.47040640206031,-0.862245871432967,-0.363441506368122,0.126932866970044,-0.30218636908879,-0.450772825643364,0.824787215578918,0.168008789286808,-0.248108614059258,-0.528082486101594,-0.119147155755603,-0.535105823031159,0.294408472271735,0.995557500070566,-0.038449652005791,0.0176879640363592,71.98,0
50828,44667.0,-2.44784452387362,1.97970975641233,0.900146525003123,1.59451880459509,-1.81862223306635,0.850376722380993,-1.58489443290956,2.24369542076608,0.0946864937623892,-0.621105076448707,0.0240498355401658,1.57603013303181,-0.949339250837902,0.686374796184108,-2.10283427158073,-1.03300896910111,1.68405991482332,-0.416612840409753,1.47393708788408,-0.27348489086674,-0.149311554484548,-0.461225954858577,0.15328020773146,0.207583273400746,-0.0166273411968197,-0.409590400981394,-0.227248237261506,-0.0239657617895205,7.0,0
100472,67526.0,-0.479887020509091,-0.530552968672994,1.10249903626267,-1.99000755973117,1.03167187180372,4.48576375173532,-1.5095125400068,1.22818996390105,0.123227736845501,0.0959825816967796,-1.07936681258876,-0.58082315338422,-0.0849681331676402,-1.43213384642621,-1.38206414380631,0.754963952327043,0.396669328561275,-0.761869439224275,1.53758184584837,0.174727452389798,0.196828979749561,0.652599282275948,-0.226400760507649,1.06615741483319,0.163149110130308,-0.0958569443872052,-0.13327049756214,0.0682834402742165,0.94,0
52125,45285.0,-1.14615341744984,0.720282308588602,0.0070228518260925,-1.67081381534248,1.99355392927189,3.41648462802212,-0.530339487071715,1.35023995413157,-0.29188435837191,-0.704710576381212,-0.477702250855393,-0.084567719301695,0.0534252892886602,0.307796537500356,0.815302865486281,1.1691171851858,-1.13729338595314,0.408998899213761,-0.474554171511699,-0.14551374257614,0.0297880854530679,-0.366671713391276,-0.0866347313955163,1.00789912016122,-0.286668284569482,0.120636362798699,-0.298787162979825,0.0439923634145396,9.99,0
234265,147902.0,1.87196262619112,1.21454699596428,-1.60753896650631,4.18023559740884,1.01862045455049,-0.712667608613779,0.533767043023247,-0.210408213381956,-1.22130884232457,0.268840567791694,-0.138164370759845,-0.173951553077816,0.680295483712743,-2.66337708035646,-0.650290268020571,1.56678888527354,1.42430695938847,0.198312928685694,-1.82433929166615,-0.146218897766474,-0.401958566816889,-1.10229725556433,0.298899341947437,-0.308358822489331,-0.246210176894899,-0.342484130862256,0.0031356749546629,0.021300487601648,17.35,0
60370,49295.0,-2.63492220912744,1.62296869115712,1.04891234090512,-1.08881495432949,-0.459044355626309,-0.756114206288752,0.541945688769666,-0.508512833233891,2.11337024727348,2.63462284170258,0.288997341026116,-0.791689611437513,-1.49827960588739,-0.802863554716671,1.67807621358038,-0.347989139697139,-0.20228988749393,-0.862023494780306,-0.432189372241998,0.485170851141139,-0.350477954046609,-0.208300380560588,0.275492241391774,0.393432055175154,-0.177303199962532,0.798596376427302,-0.31727017171515,-0.0516091277798119,4.53,0
200436,133435.0,-3.08944566491973,-2.51580392111892,1.20502262990961,-1.76768115309941,0.594350327909436,-1.13086939786508,-1.00828303332975,0.744071622025826,-1.27267877397743,-0.349791812846995,0.481438750112522,0.102702887076593,0.455444218410122,0.0279706359244173,-0.598213749066743,1.9730569921594,-0.340291636397698,-0.5946132545096,0.157332293224529,1.16667944294785,0.384737469046321,-0.229528035669837,0.0809993080840998,-0.416667601760999,0.496684537790661,-0.402766413803662,0.131158622024741,-0.326898408720566,167.56,0
64323,51109.0,-1.51472996229638,0.496829153416011,-0.611456001411551,-2.08426600540995,2.40025889786017,3.03393820080837,0.202974803815639,0.926497510067929,-0.194820594074621,-0.203019806045232,-0.254773924321369,-0.19303469431102,-0.0547492960275156,0.221582633799054,0.620911261526129,0.754376033761355,-1.00689497626166,-0.124931270677887,0.001334199550493,-0.130342035400835,-0.27312217003422,-0.703611532692694,0.316161874088283,1.02481543453225,-0.115474168183361,0.625510360177798,-0.360799738323781,-0.0982684953693674,39.2,0
1783,1382.0,-2.00605360931797,1.06509350866492,2.46215558322432,1.40249482241031,-0.723036610886774,0.151776582305966,0.447397520249442,-0.695231864969085,1.87172901054399,1.23578031326568,-0.861189399204112,-0.10315627871721,-1.52239752738082,-1.4607755801743,-1.53020883727577,-1.63493668113481,0.713979107199694,-0.843040445379357,1.26207361010232,-0.363358189312692,-0.27091781354849,-0.488208396670946,0.0714015534187806,0.882623999710538,-0.368854709176453,-0.726079776380086,-1.90881014272996,-0.217978112007991,11.84,0
33614,37307.0,1.20137032604692,-0.656739663198905,-0.179832674191871,-0.0790463683290757,1.28510292811064,4.38780541047911,-1.35245958992406,1.19321191368457,1.43617096361655,-0.426244302830489,-1.08531657006625,0.628667440012659,-0.315208188598194,-0.802577023266428,-1.54455172153122,-0.33776143762135,0.0258073302199056,-0.359958466103202,1.01610856872899,-0.0119453706777367,-0.373907089255546,-0.76907666246092,-0.0051207758783587,1.06184927890109,0.503818169851148,0.422247597756598,0.028766464100406,0.0152716529228807,9.95,0
27575,34607.0,0.992385290773471,0.066912955318238,0.309060080912388,1.12853899861732,-0.150412930165133,-0.40588111998436,0.307754636179934,-0.146586195101259,-0.17165831538381,-0.130190622576052,0.0628912409931359,0.872335907265548,1.02156354599151,0.230113431711012,1.14138691229679,-0.168275014249028,-0.230637315572622,-0.876229184199889,-0.688604510139341,0.102108667063996,-0.0771790240091609,-0.371738772780372,-0.0200544993928841,0.0804791593412981,0.380795245625936,-0.547980107587973,0.0223265968755485,0.0434585053803661,107.97,0
243290,151872.0,-2.68386851688928,1.93221373718685,-2.6625645280674,-1.41032462087308,0.83102403065205,3.53548769858285,-2.0916252371701,3.18878386306934,-0.166422198221953,-1.48837177872164,-0.674431574176616,0.494319636059979,0.0946952011890017,0.0870297830241575,0.580102589075358,1.2513875181845,1.0164344150581,0.781236005334927,-0.87106609120195,-0.366282784649591,0.394023618593357,0.537843990870158,0.0144316548132726,0.658638626237418,0.136806118046604,0.654350248581707,-0.599163012393091,-0.215469789479731,14.95,0
74976,55839.0,-0.160758670878265,0.342723376013783,0.476724829546224,-2.72851331412981,-0.370546614016116,-0.15155110022363,-1.05161782879204,-2.5606095863608,0.763840623691823,-2.00760535272962,0.452731035442033,0.722789623897229,-1.12973376646222,0.93935177803018,0.511388118993117,0.70989137829933,-1.0019802403089,0.718092368261331,0.0374392580765045,0.454444035138348,-1.36173447146214,0.0314646733897919,-0.156879911578743,-0.541195453065576,0.917122193319873,-0.220156249682158,0.0357265360817963,0.203307330254217,0.5,0
41969,40900.0,1.35827027086658,-0.869599205255536,0.424366240808704,-1.61872738532164,-1.37786870713694,-0.806478077483046,-0.785006651399083,-0.0744667371428786,0.565059520364352,-0.160508899786671,-1.01120601728769,-0.35313448912669,-0.551160088071159,0.182963143743859,1.89979726336121,-1.53928948039265,-0.216470719276758,1.80931301830815,-0.155184228661537,-0.504149849404945,-0.435239411131017,-0.775220671126596,0.0201431656457815,-0.194404276331297,0.347993158348609,-0.749658952367008,0.0887950480493028,0.0373331557900984,32.46,0
44303,41884.0,1.37512961006158,-0.817845419491449,0.617188286642918,-2.01242627843266,-1.66849652644637,-1.40974467644984,-0.696658955924867,-0.273566323621397,0.334286394624364,-0.267197372426562,0.0272859390770859,0.701832828267527,0.932968567536123,-0.10592476378456,1.7195818221294,-1.91261618183025,0.0768940078086087,1.38935417929056,-0.363845589918626,-0.429600812970463,-0.177243483224002,0.113520184536925,-0.010171989970635,0.7633218044167,0.396986991038273,0.0649044109684738,0.0500268508789063,0.0301186885611277,15.21,0
37052,38788.0,-1.0684421296868,0.942418150005973,0.95324036399217,1.40984889542163,-0.188389818404259,-0.130370763851491,0.0926555888122115,0.593983644461142,-0.0928371998271229,-0.146747372313316,-1.06938663392804,-0.637047189422941,-1.8821199121784,0.651937164779528,0.393068262134213,-1.01235188667723,0.884420516033544,-0.421703984445125,0.747642123623634,-0.149090685860083,-0.0103734993461104,0.144260194265499,0.134144354540668,0.0326135459591038,-0.138855519110708,-0.227685664206045,0.199142845465736,0.11433677434373,15.97,0
223654,143472.0,2.01666755765121,-0.287314918752882,-3.1030769429489,-0.404007735411919,2.58746555867045,3.29842096419977,-0.488544161514549,0.796339271007484,0.631788751785479,-0.450397911178434,0.0242143447170586,0.151827418365227,-0.389268252156911,-0.970413693304654,-0.116139610623892,-0.200751946815731,0.831687028549976,-0.130527962992621,-0.181367484919504,-0.110497386813747,0.0610120835306416,0.367363333753576,0.0149024598809504,0.686780399693124,0.238215000308953,0.746373080480691,-0.0359288824030081,-0.0500213065891243,12.36,0
254835,156933.0,-1.89543454568598,-1.74913514395705,1.14847454582512,-1.21992924453799,1.95565132779028,-0.929458226391332,-0.506192102342807,0.165517508695491,0.162342213202177,-0.964070653359996,-1.41802004593077,0.31904254922722,1.51535055869725,-0.44199373113947,0.412950489389269,0.792838760536492,-1.05308733270662,0.250698367131826,-0.284166561422788,0.795610883609583,0.395924345758741,0.423624357775678,0.311300910267422,0.1830274069484,0.0054593973379357,1.23704935267737,-0.0882066206127268,0.161545778923731,120.0,0
259663,159217.0,2.09558892094593,-0.34176278929375,-1.20867305406251,-0.0915517237773399,0.20356072029011,0.146260548593948,-0.381170577357641,0.0277668952875835,0.731109160034773,0.217201771313086,-0.360258304558201,0.572607548823141,0.22127032376565,0.152566284783604,-0.281724768074958,0.747591365688466,-1.15435268607776,0.550893453760801,0.725833008112691,-0.158203992275833,-0.0599645122358694,-0.022725871431112,0.0560735833621634,-1.34654546045538,-0.133746783433717,0.604446260551357,-0.0599817531436274,-0.0806834803190242,1.0,0
169106,119533.0,1.97372748978006,-0.354851581317584,-1.3257123533452,0.191388557912651,0.370326617676638,0.190142692633102,-0.11205129073937,-0.0685527648813165,0.448408324540284,0.202053126943857,-0.190150247516672,1.16750285385548,1.29932498692484,0.018734768331036,-0.476408747999258,0.626947130441174,-1.22177240734455,0.414814278177215,0.650685308092703,0.0160740544503155,-0.0350361602605735,-0.0364462205367648,-0.0156946211036722,-1.33354855378131,-0.0411282776281249,0.275377343307731,-0.0472676771722469,-0.0649968799000786,60.9,0
175950,122566.0,2.09160633589584,-0.876309709146106,-1.44160961530976,-0.945910372003092,-0.355049879510032,-0.7852966884247,-0.262652576346054,-0.282429942233179,-0.520195707329171,0.75559035284591,-0.650110041629631,-0.460703838919207,0.284758569716676,-0.0237816886938593,0.166242250887504,0.889950804364047,0.227795561903168,-1.85152816519808,0.714624175447115,0.12847566093235,-0.0249904217522587,-0.278602765190496,0.263351382401894,0.590217667835433,-0.211351290964243,-0.457376648049109,-0.047880326573808,-0.0391773007745475,80.52,0
282692,171072.0,-1.43152330352256,-0.518896109387739,2.2692723628538,-0.79715531227595,-1.29274685803528,-0.0151353329683409,-0.885484314932574,0.674022407195945,-0.644219390773366,-0.52558307159936,-1.39256637254406,-0.196047700585968,0.461773740551958,-0.262808533633487,0.962622057315947,-1.09646414598251,-0.0747594835349635,2.13264514422617,-0.825908913773597,-0.173085665280055,0.0317494728237814,0.211636150265412,-0.0918579722085267,-0.0430048013615099,0.296606243807596,-0.0648339846066114,-0.0011593554332853,-0.0563926541098873,92.4,0
243649,152015.0,2.08103648788778,-1.64809289521461,-2.50832729314465,-1.80050862060629,-0.304583581974784,-0.610940801826313,-0.247077473395778,-0.311436331491508,-2.03242008201849,1.85522932222329,0.0948741024864504,-1.15676575162266,-0.84945802328556,0.61692763521438,-0.621663711306347,-0.510354215160592,0.158130870574841,0.549395883818422,0.392347920037521,-0.154059228741378,0.0200331775328683,0.0373217874404001,-0.117208994187473,0.0730322314830244,0.22036506419079,-0.0143420417410762,-0.0955404634961966,-0.0573809789907495,173.0,0
23133,32608.0,-0.347076851933903,-0.162311405888118,1.10328078965536,-0.764222411085393,-1.22074653989555,-0.516695090798254,0.923628556471508,-0.166672904432779,0.890241636791825,-1.33244157042684,-0.521013167024411,0.25242066390061,-0.387802434413895,0.0852204506269707,1.28791817644565,-1.6279856938316,0.868767828647292,-0.0496354802119244,2.89581192131569,0.558153704181056,-0.0428624433924521,-0.160299078303102,0.417895477130306,0.409961987885024,-0.456379096687365,-0.0366595513394999,0.12725490387944,0.173071702957264,199.0,0
127582,78383.0,1.14727674116495,-0.167754675123909,-0.0615539713020204,0.432496733521784,0.550133026394158,1.5864492563935,-0.408337396250756,0.430324180442297,0.521462317417989,-0.308623111849856,-0.381940654848961,0.512963128944861,0.058171684980887,-0.223253340393105,0.0215084703507411,-0.616311200090649,0.355672120162786,-0.946689752677803,-0.232305191609397,0.0418624859571971,-0.0484536428110218,-0.102315409061316,0.104541925605518,3.71150141422106,0.55145014581142,0.295788480913221,-0.0264477767609393,0.0471492922923265,38.3,0
208354,137083.0,-2.58094559713616,-1.76942237039494,-0.881522079484764,-2.89040786536201,1.86440014871722,3.63927594249126,-0.352519750110413,0.968165013477512,-0.47335299926987,0.26416839464962,-0.262487535247995,-0.778435129163721,0.0756301901579909,-0.514861165325997,0.08571420316654,1.46662660886621,-0.260868374964512,-1.23003472599174,-0.214019694841492,-0.610764298755132,0.0802255581882403,0.983360881523708,0.0163814613416385,0.793773379922323,0.160910558367499,-0.16297750813662,0.153954401657202,-0.333570676313322,199.0,0
263614,161036.0,1.73696027544051,-0.544345992556413,-1.0938054183282,0.179450938991837,0.727020403161048,1.69080515062766,-0.45234214080922,0.492737360215559,0.416302504910307,0.028881716194122,1.50300844234265,1.61097233947927,0.659185294102747,0.285864714304719,0.610155232896391,-0.879711657350427,0.324375667913424,-1.76577180779323,-1.23909763691815,-0.187707646530429,0.142281628707177,0.611907734670164,0.227195224014601,-1.79875058671044,-0.477844811565986,0.35748821133443,0.0227435850857325,-0.0729900867988326,54.95,0
187581,127591.0,1.93918281940295,0.0120768312317202,-2.043307609918,1.09852182384258,0.631194924126534,-0.888093606100833,0.656128037519749,-0.255582471209466,-0.12779133624198,0.562601427933405,0.338511453646201,-0.183901573179544,-1.87209658933108,1.34954457942211,-0.245221403747167,-0.0703550435558452,-0.676131307235872,0.338493595914412,-0.022006869549845,-0.268703144219957,0.165978837038895,0.358476050126748,-0.09621154340443,-0.511110659639611,0.402377524300413,-0.474005743527009,-0.0550028163338025,-0.0722977688842754,59.7,0
258986,158906.0,-0.106381229262087,0.914315512781908,0.258847952065987,-0.605389213249833,0.467907321375471,-1.03650556160727,1.01208864511948,-0.238103113083924,-0.0277655869602876,-0.318833406358921,-0.810405785896357,0.336413815679983,0.348475949937732,0.0138510838309004,-0.383722847117136,-0.178664987756322,-0.379426649682287,-0.885517772257325,-0.152014445025956,-0.0451660154484572,-0.235978144218826,-0.517005427923648,0.110948790539377,-0.0122289271242399,-0.496514399366789,0.130795364467548,0.121701606593895,0.0907148251978472,3.58,0
138471,82664.0,-0.27154908978748,0.510426417055144,0.730711409954496,1.31134507277316,-0.493311019002948,0.24746061360743,-0.276351240051899,0.662896403885081,-0.562028622013103,-0.0373354487298803,1.2517204586231,1.05162564830309,0.491833952400205,0.561850519111525,0.85904564001119,0.0612900049309058,-0.17203426615504,0.541923221658658,0.207009475264791,0.0518160014394312,0.464712913217092,1.14949163803041,0.350296470299492,0.0309642350815778,-1.15428590223195,-0.378293060569411,0.0796515364116192,0.0277038328911572,71.1,0
51436,44945.0,-2.97338325970625,-0.478363906133546,-0.272008949356413,-0.342853381794969,-2.64091586006716,1.10827599179145,0.332892554239873,1.43170866817481,0.457254180743442,-1.29340615695714,-0.112172396770865,0.464919644080875,-1.5393829207083,0.666068625726398,-1.24555667414195,0.747216928501777,0.241636988717228,-0.0459467529103449,-0.0941862569345974,-0.882972934771746,-0.1352999050078,-0.0204529853993923,0.667589204087997,-0.240755429859971,-0.845763513112663,0.707724708597231,0.288635749020135,-0.608534674755054,356.59,0
276221,166964.0,1.90726085760588,-0.20417852273577,-0.388060393067114,1.39639937451505,-0.204939947542996,0.218959635485639,-0.3634728602177,0.161882554117121,0.952655603879005,0.154877877153642,0.13444659717766,1.28966100775664,-0.325855709786405,-0.068364413797401,-1.8369831192081,-0.189526230696341,-0.356858690523393,-0.361719099929476,0.554063967247706,-0.286673301303061,-0.489972571218216,-1.13892388648493,0.393874881019863,-0.482676394492271,-0.322800683628586,-1.09883376589807,0.0533467370938198,-0.0445805188686207,6.72,0
198487,132510.0,1.72955233411272,-1.7436447301667,-1.03885816638955,-1.22097117572153,-0.273078871417219,1.78153489516279,-1.29294574929145,0.539872330651371,-0.0873190152672733,0.730095329747872,0.916352879279269,0.0111956112357269,0.109894893918525,-0.169376912673947,0.778522198078102,0.962013130495909,0.297193549618152,-1.48152964201894,-0.280078144302921,0.268576006609885,0.576483535849514,1.36379342158771,0.0147122028294904,-0.905592165504838,-0.404403136206489,-0.0014934019440555,0.023611265818734,-0.0370593461067031,177.0,0
253150,156111.0,-0.791751351097143,0.895656671647734,2.07645927185063,-0.429812359796282,0.0051954161974686,-0.322905411631163,0.528282628882365,0.063225159927112,0.0715916503538838,-0.861342652100815,-0.699404293448336,0.50722510923144,0.853843286336159,-0.305860416393355,0.640942829905143,-0.155750369034423,-0.349519647855792,-0.174475116690409,0.331159283139857,0.203408587452695,-0.201323827830344,-0.390646609425837,-0.233457250917912,-0.0276907029643992,0.385675001073163,-0.39876462242967,0.324553991138788,0.139183877714864,11.24,0
279968,169214.0,-0.176344371723825,1.10963106052008,0.486426680370333,2.46025416559226,1.34110874491174,0.470384192067062,0.795907963776191,0.134187419324997,-1.39952946817427,0.907038226431392,-0.036371594808566,0.45186114324519,-0.0045119332669872,-0.0603058462199334,-3.08605659266706,0.875454899066041,-1.16754121394043,0.0155161463013022,-1.87073980793491,-0.365437512540698,0.261026781258646,0.774330017734449,-0.0629828554113373,0.759469168230624,-0.620176477240317,-0.234376422893542,0.0011576478055239,0.107108951876297,8.64,0
95981,65550.0,-0.934075850165292,0.622866611452488,1.22164059653564,0.836148286390157,0.285327957830015,-0.0578202620736969,1.49988602892372,-0.734926669930985,-0.0693631672055969,0.575683878528253,-0.0565175500579551,-0.255934214699369,0.0007370517050831,-0.225431695327595,1.41700944866042,-0.748082467440933,-0.181611043668143,-0.435250860188618,0.13065715612909,-0.245406598255171,0.032967810394101,0.70094142233778,-0.0665855268836299,0.10747672109311,-0.371084835363465,-0.396461376616241,-0.567926177361283,-0.228503708234455,116.71,0
99403,67102.0,1.26116824567925,0.255426688934524,0.0299761209693697,0.419964940983521,-0.014723755934107,-0.364128096717886,-0.0581086917833945,0.0102996115744922,-0.118753893391254,-0.101002251777145,0.94810099255268,0.481236061337713,-0.143087555103508,-0.051571594251052,0.488251841615593,0.894632396727236,-0.483016329375547,0.470388345457266,0.353118253779482,-0.0729238154291993,-0.285682004324415,-0.877427026890177,0.0365419781060459,-0.408304876871347,0.264042886156089,0.120957777454979,-0.0304763219214149,0.0128315052237365,1.98,0
203618,134892.0,-1.26376079031792,1.29448906710729,0.816623760045519,-0.850284417869966,-0.217859950069575,-0.602068945173334,1.50956064497304,-0.185160957527778,-0.32194793435051,-0.731523933324396,-1.02484149511593,-0.153572784098468,-0.368832298858079,0.151288772264056,-0.408705049329991,-0.191050913604601,-0.155507977453674,-0.748783078160823,0.23058788850963,-0.255958311820477,-0.275897399394712,-0.77166675400936,-0.295357289732015,0.06438555031433,0.493862664207971,0.415651897479741,-0.681238003152933,-0.283493616577421,109.46,0
142900,85004.0,-0.483359838284234,1.07428286971877,1.69082065217946,-0.0129901148881529,0.0379191698314989,-0.583995064170373,0.717559173519432,-0.0090208243430067,-0.58019200451802,-0.390254427150711,0.291062937777252,0.694606059011269,0.993229478420525,-0.0162927950248143,0.962322897321824,-0.237221339564131,-0.0557363716307163,-1.03392969238541,-0.475470139140738,0.128441788750008,-0.164989650736619,-0.335281406522088,0.0433907537958223,0.408992911951116,-0.273948736134949,0.0770939306322673,0.287833311759643,0.123357175076095,6.28,0
28750,35140.0,-0.227260002261755,1.33275538653115,-0.697797698399296,0.667522838093902,1.10304618767188,0.677044094160782,0.416526103922078,0.590640148953485,-0.932286026897992,0.224460647296262,-0.402047180882495,-0.0273133969488858,-0.290647408108196,1.07673578591354,0.495495819931943,-0.107994185334517,-0.437311736090148,0.638403853698711,1.26056812053884,-0.014418356983705,0.151146559047341,0.522342741322267,-0.146590916581055,-1.70415688152468,-0.683439511186417,-0.231488603414692,0.383428396488142,0.209668033936026,1.99,0
99610,67198.0,-2.94398646686297,-0.972985170739999,-0.629090230038433,-3.31519948991787,-2.43731031183911,-0.234058882787306,1.82286402591496,0.558223113740522,1.36889766298204,-2.73864008507782,0.643887490019453,1.86396563766784,0.527686808922369,0.457655775052283,-0.495354996130861,0.189404434813705,-0.69592732185877,0.746711127007099,-0.122563492280761,0.131977618773982,0.171232012586161,0.459657058267418,0.168438658156161,0.0512136741394821,0.440800351906312,-1.07957125384016,0.541988227953233,-0.246723041853175,531.24,0
10014,15058.0,-1.07873896002972,-0.236943724674433,1.86072511133461,1.79961004447335,-0.766743496975283,2.08837587811883,1.5440024843026,-0.0125258565349381,1.77802076046465,-0.985177777117172,-0.712780623577991,-1.85500326938022,2.53654037320096,0.215902083325105,-2.0763837453215,-1.480555378748,1.39994676206482,-0.50807045881729,1.31218197262915,1.09679160844845,-0.393090710922935,-0.736287837823405,0.688259542462659,-0.847812983881673,0.204743120605215,-0.400483976767802,0.125350501891446,-0.0230988388246724,397.89,0
70302,53809.0,-0.511264985285752,1.07239248278379,0.489729465256371,1.25846102912282,0.390888779501178,0.385752358977445,0.119455303327576,0.537358266191264,-0.417148075582076,-0.266006920198466,-1.29321078093839,0.705691811635197,1.20286396732741,0.027136261857222,0.131761075584633,-0.844487194938262,0.409714338123191,-0.536589001403913,0.930138456097338,0.142417540685302,-0.0501000788433411,0.093802953483556,-0.157529104109217,-0.730360942482456,0.192837311693948,-0.168727939605249,0.210975179667554,-0.0269165588831043,9.99,0
35590,38185.0,0.86799304547025,-0.822283066199339,0.970439745642749,-0.0300444960480329,-0.417871778807298,1.98265810419424,-1.03196478236689,0.800363058028897,0.965343775243533,-0.4932117551411,1.81375949553367,1.48763953174445,-0.463453446147011,-0.167449414576266,0.124515329139179,-1.16876210180236,1.11603836533405,-2.04084417905616,-0.812254353946164,-0.102612164932345,-0.0302722378579314,0.141730123154093,0.146380475894009,-0.949301181925305,-0.239970306800655,1.04870718333304,0.02097013970781,-0.0010457315522887,67.3,0
3274,2822.0,1.17569499359663,0.114254376321434,0.49459954281064,0.459371825288783,-0.283004144250052,-0.210278803585684,-0.157351883267167,0.111676081776713,-0.13493435030308,0.0755881610770332,1.60867774011667,0.850247491975698,-0.338720261896159,0.573267472180861,0.643629381215741,0.232959024667987,-0.364688793621648,-0.428052211331476,-0.183075925770072,-0.15092508145917,-0.185102970665047,-0.562422367892044,0.160712112595653,-0.0024232082629364,0.0965069809651912,0.10888912563913,-0.0198156373283151,0.0040736319017031,0.89,0
156392,108029.0,1.94123220760095,-0.385014982714646,-0.158604071267193,0.452899887829737,-0.707433042275985,-0.559512662987355,-0.610280533882006,-0.231454634861003,2.63028416411517,-0.625770450818001,0.130336907794942,-1.42033035869318,2.98468084871663,0.971386414766967,-0.359369105462839,0.0174390347718686,0.186030955922582,0.325820167459767,-0.353601703403284,-0.107513115341417,0.113386427556146,0.832525826954352,0.0613381735843459,0.0031649773768903,-0.105453123899013,0.139852896347605,-0.0086841100549315,-0.0418416062200559,39.89,0
65821,51761.0,-0.692398463046843,0.396550928886028,1.30708829253762,-0.235851342293071,-0.0291165924122583,-0.315527361502536,0.332617942225692,0.20096967240123,0.676122532696656,-0.485984002015687,-1.06156575711083,-0.562643370672831,-1.86433736259998,-0.0617540682207933,-0.604137173253526,-0.399862001540004,0.188934502269032,-0.767594693231432,-0.75510282342931,-0.192362462124119,-0.0264717022349404,0.132615180502543,-0.0990390314673143,0.0917901014026768,-0.128753625434693,0.383112758489019,0.146274965436553,0.103750307866874,24.95,0
66074,51868.0,1.32819593727845,-1.04130167672401,-0.26919138480096,-1.66481194243251,-0.259521303996645,1.00351608498831,-0.877795414157594,0.318843186616983,-2.48348985951059,1.47228704416863,2.19924789816477,0.15391928195713,0.260250918695567,0.277455116423636,0.658278096046865,-1.84782002827006,1.61635454541725,-1.70721122407312,-1.38721822927325,-0.464235521819123,0.0002848491544487,0.519262478327182,0.031357581727572,-1.01904279092389,0.337679862967305,0.0280063651957363,0.0646440046372717,-0.0180880252688234,15.0,0
96995,66037.0,-1.52195641187993,-0.556579234379604,2.63042804310833,1.1762453851342,-1.40277877507783,0.940748335823531,-1.42794333759949,1.08751365703455,-0.111637935355308,0.0769651998785463,-1.86995122942497,-0.358298912476066,-1.23255165371172,-0.595970674110769,-1.00439587568352,-2.68322328886795,1.55381783646148,1.08929089274358,0.263109981871068,-0.153553521984606,-0.34540103342766,-0.390536757378218,-0.0410997218173879,0.032337874446441,0.204976482006641,-0.0495998624252615,0.317364821230615,-0.0055587251864717,55.9,0
103263,68572.0,-0.773503470469927,0.910016102125943,0.742760431624221,0.125145382124713,-0.514361933710287,-0.853311613326939,0.885779770755757,0.189997695634168,-0.779116835675696,-0.763101966230037,-0.661307033444069,0.066134516523571,0.195506530993111,0.555360816849176,0.60312668820737,0.14201220850327,-0.204652668633951,-0.0759547109275069,-0.0752827735215863,0.0808181222222153,0.236145744257518,0.375273992410953,0.172286413956296,0.410054898127578,-0.296155209653627,0.282512653201559,-0.0588396486385009,0.0973801065588913,117.44,0
100865,67649.0,-1.08712399003243,0.356939398494703,2.52057308991138,0.145458565941613,0.428278776862349,-0.619264566211718,0.557116708540077,-0.0284825934249285,-0.512414717230653,-0.345587052672797,1.24088266142469,0.317298567123237,-0.620409774923991,0.124185960889569,-0.0982717469695119,0.590068967287696,-1.02539925722894,0.620867519080105,-0.813309403458428,0.0962578611019305,0.145946381587201,0.299830949267516,-0.229543406111667,0.510518405153954,0.429500766093417,-0.505430612867505,-0.140028955119824,-0.149293660875019,29.65,0
210750,138108.0,0.323400171148781,0.229062539407819,-0.277181762713445,-2.01680922932455,0.417770807244035,-0.706088236835321,0.513074802292804,-0.346203172120908,-1.29501528150668,0.294623173866374,-0.895404236226522,-0.429569708268091,1.41692450974236,-0.419636435969011,-0.176912046709382,0.972481160382875,-0.189562402984681,-1.20303371045165,0.32223465003867,0.0785722478278897,0.497428833006508,1.38141754364192,-0.269038887090969,0.559952026977514,0.0783078092778446,-0.037475968053233,-0.122618299855802,-0.0122723575791461,15.0,0
183050,125635.0,1.9277020016709,-1.28481756049096,-0.580474090926429,-0.626397971691599,-1.20539450007551,-0.682430088993975,-0.701940170031739,-0.149360803599081,0.146170474757129,0.584159074765559,-0.869502798051233,-0.244016221505086,0.131214218884465,-0.493267450303362,-0.401974378722961,0.890968330670239,0.416059937814251,-1.90617036652976,0.829787798382265,0.179609175230532,-0.14039789310164,-0.576973914886381,0.32212410132042,-0.113024019468079,-0.528393020087927,-0.577633487419002,-0.0096988523055937,-0.0240547013440176,126.72,0
119449,75447.0,1.19133985775513,0.332312205021336,0.419437990842079,0.717528237898657,-0.323431841067682,-0.784280178709899,0.0302070698206819,-0.0984664917910729,-0.0268457307967771,-0.333508528855336,0.483831824496316,0.544774329474043,0.369400572640016,-0.283617453390957,1.29783052819473,0.0807422799779055,0.378822591596958,-0.881456114757804,-0.680795686578433,-0.109949787769121,-0.2363451376085,-0.637269818662707,0.196901245973679,0.366056841318816,0.107466159645401,0.10324100033309,-0.004628453247631,0.0310995438227338,1.29,0
260476,159576.0,2.11505339104171,-0.0817332670303599,-1.52334590046205,0.129179462650269,0.497379298993054,-0.303498133850855,0.098763179932722,-0.169377957689164,0.570631860938722,0.0576834270834864,-1.33411445850799,0.201832777800222,0.238953738729287,0.21689028891954,0.179528539509259,0.068053079911455,-0.514743452079702,-0.696263660670257,0.352357945652481,-0.176548897448099,-0.335731501261856,-0.859276154671929,0.295819174520346,0.0243681756987564,-0.198931366456274,0.210609597621314,-0.0730922868389021,-0.06067777938176,0.99,0
143136,85145.0,-0.111787497490177,-1.78130923218573,0.864800358160238,3.08572429686377,-1.48987593862329,0.476519925835289,0.118972576591152,0.147889256140825,-0.243790612487722,0.459332371786681,0.90972201407741,0.455795220465443,-0.596570524012385,0.172212811055266,-0.4222905046191,1.03580037865296,-0.69291342448864,0.711219442783689,-1.04255592785978,1.06132005649094,0.533342612702521,0.185517533027181,-0.566232700327215,0.569912142763446,0.0875165403925052,0.0131085617398422,-0.0854820084774586,0.131686398703582,616.45,0
30138,35791.0,1.07981135365858,-0.0354176569164869,0.451974213793931,1.3563301204408,-0.392016491759029,-0.0173390664587456,-0.157411779872545,0.236828951340828,0.33911889098607,0.100286957322249,0.979722180439579,0.149805291186279,-2.38498910762768,0.702706421297126,-0.57319183784885,-0.483945969278865,0.209124679379693,-0.284221358389714,-0.144618732169228,-0.294990870353861,-0.0531100745147608,-0.0886270198505093,-0.0356094139479181,0.187143093358808,0.52876225870259,-0.33715000184807,0.0198001430164524,0.0056953485960555,21.95,0
213550,139300.0,1.71512468667233,-0.305984412558077,-2.17522801201414,0.202085910109287,1.22324911925785,0.408893145962266,0.647666839833638,-0.0571589157954208,0.0464454801500217,-0.213312850569225,0.408852733745618,1.1083783676315,0.738891441561755,0.76607959245997,1.40911516447951,-1.86681997972196,0.81493133039286,-2.49018707521931,-1.57012816813823,-0.114532245240543,0.302304738422659,0.958641350756573,0.0044525426371139,-1.31353616864821,0.104020072992458,-0.0508560608479402,0.0015909947704182,-0.0645133681298412,113.84,0
204714,135411.0,0.38337819521999,-0.816542568778593,1.17509420210482,-1.84984355958582,-1.25299713326816,-0.244422011456709,-0.984286423030522,0.0341147868622172,-1.77799435274809,1.2407280141459,-0.599682277391303,-0.811984243979559,1.2003330837561,-0.728525283983183,0.924092332419426,-0.412434505616742,0.448031061446026,0.497219289564574,0.156609085506054,-0.12638271398186,0.13791201624022,0.789443240503622,0.465721520476219,1.06499087973058,-1.91005795719684,-0.385189776248873,0.361552807418223,0.321841958722996,34.05,0
254695,156866.0,-1.13326512299258,1.16617020176893,0.481807474958557,-1.06929711540794,0.191013309827184,-0.405079530407525,0.334029455001736,0.234787915697431,0.919417376299479,-0.220859829731677,0.839389916581289,0.44719801000472,-0.188515424605417,-1.48535004189746,-0.174526492409646,0.896923866001947,-0.062253553069759,0.969244360072681,0.0043067923472959,0.349694253977318,-0.378879973851645,-0.640310850498992,0.0107503877718661,-0.55613101694739,0.0333449606951813,-0.227751901240222,0.636710903815037,0.276462107720892,15.68,0
17821,28942.0,1.26675614071558,0.0110502386081507,-0.249838951686007,-0.518457642647808,0.379681721184812,0.195235758583636,0.0519250260089867,0.0456273239368536,-0.190985702688343,-0.114327455321157,0.86459454765874,1.02224714570147,0.73609519960751,0.407146547477301,0.554544463819596,0.413271016069317,-0.653369991696985,-0.671345718076242,0.714616722843357,0.0131443061907657,-0.508886821425934,-1.52784051072681,0.140566529970477,-1.13860918929904,0.0219285185516008,0.627908600278572,-0.0819296178976486,-0.0139489489813197,19.98,0
151629,95833.0,-1.54561776629963,-0.816175556037164,0.353971039417767,1.27092889652247,2.12619085402632,0.911802394197347,0.135849794813241,-0.0302199026691936,0.927475291032778,0.523396776487307,2.556411379299,-1.57480586896747,2.29177137541665,1.59876059145701,0.77838699464528,-1.90945763979991,1.70084688741714,-1.01592202292845,2.10025750962386,-0.396359818530581,-0.526523079302271,0.192257479039417,1.43280954469436,-1.43406412800819,-0.919527375039719,0.659538231591696,0.437566740066633,-0.239579092865188,0.89,0
240680,150705.0,-1.18757132523796,1.60942487796757,0.117473908680908,0.784571242296575,0.330674790898542,-0.539494076123449,0.893377323028865,-0.650812522343262,0.395044961072086,1.98967310706599,-0.245633116642383,0.613910868780773,1.61583654900151,-0.547622300439468,1.27067990368788,-1.52020887491649,0.441900471726233,-0.731621588078725,2.73253829988914,0.629778124626335,-0.31424663788787,-0.165154792160008,0.233282833363769,-0.022254578367976,-0.855796058751865,0.505257337995852,-0.0414603398383059,0.290941634493284,3.59,0
258412,158643.0,-0.206072518523268,0.26216699322347,0.593689744088827,-0.826614465592507,-0.367455853630347,0.370048433192956,0.606189184545633,0.190188636311817,0.636724639760381,-0.513130630157176,-0.291542909982468,-0.779191380324213,-2.45276514097045,0.574021180356891,0.134893648396065,0.458749780554932,-0.761614296262537,0.837221393545577,0.919338858205658,-0.239962731241119,-0.113446313879821,-0.388868324674691,0.18759718546322,-0.894069384861321,-1.27680781978558,-0.355991712799903,0.133620401962338,0.183395988066397,116.92,0
154997,103983.0,-0.959028067432961,1.12297433343776,0.652306511719634,-1.60872757350181,2.13821905198682,1.29440802207955,0.944907529481145,0.425900767527375,0.52264754774686,-2.07067178113598,2.23885053318888,-1.98236564701833,1.26440362725822,0.69636920274807,-1.34027374340503,0.0317535073553305,1.31095909554329,-0.86756591572205,-2.07275222678668,-0.290045370323067,-0.400987253996277,-0.924756356419311,-0.292535570620339,-0.896422588683657,0.438279182204746,0.171609044484659,-0.0495401081622864,0.0283459652060412,0.89,0
124793,77427.0,-0.65020025197846,-0.0117595515041048,1.96127182197447,-1.63207068479732,-0.405180148281944,-0.913609278012905,0.711308676309564,-0.388130249488953,-1.3991122129123,0.0888316318544526,-0.632856083661577,-0.522031370524522,0.352643130383156,-0.319164643962661,0.374164805359379,-1.22110446248862,-0.356366862970212,1.10580952132429,-1.27366212658886,-0.223312685539991,-0.256261299832696,-0.272643447950433,-0.190410376773398,0.415639303063106,0.298724659651302,1.01171887551863,-0.223762007230561,-0.16851419007541,61.78,0
12475,21866.0,-0.189378312658354,0.645069422757376,1.88341221449668,-0.30138432736349,-0.450268142558033,-0.53600818448552,0.0900211145474055,-0.093588090759427,1.74498868606973,-1.40158250861651,1.38614269376157,-1.79650264420712,2.15479747502159,1.65920031340898,1.99174342590706,-1.48446953666982,1.39822112720238,0.0860574143169005,1.58928573072557,0.127102605928396,-0.0921316764032682,0.165035561286327,0.0483003538335042,0.346162433769979,-0.606866070297926,-0.732662880267045,0.227408952879248,0.163953167673833,9.85,0
76432,56566.0,1.32161948044721,0.288065711603977,0.179571260628813,0.415798293406406,-0.0007354075422123,-0.494944304223735,0.0964764870926759,-0.196618665811991,-0.017094652857965,-0.0872793515315017,-0.830571836702161,0.51304171547645,1.25203109754783,0.031543687891698,1.00629537405465,0.509989775122078,-0.772837324998464,-0.366089464958297,0.191869860844878,-0.0173114554257124,-0.303998480512683,-0.833536824917518,0.0241940580583329,-0.438734033023293,0.35636724440446,0.144013945112018,-0.0248179237506857,0.0120607856508584,0.89,0
186573,127163.0,2.10143853569798,-1.64597528211461,-0.756645665333566,-1.60911513126708,-1.32313485584034,-0.154790234920763,-1.25859146092736,-0.0368809574623237,-1.41303580827667,1.66332531723036,0.800595590446936,0.240685487660752,1.04391137908089,-0.472482750828437,-0.793124653887376,-0.24981256026347,0.147058918258342,0.462635493941492,0.0398652885675735,-0.20772903608941,-0.0437896325786973,0.198716457313942,0.215634502359211,0.764414270304244,-0.304748604326166,-0.242026876197168,0.0083451743412486,-0.0330148823006746,88.8,0
45567,42405.0,1.38113269171372,-0.292587993628011,0.0184849410124844,-0.798929020678066,-0.524180593943142,-0.73026239747094,-0.128556573070251,-0.223505569651845,-1.51267840140015,0.809713373264498,1.20088764849742,1.09631522200661,1.31009510928642,0.246959201326181,-0.0886900728965114,-1.14256699497334,-0.374054168052092,0.812022955228585,-0.0768688193016119,-0.381101874952888,-0.760624862008604,-1.77371135515004,0.220843839518908,0.0085255166980365,0.0360520852727274,0.622526949771814,-0.0737480209603353,-0.0017304154647838,13.47,0
14884,26162.0,1.25598201697422,0.322606351439247,0.294688911942642,0.696554644942198,-0.407661796982493,-1.08034649838075,0.0577930138882951,-0.17916649809989,0.0978296719479318,-0.270145296083426,-0.144098461513032,0.0049398195197587,-0.202333880208724,-0.20236195841635,1.14145719170667,0.500250828381398,0.0173137626787958,-0.244741427555737,-0.193550854256104,-0.107687743263431,-0.292775285999836,-0.866161862621331,0.133670693617375,0.328072397186889,0.202217520393363,0.0961645552260047,-0.0259225046363442,0.029880443825241,1.98,0
51229,44849.0,1.22541915622537,0.346462408834956,0.300533017766798,0.700827384893857,-0.333988984454312,-1.05318926584152,0.149222382387819,-0.24234847568105,-0.0608076361083032,-0.307942578741132,0.0372110222895963,0.556677314864022,0.832282411590668,-0.40393136535682,1.02975705166841,0.452301276594543,-0.0392099206208567,-0.369974974341219,-0.207727596118294,-0.0090960030568737,-0.270835685764887,-0.789011679707859,0.107849353145024,0.362724947444574,0.230541833084739,0.0906522966355093,-0.0221890441543722,0.0349423028489521,17.99,0
223049,143226.0,1.82177158123399,-0.554863816211461,-1.32141251379179,0.558137313844721,-0.289481494185949,-0.99503332655795,0.186854507678614,-0.297443007860391,0.97761909712459,-0.101280648298365,-1.03799168373058,0.0417468464261119,-0.619553501119283,0.402448821644274,0.350572752604127,-0.406990258539878,-0.258944014856431,-0.0042916430564196,-0.209312278843216,-0.0591167818799315,0.367891225217052,1.04277226306067,-0.164158769835208,-0.0341684568410079,0.287831480306536,0.0003101089728995,-0.03037397357816,-0.0412255063565638,120.19,0
190220,128742.0,1.79528759612693,-1.38094214979156,-2.84243402211357,-0.822135271996833,-0.0189010964320555,-1.35408369956961,0.630266724488092,-0.534888119762332,-1.09532279764552,1.03880054080011,0.389775425231117,-0.885561544068711,-1.55263891472165,0.962723369248352,-1.02224595055285,0.466602378490682,0.254758214345774,-0.913601659939119,1.11503989983225,0.364875188011003,0.639147903321315,1.26196038797165,-0.49346704462432,-0.330004372997517,0.644854215537228,0.28293476277899,-0.156741393032836,-0.0665295792025008,263.0,0
27571,34605.0,-1.40950862913422,0.483586334704797,1.52511990040913,0.357425870272778,-0.747668107272638,-0.396602247742009,0.0042373193428416,0.464948661486806,0.201956670933219,-0.612658402753167,-1.03216096612979,0.369408614824565,0.299612280000934,-0.223818332570485,-0.185413671497862,-0.0116725557582093,0.0281370836713166,0.0229750197447827,0.107167492607341,-0.0184870043086886,0.162192038859992,0.681671643981782,0.122484965706941,0.45912786536028,-0.0184560421634521,0.45484412257474,0.165788690460292,0.0855892395446113,69.99,0
159666,112784.0,-0.300911352134733,-1.61120320279281,0.593418360145051,-2.18408111933098,-2.17671490936669,-0.0779204471130808,0.901314475862959,-0.258129817270606,-1.97891383775531,0.457301645620328,-0.973872924859491,-0.576618028324896,1.49201604828549,-0.878802391745793,-0.468582865547692,-0.194336038448239,0.178973157358148,-0.0071341560814052,-0.445045118600016,0.533159372515295,-0.0835502350295379,-0.47645362689735,1.14151132607239,-0.0510675677626042,-0.662738920287001,-0.576404572918399,-0.019796538277997,0.0908272267226296,405.96,0
188004,127783.0,-2.59679656305676,1.44929286125386,-0.31814872380312,-0.428105739759596,-0.390528822808004,-0.0345314914661452,0.0929462449445051,1.00082441440536,0.730074352814488,0.289158222148825,-0.311317021917999,1.17184377778286,-0.441604606797035,0.104951462113032,-2.60936748676724,-0.414219152860669,0.207221324574964,-0.419406050347387,0.762068968861149,0.168367094310501,-0.3844754094703,-0.661907500194925,-0.0770182360498797,-0.385113799869789,0.186976013342632,0.127462200325459,0.358354256182967,0.418058535134793,38.83,0
67883,52736.0,1.29525235284571,-1.37066924522228,0.591329045617183,-1.24223647269938,-1.87908141939852,-0.899607123094645,-0.975494463593669,-0.171152924202667,-1.66113747698539,1.38215987713697,-0.526913036532667,-1.15705329242136,-0.0523096082568961,-0.236516813940104,0.833185650925557,-0.147100349715673,0.463773473510575,0.0105760506192501,-0.270154032576901,-0.145163553027946,-0.310898021244185,-0.815102924928473,0.0923426536881852,0.31620323319679,0.0714604538463781,-0.419212357626236,0.0189998266182185,0.0470920880439449,120.0,0
59927,49071.0,-3.15892491181752,-1.20168321752026,0.306720582925318,-0.638005290481873,0.275907351008674,-0.286120382255004,0.1391845393705,-0.0392717105609521,2.01999284126919,0.413781360920315,1.14125478985567,1.07834387660302,-0.368705789998802,-0.379374643166685,0.561396630224467,-1.58186473135115,0.397623817186321,0.104024050976137,2.22215944930108,-0.543635801518397,-0.391061996332688,0.6396094935054,0.251737008481639,-0.22947277461659,0.621194674959303,-0.494775485080361,-0.397997967578876,0.392481248676968,51.94,0
179661,124183.0,-0.0338603923229306,0.0929908562200634,-0.0542758378217115,-2.33000557920144,-0.589431073903188,-0.0561784973798077,0.756030517603993,-0.236308287559773,1.75560580813398,-1.28692131993427,-1.90825906737053,-0.158804223549986,-0.008327873646396,-0.217770650281235,1.07390288055184,-0.288319473741429,-0.693532609241033,0.927463919057777,1.19585570384799,-0.202095617922762,0.372858242432816,1.4069393651938,-0.142925448326351,-0.926973772843403,-1.00823312279042,-0.121913151909525,0.137490638477228,0.207145435070479,138.8,0
63208,50608.0,-0.988271459874831,-0.932178345868813,1.71748186558829,-1.6947366584081,0.957518351538483,-1.14928680968349,0.649517458469057,-1.02986813964942,-0.496941815162171,1.37892327915035,1.27977380822597,-0.699431017217522,-0.886329995359425,-1.00822621753123,-1.34953562043473,0.656160489083673,-0.342229915582904,-1.19710391840524,0.470287983444967,-0.0276678301375514,0.010248492522036,0.694859344924737,-0.62155900671596,0.373755412431302,0.377671455150909,-0.382606125053223,-1.06637431882124,-0.700200589505941,18.0,0
178602,123701.0,-0.222226454120812,0.859955559346237,-0.752384013442753,-0.978748507142177,1.38319664030287,-1.01021408810421,0.970148385097544,-0.286515595209492,0.245066096955636,-1.07213866605412,-1.5468462209913,-0.762244959110483,-0.312095718946049,-0.975462972082421,0.311359192438879,0.775176194254485,-0.295986225425478,0.908660007536839,-0.81411626914211,-0.287898371619403,0.177878246205426,0.479713718138352,-0.495061227625267,-1.08768718427577,0.51318971273623,-0.174674177164762,-0.301035146726103,-0.0301332178838444,6.29,0
62015,50089.0,1.10003051112525,-0.102982499525178,1.1112628263902,1.29238101480646,-0.933712941357491,-0.115089400418707,-0.540140196998778,0.190514319697894,0.60733692609967,0.0137700850774989,0.943947379229943,0.842635166031876,-0.771626202829064,0.0610595770104621,-0.58947069078671,0.0704304227011597,-0.326487562593869,0.506942570502716,-0.0193174646489188,-0.162888888366375,0.151510837517023,0.592481967348812,-0.125180083953464,0.561147815436059,0.570113446731253,-0.244571424532035,0.0510154196693956,0.0217773887278334,15.93,0
14644,25862.0,-0.547281019985663,0.629726582542568,0.675328218967955,0.849445008025122,1.08652858761966,1.3553198822635,0.570155661248219,0.35132589476857,-0.467717826181923,0.0264852856556072,-0.446762005565866,0.349399848791439,0.220273703637151,0.0946380463566291,-0.363092834562185,-0.519552360767913,-0.257649062280988,0.388690658538768,1.65019300224021,0.38114697550673,-0.0469238575873965,0.0630809231257033,-0.2114276152475,-1.70242071219717,0.145925535752345,-0.135615271968785,0.39833505050704,0.184488742298944,67.0,0
198376,132465.0,0.0043456496748281,1.02854655131763,-0.179657622672067,0.848799723188345,0.971850393901833,-0.915180827095584,1.33763022477195,-0.182930087339934,-1.1236488099086,0.1429252402627,0.651796920785718,-0.607597037797392,-2.24255548101299,1.4078624583841,-0.0353033648616794,-0.699054617303317,-0.11865828694232,0.485731493251095,0.789796086893372,-0.163276471547957,0.269294452333404,0.707198148671906,-0.381255891878306,-0.0153779231446703,0.476110829871257,-0.249408404097859,0.0087079749564461,-0.0032791727469595,12.33,0
261961,160257.0,1.78336554168783,-0.428078618194493,-1.39379639930731,0.484867746023334,-0.156094128649569,-1.26619353975136,0.463408256946151,-0.478046408281415,0.48574687419959,-0.0832140504480515,-0.541469767363693,0.770827984388804,0.976521553228894,0.317765584858593,0.696987405968571,-0.203563667439278,-0.563116115042718,-0.102071698096256,-0.311752578386264,0.113756916271193,0.3600860898658,0.914450688756442,-0.140344873862375,0.116121360405816,0.22768523078125,-0.123178698233326,-0.0385061768554647,-0.0296766586369958,150.0,0
279342,168799.0,2.01231216040627,-0.218361676029817,-1.47488986485115,0.194908139112407,0.0730563234654038,-0.799056208311157,0.0631902452072293,-0.139314191475537,0.563318282147376,0.208727480547101,0.527371231991691,0.170938793460466,-1.33092622660527,0.946314883805652,0.263673742487674,0.083343734164716,-0.738008861806707,0.61988515048284,0.113646055721823,-0.284274462764277,0.275376659141706,0.830635985719662,-0.044623654680325,-0.39478116430598,0.214527147583406,-0.0997867369922023,-0.032745663097966,-0.0727591503258151,18.16,0
104085,68905.0,1.28053726380572,-0.673192784246412,-0.0382057814988793,-0.737353882036432,-0.848776155405261,-0.746734899170025,-0.409799835566972,0.0743809336757196,-0.947638823827354,0.84907297028139,1.42395092017942,-1.32414824595514,-3.10932600051049,0.962850336104332,0.327452829155997,0.840137369362795,0.675037453522928,-1.54399470813415,0.660562227226168,-0.10423761437626,-0.0702480542204364,-0.545735043581523,0.126513569203926,0.135952587087921,0.206650395213561,-0.444441240139475,-0.0351871313558045,-0.0025760828501212,40.89,0
22976,32528.0,1.19108489783518,0.538541333941852,-0.580802482696348,0.709802516880876,0.333489590353892,-0.66829322271583,0.212136023584461,-0.0174193249630883,-0.390732697707205,-0.580188433256983,2.06705435064032,0.490840867467637,-0.454383207681105,-1.02022183626901,0.548564536326915,0.467678390444066,1.0785604845125,0.345289430056292,-0.432383342611381,-0.107636127167948,-0.0777753200593863,-0.180837480229381,-0.0634696944891682,-0.101126992333877,0.459280121353345,0.38218189408515,-0.0197344009676272,0.0286983909060044,0.76,0
41983,40906.0,1.10153382367118,0.246475781059678,1.15197178676062,2.58235593054787,-0.682138015021844,-0.0118284213981238,-0.421358481637561,0.252161082050102,-0.27902989730396,0.798096886192498,0.774648296785468,-0.107846108517005,-1.83582812269319,0.445921530244782,-0.611181283813368,0.7687433657108,-0.531959727367302,0.382910279507088,-0.661307847523521,-0.271059811152121,0.0062832118512212,-0.0069441142400971,0.0201041270898578,0.482631239900975,0.329827570911134,-0.0119797547508055,0.0017633084473311,0.0154829230656983,0.76,0
11223,19470.0,-1.865045023143,1.96530939781896,1.2296329654641,2.53130451717991,0.483209624417709,2.08637831776208,-1.05852632007353,-1.68166974851149,-0.320616029469415,0.432788686057969,1.03310838406921,-2.07646569435971,2.60176941456925,1.92865454989473,0.268981091235093,0.492775854000117,0.5105517203085,1.17097532885354,0.88719612826947,-0.61968270361717,2.33980640034199,-0.289533481080294,0.0405503647970901,-1.3982971316442,0.398435074288764,0.490810518206568,0.0294156776686399,-0.0438203202147465,18.66,0
276070,166883.0,-0.0519445985636822,1.05628307778704,-0.471741572278775,-0.56563991795523,1.10796389229525,-0.790050851023258,1.01145391505302,-0.198295617990392,-0.121697388006776,-0.749271953288682,-0.603972351301171,0.396974186313578,1.06969232489388,-1.26841345382185,-0.330530318181903,0.307106843534879,0.257065870696728,-0.31120124833171,-0.18145445398076,0.0568463478605295,-0.327291043170063,-0.761251260934853,0.172248977330627,0.498638584564543,-0.358447103195207,0.106873774297777,0.10711096966587,0.072177964702317,2.69,0
151983,96632.0,2.0603215712007,0.0871194206742719,-0.94355976188479,0.591552701064057,0.0424488714557075,-1.02896825415213,0.112468292746318,-0.415183553497905,1.75029488820543,-0.321431996229096,0.283331644049716,-1.79266979534691,2.23680388374837,1.60733259916767,-0.702351490820391,-0.196982971188095,0.445070154209667,-0.726369141706878,-0.106226172438281,-0.236467853817026,-0.432014993585726,-0.832146180294323,0.343012830085481,-0.130415217592058,-0.309709445129048,0.164991122501232,-0.0911048826069071,-0.0663614360591819,2.58,0
271770,164738.0,0.264453504479347,-0.778084464138237,0.377976641687909,-2.85446297971547,-0.704616623988993,0.0277131931942419,-0.550328399316502,-0.844812196205735,-2.18319319417198,0.842750617319579,0.658192684880428,-0.0911077504049971,0.479404468546561,-0.220046122202672,-1.47547404637349,-0.214011388892947,0.0580681968878381,0.243021674113851,-0.836904736408996,-0.41000419004134,0.706879461634595,-0.18172636601505,-0.176126124105986,0.697235790250152,1.06575052581963,-0.128927694507433,0.120031346581528,0.207259402264094,73.0,0
1013,764.0,1.27494813255413,0.14959886153113,0.17959463102589,0.314718860104224,-0.0535606322835322,-0.20395940995031,-0.0840332135992098,0.0158274818994739,-0.100876599534654,0.115353069887552,0.679136566818043,0.584450708425559,-0.0021660661121793,0.461454389627748,0.433265634662573,0.758015157654512,-0.95269317230074,0.269069319704663,0.484643703759574,-0.079196039957561,-0.264316305341331,-0.815185382513068,0.0262118717930562,-0.512550467094726,0.284828986132689,0.129644394978061,-0.036460869920968,-0.0003197994671624,1.98,0
281216,170014.0,2.17438219501827,-1.50783817371901,-0.435925627397406,-1.64546976218848,-1.43277591911895,-0.206891599849127,-1.3744111943808,-0.0266910757562059,-1.3552722105655,1.63780968940101,0.676220114090371,0.433929216914335,1.44587889698713,-0.599783279868835,-0.66785917872267,-0.0566439862733706,0.013287028209479,0.227839610868063,0.18259058244974,-0.294696461190136,-0.338177628209737,-0.544882390761908,0.381351145098064,-0.438408324488844,-0.590798823172427,-0.484272205383302,0.0374198490119026,-0.0412191131823781,45.49,0
248193,153833.0,2.24795971092748,-0.880502164197773,-3.17210265699792,-1.89936184191776,2.2245149598168,3.00368054636243,-0.623539600614255,0.603118380249011,-0.731181378275099,0.832953006008778,-0.0650255154001363,-0.450423942569988,-0.204739594892352,0.238888499656568,-0.352609680132574,0.160790630302944,0.496631328109758,-2.00019043372448,0.7665116440959,-0.0099255658351201,0.208569667747422,0.62878449010642,0.0376787621561529,0.761017633920976,0.402103148083503,0.0249030559674298,-0.0370846949351804,-0.0846684156830821,2.99,0
137208,82066.0,-0.409541314081427,0.863285489355575,1.53362880064156,0.683987184879814,0.454935783410775,0.410054130906509,0.593411507812619,0.124632345412785,-0.145677011454268,-0.623063792090064,-1.17724178753143,0.405697367273745,0.512970717958305,-0.349061865882268,-0.497358425079536,-0.713632745678739,0.074975056435733,-0.568971310335611,-0.0357949868528966,-0.0759241068361007,0.0562545552827152,0.454917906020818,-0.272331715765498,-0.391670279828721,0.0114586843303003,-0.298245195262642,0.182964155093601,0.138178030424328,8.36,0
172481,121115.0,2.32401254901164,-1.47537726338364,-0.963981535048162,-1.80100226544357,-1.08010554585436,-0.0260247736552016,-1.40183801942914,0.0133838843008918,-1.16488311657506,1.74059427866125,-0.29876697258666,-0.607953765866744,0.179016192115739,-0.33781015091563,-0.659537272140904,0.0667327744609078,-0.156380114865413,0.87781824208576,0.458484198281957,-0.437219646199139,-0.168931967847955,0.0220641539323839,0.134312997467037,-1.06746180180851,-0.186872543514281,-0.130235682384892,0.0209071966304803,-0.0672957510678385,6.3,0
36292,38474.0,0.961569224064551,-0.635483949786314,1.1078262069161,0.905837618220317,-1.17451786466168,0.176451750423813,-0.732158056727098,0.297807898809098,1.20680959229448,-0.275159480589915,-0.817988587042931,-0.415160384615155,-1.72250562184941,-0.0233602320479325,0.67506634760257,-0.0178668186555987,0.198297954255228,-0.414756304669099,-0.433867633007873,-0.0617150614294756,-0.0107973280896679,-0.0893077503919868,-0.0046472205904904,0.0813320522820311,0.0919033961814241,0.358477190466078,0.0065752913035471,0.0361374202590503,98.8,0
239767,150259.0,-0.866012564872912,1.66136489374106,-0.512469267768401,-0.940102538620976,0.719244003212599,0.115589913103843,-0.097784760860553,-3.28032214471583,0.254382087299291,-0.134049425451917,-1.84391102675912,0.19150007996206,0.380311539840941,0.103413734398778,-0.427620786772355,0.217524346364131,-0.547220823008384,-0.386885455436427,0.242022331440855,-0.634885048159605,2.73147636770589,-1.78318421966881,0.398109774149093,-1.06177085588776,-0.264152192632205,0.226593468264192,0.382562857404792,0.120775244279323,0.99,0
243450,151938.0,-0.0167107174931439,0.872589175421711,0.320705776218903,-0.585123829141839,0.620803204175072,-1.0563270449857,1.03781103532593,-0.249577151999011,-0.237511237198135,-0.451653140796074,-0.654722919294386,0.856273109675095,1.31201017365558,-0.138031727168495,-0.496074200911038,-0.21457308236132,-0.42536304676547,-0.994782570933551,-0.164197034525327,0.0597245141266308,-0.233090910061063,-0.445530520839088,0.0769882796399645,0.0151681936856304,-0.456636465887222,0.139046003435952,0.255914687905642,0.101202488300952,3.99,0
275433,166530.0,-1.19928505005372,0.777615007380494,1.90251670359965,-0.541785697863098,-0.547972613428586,0.300586711410484,-0.383209947061481,0.829799226640313,0.174632589292456,-0.882917055705454,0.133021440965975,0.396683496351165,-0.430543393798675,0.245164568774631,0.303465678303007,0.639554824303777,-0.68298447781969,1.21743356190152,0.589933051058407,0.072107108184365,0.110499084563101,0.277822911800225,-0.32960746275958,-0.427371894443326,0.437084394707677,-0.178607240952169,0.207343052639709,0.0476048323440297,18.76,0
202654,134431.0,1.7641276968154,-0.832758819720063,-2.80006371331906,-0.544920840224798,0.159007980355259,-2.02028453865016,1.14139040074462,-0.687043676909281,0.588315215143409,-0.260854785188336,-0.863151625040416,-0.527545887811942,-1.7729225671079,1.21515699274198,0.302816793780668,-1.0445159141159,0.21743349599467,-0.590228964610749,0.412291142512298,0.108201365772284,0.374555772952271,0.751199621385356,-0.345864367914673,0.0930648195365051,0.482025656155223,1.05697046314528,-0.196530770424876,-0.067304715758647,220.0,0
283169,171417.0,-0.8277884616553,1.54216920362536,-0.967659936856995,-0.374607426119905,-0.0867679100019366,-1.11592886265969,0.199610074901208,0.713944607559158,-0.050291433615381,-0.403640097369845,-1.02237232132081,-0.138722287041333,-0.894804858553142,1.19286437237968,0.566008994283417,-0.310068673746706,0.0720434070273956,0.16933453712411,-0.187794931692589,-0.169313894269383,0.43461449858597,1.24804847467656,0.0704662508344095,1.09474918385373,-0.770748405529775,-0.260581453693714,0.363593217222217,0.257475800095781,1.45,0
95104,65170.0,-1.86145513106447,-0.947731632578117,2.51735392296181,0.460650884630106,0.744057492190054,-0.427059993348917,-0.544670760121496,0.555371259740047,0.185686177756917,-0.751154894252139,-0.26732690201947,-0.672704622816058,-1.73971378942705,0.301681466774636,1.42045427399174,0.255658874939303,-0.198103489858131,-0.319694460744088,-2.20388004973646,0.196514537189901,0.397278927156659,0.536490283378751,0.337423964117362,0.0071066448333193,-0.110567825280266,-0.480112861845263,0.0627476298648168,0.142268126362719,90.0,0
148293,89684.0,-1.07312856365744,-1.75229796202586,-0.648976612725531,-2.27833827512625,2.28334964769741,-2.0828554966069,-0.642186096287091,-0.22298628824297,-1.02755591617395,0.558808115039603,0.81359492004574,0.580668484546325,1.14788625609503,-0.141115286048481,-1.75343745856427,1.48351411507043,-0.845128897726644,-0.920844456981812,-0.688043400416977,-0.306885595510102,0.68720278172607,1.97791050579786,-0.0637161429839864,0.881631611066221,-1.54700734915387,-0.534499781900487,0.347504988977254,0.336889079112727,15.0,0
157084,109485.0,-1.5602403190347,1.60091055859617,-0.1596653824828,-0.739959827627623,2.5011748379986,1.06585652225932,0.124934934699055,-3.20547121692274,1.33970944431902,-0.693208406615518,1.30240514884302,-2.11894424469212,1.95282710009892,0.0209598753111074,-0.213521573564011,-1.03208095722289,1.94516334519439,-1.47700884227466,-1.59800988898548,0.720529652612276,-1.70847577225701,0.212900295481596,-0.292015348189415,-0.458604858644878,-0.439304010469396,0.257213736702491,-0.393005075529553,-0.392064363657108,4.72,0
216538,140521.0,1.47598555446012,-1.07977100849844,-1.00930713114583,1.03364488285355,-0.57855454942361,0.184028551370472,-0.41876622206769,0.102445694840981,1.25675793459919,-0.554934099332828,0.459966529708394,1.1281243525907,0.258601694250733,-1.66145528337429,-1.47920454174842,0.322298970532184,0.579215761107855,0.904670643790375,0.0926518929291901,0.318568345279797,0.329411764765503,0.865476452892817,-0.26067123044178,-0.383964884444086,-0.0364847941663156,0.572625566406645,-0.0254459957628212,0.0025399054284163,241.9,0
200987,133679.0,-1.14067226968242,0.524275495738742,1.16194067742819,-0.600968585595171,0.691196238360546,0.718686544090612,0.0607153265683138,0.4460073732279,0.566772828572578,-1.13354530783127,-0.180747604848047,-0.171469722938088,-1.03831887558158,-1.75584227838058,-1.55527819617245,0.488812181514329,0.511662856655101,1.36025902428778,0.439967446209058,0.0853173376952836,0.0924050892593416,0.557539644826867,-0.676312439246235,0.0683233148621531,0.893926241651087,0.899754735433862,0.148621909332347,0.128060472556638,26.97,0
181003,124783.0,2.3994329864106,-1.08891893229829,-1.7299201086307,-1.84803243470717,-0.353906233132282,-0.507558037616191,-0.682876712139854,-0.395657560489535,-1.78247317538104,1.6367776449407,-1.27476373087342,-0.375170221108155,2.20603553664427,-0.494077884785555,0.100988699280652,-0.45148225312185,0.0192030303329652,0.128766934438097,-0.0545710344711048,-0.283836875374912,0.0340952855213769,0.632793228237695,-0.0073614098119419,0.0916278016320228,0.265038140359059,0.0751950680871514,-0.0089042602186727,-0.0578714198620636,15.0,0
161990,114724.0,1.93380751735787,-0.591136537677029,-0.3925461243392,0.361336322088245,-0.410181746661927,0.392347220049616,-0.80553853148877,0.130161634746503,1.28594558324566,-0.0178202194411768,-1.51430831468029,0.296184400686689,0.766909343776454,-0.420925560427119,0.779032941544462,0.856571600873936,-0.978887282100753,0.291066551837548,-0.108132973814912,-0.014937908869759,0.002131953110525,0.0409054717125354,0.211703131951936,0.0526085857660302,-0.422449119226771,0.171506043491276,-0.0037299039528585,-0.0249011968196607,56.81,0
203473,134836.0,2.00635126375943,-0.301703636390137,-2.98299523080534,-0.398034423019953,2.51215145105485,3.35323136807447,-0.575095640334829,0.834509428524478,0.693232066812502,-0.490386439219602,0.0573834327273296,0.166665334999696,-0.365753830299857,-1.07915052313556,-0.0402670500223357,-0.0866982556805067,0.841911760143596,-0.117781444448111,-0.187876675180124,-0.105161819880753,-0.0079223432755305,0.154328506774318,0.0770561330519699,0.667059617270031,0.122755187276,0.658660981249911,-0.0281951300267948,-0.0444559582131729,12.5,0
12338,21597.0,1.26756193189018,-0.396252362785937,0.563091543512592,-0.894754986892951,-0.578608703602575,0.196241868208027,-0.818879677887034,0.137891389909774,3.01737978386643,-1.26695197947124,1.06140820652511,-1.78334512894539,1.11373459456715,1.53586960278564,-0.0133877412881421,0.0942785697253699,-0.0520243590840686,1.41305304362835,1.08244212608134,-0.13744459496169,-0.188144006134739,-0.12865519541128,-0.183524112067608,-0.90362458158026,0.577828193925116,-0.668773570043184,0.0556473263695641,0.0073282435244458,11.85,0
65462,51596.0,1.23743439761508,0.0185815981732318,0.419123183360969,-0.0373373382400091,-0.567772907786548,-0.9236047666047,-0.0414293255214611,-0.117031445501046,0.223851252745472,-0.235281640095266,0.264357477708859,0.283319165641289,-0.295915047535454,0.377100518813858,1.30641873855251,-0.162853774784669,0.15076574285453,-1.18492350159804,-0.312575720394262,-0.137568183108361,-0.186414957164117,-0.511679799465153,0.185827589105976,0.434228208775287,0.045161079430329,0.857980686320137,-0.0719123032259862,0.0030814933300052,1.0,0
271461,164582.0,2.12491443434966,-0.0277697873355241,-1.77725160320566,0.334727914499283,0.546212507688522,-0.714215172056318,0.364598270547837,-0.336076003666329,0.467334522264831,0.130532961952718,-1.72705049083359,-0.005663381784919,0.100694027928835,0.350126951305767,0.0031139944451286,0.0202572939220348,-0.623492013738464,-0.44467185165288,0.465967051620091,-0.189371491174599,-0.217195494898023,-0.489742416761033,0.0742215389519576,-0.988098470063738,0.091936404187033,0.245456693132482,-0.0749062564731048,-0.0740601300615213,12.9,0
15000,26325.0,-3.14087003412017,2.90878213377655,-0.88183338103588,1.13899457293641,-1.38151518106795,-0.0835878255506966,-1.16206529597061,2.10374194583386,0.164496262830027,0.494628715554065,-1.73919219196031,-0.0048924782938554,-1.29516889732297,1.30749346671475,0.319360800309938,-0.625861806110452,1.27346376582455,-0.300468384357373,0.739619465908023,0.0239191364614936,-0.0113621374226195,-0.0333676780239758,0.118559492347187,-0.322647370261335,0.187666968278486,-0.219283088346431,-0.217660058942973,-0.0993461715876417,1.0,0
159673,112790.0,2.1017064091712,-1.00419003664509,-1.6323006365772,-1.12810450395874,-0.288904818091975,-0.441494486694129,-0.491424350701476,-0.126689186466605,-0.641894531295547,1.0314925663954,0.596683601584544,-0.462576580516476,-0.463747864060688,0.308688629266692,-0.185782271755527,1.29161154286745,-0.240275597277359,-0.51000278742647,0.82945693540699,0.0966663851753977,0.495998275398221,1.21632378963163,-0.080133106902188,0.396119081083029,0.183901938836413,0.0411715819851644,-0.0604919219651983,-0.0626328246488357,72.7,0
281201,170004.0,0.187222329537403,0.867416427215525,-0.264829192660428,-0.471608628674633,1.24108434528973,-0.724982792314138,1.44714573843281,-0.772390886110336,0.474166398317434,0.228908815336741,1.10343900231441,-0.416771125983703,-1.02848797913334,-1.28356593013414,0.270285889267428,0.0596492696846709,-0.0716475575043439,1.25835464181457,0.151441720466283,0.158916793403788,0.157260284449208,1.07749330095885,-0.357200636162188,-0.492901066160655,-0.462019238296753,-0.241210690495795,-0.374610083969711,-0.49286685545359,11.97,0
157614,110133.0,-1.07348525156583,1.1138175685324,0.818751993741123,1.60459925186105,-1.69801933283594,1.84785621452197,0.45624270985611,-3.6587347345575,1.49877720105586,-0.881335714326485,0.0486493986470363,-1.11803746802271,2.87958647507812,1.06078635786295,-1.45775399477224,-0.677297542627642,1.22330371092777,-0.769122560495058,0.72922153236104,-1.11116057194286,2.11248431331398,-2.86639774587642,-1.59912872062139,-0.0749077889432778,1.06783933924963,-0.717411862148796,0.724945102598471,0.0185678863108014,540.68,0
261856,160212.0,1.97376420381612,-0.149197752801378,-1.25419051152725,0.547371977634705,-0.0031632036223149,-1.06254222313251,0.274573223413782,-0.437261635022465,0.325121373279986,0.114567965957087,-0.719920375654962,0.891952116396726,1.47405374734686,0.033710055894091,0.233253495164104,-0.0798433305852696,-0.567586287717063,-0.271523919192834,-0.274585137433147,-0.0250944777826088,0.323510844697194,1.07139934097196,-0.0968993086090988,0.0073783331158324,0.232072527083404,0.57693385127032,-0.0605199850566732,-0.0555384392901436,56.15,0
203567,134872.0,-1.12160273686978,1.96426805478394,-1.62825830313623,-0.429216804418619,0.30840527858369,-0.930464484426947,0.221080500898456,0.686098364955513,-0.239209495457765,-0.347317388417325,0.661950387971932,1.0880548772064,0.979227065576877,-0.393389216332465,-0.114170217268685,0.510953949225955,0.273543240709626,1.26814062704688,0.200894392598116,0.113306606632804,0.326701773949821,1.04457458580117,-0.130294000344536,-0.542594810054182,-0.117596582603293,-0.130219553037927,0.224780130262019,0.156703870456476,2.18,0
63658,50817.0,-0.250802597785512,0.627137408266754,-0.0237316906169268,-0.573910062253951,2.55841839140801,3.43826670786225,0.0123957611221237,0.855922278095814,-0.873086321952238,-0.193091560373791,-0.126477750711549,-0.382810165267442,0.0053315635837868,0.419013920520022,1.53917074221152,-0.0013964656592854,-0.448911511620353,0.392485043381881,1.30569487186665,0.2421478808788,-0.0080233635524822,-0.179109542874925,-0.327628715841108,1.04827494090024,0.548742919531558,0.596810374813787,-0.0419405945747992,-0.0270794176287651,1.5,0
120169,75733.0,1.15239103820099,0.0423972874171865,1.30604453774521,1.33328814694374,-0.889596597478146,-0.175307680449151,-0.489085196640766,0.0321436979716144,0.734748701069219,-0.232473470509852,-0.613150953875471,1.03287446979042,1.06862280922539,-0.565510093968354,0.0648303464427034,0.0293361245212482,-0.307046464664794,-0.189541034310328,-0.218765169722895,-0.0664236258424771,-0.0501139617013773,0.111176913879777,-0.0171287738695615,0.424390107965467,0.44972528185022,-0.412800012428598,0.0791224513118919,0.0406749898877,9.99,0
152739,97452.0,2.03672920428251,-0.460039851819607,-0.165477398408695,0.334404855029278,-0.538990128315968,0.124447830003612,-0.994455617573845,0.0099588448897802,2.74995741879043,-0.387753535613728,-0.868928483215994,-2.53521192060297,1.9562163207684,1.06054665168286,0.111970343596033,0.938699898310931,-0.275138774040386,0.644307778876313,-0.124946752144968,-0.177828146802441,-0.181707078443071,-0.129656285704224,0.1982833067917,-1.03879698526041,-0.487604373509395,0.504764814407276,-0.0418573011564707,-0.053640918083657,15.95,0
170406,120168.0,-0.158469626625696,0.974708286622693,0.40110310161119,-0.463798560158211,1.18789458293198,-0.388829166751734,1.17311658762858,-0.241402182331236,-0.637117428453286,-0.684918757389722,1.25213474120405,0.496447768410838,0.0724044668947346,-0.939314082334601,-0.63243207702993,0.133715194626674,0.285753910196059,0.299114474768961,0.686029498126822,0.100432613623901,-0.257981580640609,-0.566273206441601,-0.0783942134770496,0.68479096064651,-0.509366946449872,0.154426483712205,-0.0685884953502134,-0.0497376486194444,4.49,0
11676,19919.0,-0.677015267072537,0.355902687490517,2.43913121010876,-1.87270340369234,0.0519164544301365,0.0995035811470102,0.314735398313588,-0.0612152191155971,2.6212244070512,-2.07847791082956,0.0981756131790615,-2.35093418553096,1.37957829194382,0.950665538576166,0.276369146180699,-0.526445769933958,0.350762853733066,0.270158888758566,-0.314718478585933,-0.0843348388127231,-0.165632594644878,0.0957339368011886,-0.400674592489837,-0.516034881397064,0.458924914886276,-0.778758612756564,-0.0695333727063377,-0.160864560179074,11.85,0
270529,164124.0,1.65170515048984,-1.24205110452472,-0.688145372484339,0.126301367585691,-0.49483780954551,0.910607485814824,-0.745629651171313,0.3434166686965,1.72970360153212,-0.270558473282506,-0.294527357707383,0.783866628488625,-0.671020404228071,-0.185061038307651,-0.961030645989283,0.203817283197425,-0.558717435651772,0.374455227124161,0.841166863763315,0.125559212172943,-0.1434479742654,-0.548838792673476,0.134267544688539,-0.127489776164741,-0.415993850623294,-0.221550679364604,-0.0123337738023482,-0.0202374636051161,175.85,0
9378,13721.0,1.10422907867828,0.309514014256954,0.674371722535009,1.68373055357714,-0.192681267890912,-0.29585188100269,0.05593777740427,-0.159992485980558,1.44989197918573,-0.525289835885453,0.816538590532518,-1.5137579957468,2.12334065526957,1.39186135567117,-0.925823819467283,-0.875874308226242,1.07675493191984,-0.888632495869282,-0.704973809208141,-0.15787955461804,-0.210318400313991,-0.13921239550089,-0.0367299287629291,0.37934575513802,0.611419816860738,-0.376112004519769,0.0139118829803685,0.0180744000752412,29.7,0
30953,36151.0,1.17798640676343,0.589879144377934,0.442382289319184,2.38612202396193,0.130580031775625,-0.271052991631065,0.267914074856597,-0.146552786699311,-0.851376401247063,0.646355849050276,-0.834000422474972,0.163449086363738,0.834540703022263,0.145252399906274,0.41173647712577,0.787667606630603,-0.823576255968117,-0.390717378605653,-0.735771961996098,-0.0414358225026194,-0.203173813468757,-0.663669072871794,-0.0044647710652787,-0.138846790363049,0.433721497600528,-0.16125023242984,-0.0128526524290195,0.0258909595962573,28.88,0
177537,123218.0,1.93077203502919,-0.637486686391903,-2.18925597460473,-0.514460339981832,2.04671724956828,3.63124505670131,-0.797612967184532,0.903279806152668,0.680699992851355,0.084587013260663,-0.104010859845253,0.347923854549185,-0.103941658584628,0.275931970315981,0.705070827977951,0.0485841246360792,-0.520584595617868,-0.429967375828334,-0.312020636236278,-0.0594245293462307,0.0290427767392174,0.0463488258391467,0.210233912288175,0.729635824244849,-0.177028951957468,0.278542670507888,-0.0226907862534604,-0.0517200448240765,46.0,0
272594,165167.0,-0.756937134418329,0.871180129980614,0.0262370596971989,-0.721633148168071,1.68609720808165,-0.890522231596509,2.08628756284626,-0.484286312146732,-0.852848344211866,-0.32448810789257,0.313073480118338,-0.163879156373273,-1.26511266819656,0.762362963178617,-1.38865261908692,0.200039705634017,-1.32992107431011,0.198009551695132,-1.28808292462761,-0.28303295041531,0.186606323759595,0.525024639074487,-0.467380532629348,-0.430927462007098,0.574209582501488,-0.719727951582003,-0.243056002203498,-0.0846304214842125,59.7,0
167162,118521.0,1.8020744215724,-1.00480996116678,-0.962302236531069,-0.996284553265282,-0.395946019353533,0.0772030775799754,-0.509283455513997,0.0725431626309705,1.19099263883223,-0.307785244244081,0.592647548687387,1.13065615108413,0.574379337986274,0.0993225299183183,0.5273676529121,0.697947190314811,-1.01926655334461,0.416523579465271,0.759242404348744,0.186372300396261,-0.0868177334420407,-0.492285992947291,0.234394781620929,0.117566882982206,-0.607110371996362,0.304458393495026,-0.0713875713162885,-0.0315153413577255,139.2,0
109145,71239.0,1.36127198197951,-0.293070517645478,-0.0776349313053859,-0.628270761898636,-0.536538312182408,-1.09811662020531,-0.0186208846931493,-0.350566154670729,-1.32259783483544,0.609030207661837,0.445779177642102,0.0785846689861569,0.986173072065348,-0.0220662555981305,0.548321158490792,0.295868774324597,0.751653727466255,-2.27052309426696,0.143665213180654,0.10575244283468,0.257220067384428,0.730731324214699,-0.115991762321903,0.469267184432859,0.704131722303959,-0.0796698347920807,-0.0078757399815454,0.0057951111388534,25.0,0
171169,120526.0,-1.10927094971379,-0.437681572514135,1.01317063130248,-2.5984503129942,0.294339835739557,0.496325500953057,0.528687112788447,0.153326617379325,-1.28070160675379,-0.197152433257718,-0.324137719986876,-0.21591559986731,1.04144049557739,-0.599458375230633,-1.13580322843442,1.74257922057311,-0.778012360434829,-0.437989504667879,0.663242811593299,0.683919240066518,0.25246052729712,0.43783490661701,-0.240423663006589,-1.42323278893554,1.00872225514577,-0.0569958045644427,0.194809581341866,0.100237585740382,158.0,0
71107,54159.0,-2.2708331214028,-1.23047658463214,-0.0244338137622054,-2.07341125800134,-1.83423337449299,-0.971539420738215,0.292092400299425,0.51127707207233,-3.18897176507798,0.386038417603566,0.973144221918394,-0.0379739039047036,0.400707308703309,0.587558492525425,-1.07534873762607,0.171721161475536,0.409040069973378,0.0710957909202695,-0.44724920052781,-0.544234255439641,-0.316131608470142,-0.948175489725242,0.746332045834763,0.461471568034605,-0.305523312679093,-0.778420087360927,0.0023263647778853,-0.456210817745479,233.1,0
109303,71321.0,-0.260708094119759,1.04872896643033,0.59358458412801,-0.46167996769336,0.93737226764643,0.337323547505251,0.588112847199558,0.17482114834988,-0.561265439973599,-0.345826519708649,-0.03098496104262,0.124199112899444,0.496579971540972,-0.368466566851749,0.30199663840556,1.07558413874913,-0.87982252422377,0.900940621421576,0.848493762394779,0.191570001912026,-0.323773347997674,-0.881635111030392,-0.242069213926683,-1.4460778593539,0.0454583447800533,0.161032927551699,0.240527113633836,0.0709041386074306,3.87,0
50386,44470.0,1.19319216568575,-1.40255361439345,0.567741894252855,-1.21970981920143,-1.75451512231762,-0.825958515437213,-0.774462954973364,-0.292815778070242,-1.95968119183454,1.30035809636747,-0.198502522476099,-0.130137312039491,1.88670059737164,-0.608566003556625,0.629215208519657,-0.229667479735568,0.354295705026908,-0.21404162548042,-0.299697434475698,0.0883819520671802,-0.25636179291698,-0.686733926917872,0.022391225293306,0.384489736431935,0.117501099976863,-0.431971033776727,0.0213688654165043,0.0607045534915009,173.7,0
242293,151427.0,-1.48489278632705,-1.30202745891505,-0.0443393589596672,-0.689509894788822,3.7485474056081,3.36371302994581,-0.826474877397886,1.25475530837663,0.233625836543364,-0.691256741581617,-0.676127586723271,0.0658079220692426,-0.245198416372727,0.004466412503424,-0.0982452825427896,0.296214143516277,-0.974426007173346,0.321138618798121,-1.4334463046246,0.366980492152972,0.509317798269511,0.924484807254984,0.271813617123053,0.681974701862936,-0.195780073351813,-0.647748838973076,0.169750742128214,0.231192496746803,90.0,0
13961,24771.0,-2.16542150196555,-0.984172544079977,1.33954690266272,0.627269268756313,2.44848404380522,-1.63773724511806,-0.478841114407571,-0.103644919226674,1.15977257846362,-0.688470320054936,-0.486942097709975,-3.1545994060287,0.967921880578676,1.75344030391763,-0.0862533072644728,0.494978974703507,-0.170321713042821,0.539627372906811,-0.692884651077552,-0.344084482168937,-0.189698129110275,-0.400197442330078,-0.535983291160502,-0.508196872635224,0.81716155518367,-0.384864133397087,-0.0462338354432401,0.002558171276959,38.01,0
12859,22590.0,1.27239142510194,0.199765861052681,0.0704663832236676,0.343179430519923,0.467876428655762,0.618460892121162,-0.265751873672806,0.10785150469373,1.21637238207501,-0.298663248819063,1.37178624284001,-2.01136909543303,1.71462018684201,1.89178643493241,-0.0136674636822726,0.591592208807951,-0.13597000850227,0.267001400639331,0.123907200458353,-0.136728158446016,-0.422197832574621,-0.984905940769081,0.0015718350147861,-1.4184439730927,0.26012931010262,0.153784211715376,-0.0473864668342777,-0.0155422404455838,1.98,0
173044,121336.0,1.84046800152326,-1.13363884225769,-0.824497190861746,-0.672422467569566,-0.843576153691004,-0.420375118016668,-0.57910311143534,-0.070901220156072,1.88257876153583,-0.482398374481771,-1.60404424871543,0.0256633318988872,-0.198551001860895,-0.171629601118189,0.77997046916416,0.284356477852362,-0.578716973274997,0.31444158232979,0.462536892732234,0.0802131769818486,0.177979372692329,0.472171828558859,-0.0394086590019379,-0.638668445579777,-0.256576374334763,0.768936546082876,-0.0577785166374357,-0.03884918140592,135.0,0
108073,70749.0,1.2559120584043,0.445185093938423,0.329727721788253,0.680377931531792,-0.254625011964498,-1.03911848988997,0.175566292730912,-0.277198796919359,-0.163051538390404,-0.321055590814807,0.149646401304023,0.921016203156066,1.52020678708921,-0.544988216363284,0.952565248373018,0.419546722866312,-0.0810922898597016,-0.455920004221052,-0.205400289705781,0.0040736010807956,-0.27255356811565,-0.725463966510153,0.112388428639466,0.375266105440956,0.260243103804735,0.0903190214244772,-0.0147930137003384,0.0336997839955294,2.67,0
40189,40130.0,-0.622654542452596,1.10976090849306,-0.664380057914551,-1.07472780926163,2.23231467611278,3.21337840331006,-0.243565142462744,1.36257264605933,-0.671629322072108,-0.668456248910885,-0.157935600905461,-0.171348277196577,-0.0170075278955142,0.0573841722677999,1.05859073668633,0.837289554951543,-0.314009594653997,0.362076072408475,0.277891441596909,0.115845139872704,-0.277121927258172,-1.01709088296779,0.0033220243481754,0.9347647458531,0.0173214231871522,0.0905269780377301,0.122206704657605,0.0280697053103418,2.46,0
215378,140044.0,2.04964268706177,-2.42799217912174,0.340335286054583,-1.13583551432047,-2.32389002864426,1.01064999913217,-2.41606800626754,0.361543931740529,0.727855275063664,1.14849236321774,-2.94101362905137,-0.870955816628504,0.0825363056794692,-1.83254723362825,-1.81846814718147,-0.476442278446493,0.637486844790095,0.638507429643181,0.493702461829193,-0.273401819314016,-0.0908717946470827,0.473688475668433,-0.0003228147726225,-0.975984004560784,-0.264570568011159,0.0777347991578188,0.0986219151517014,-0.0233952887417398,104.45,0
214944,139880.0,-0.918678213895493,2.16080584630451,-0.509977591699961,2.88279053676103,2.03377677679724,0.732421963773072,0.948964028027002,0.419161688832099,-1.15015141550669,0.248721079299311,-0.18892231207292,-1.65792672239196,-2.0683030456774,-2.31394073276256,-0.0654403673974845,0.722404938716566,2.25173904236475,-0.702095585239199,-3.05917302875334,-0.162790976351318,-0.270446827215046,-0.678252808215388,0.191253270182165,-1.40600101807753,-1.15227469715493,-0.38108988903668,0.33608554418336,0.415599914827801,1.13,0
69010,53227.0,1.3352241355696,-1.52152190149057,1.39109364147599,-0.827603761903522,-2.0019372175646,0.593079510784604,-1.68605012063682,0.222996513711324,-0.574665403905541,0.936750306997284,-1.0782728862805,0.354559361838966,1.15419275939419,-1.66827335595412,-2.0347199295958,-1.65611056150727,1.63425389730708,-1.06847261772403,0.198134909221399,-0.306585152073964,-0.416667681750246,-0.316260822537185,0.0623909312758227,0.120953808293094,0.316912281070163,-0.18679331879568,0.116601059486726,0.0310396947432045,32.0,0
235586,148451.0,-1.61869745422523,-0.975965965620804,1.17754400017263,-1.33593479648782,1.83723260297219,0.753091792172526,-0.658766748772032,0.598046475213069,-1.43807101632779,0.267487582804135,0.480824234404383,0.41873570259275,0.466649584734138,0.0392502274540132,-0.0451192950367543,-2.14674702930975,0.222131084002564,0.825103551302828,-1.56463620657195,-0.0406080397748869,0.114952260885679,0.742012053947792,-0.339996693110074,-1.58579970949578,0.795471787994664,0.886582599829046,0.25580245823412,0.104064967051724,14.9,0
153063,97825.0,-0.504657397802827,1.08520010279095,-0.849785583423705,-0.532869679270184,1.75492639368663,-1.87946824978695,1.70088755592981,-0.707694437737804,0.578789063145455,-1.49861799329574,0.459574936281793,-2.4972171049073,2.18761058896848,0.738669084354606,-0.725530454837478,-0.325250569366934,1.23689223782399,0.394910536582504,-0.275080236633279,-0.156503073652985,0.0452421722366019,0.517459689730953,-0.129946762029977,-0.198512630720436,0.0907971466507415,0.119764140659477,-0.0127202687464244,0.180839419946609,19.99,0
197731,132150.0,1.08204809214622,-2.03334244007988,-2.50096445891112,1.01970860177179,-0.536458951474684,-1.19380407257818,1.09013360799549,-0.625077396242351,-1.07816909618062,0.953327715273432,-1.31656076094304,-0.800967739891244,-0.90920324968673,1.02062236344405,0.243907640711302,-1.74276613981395,-0.149294623020468,1.23447890965846,-1.2649564605746,0.403548570509258,0.0834721578696976,-0.535385116921696,-0.441158222248499,-0.157622820334575,0.13105506634574,-0.532749111714128,-0.122612454577854,0.0372709729998811,579.0,0
33431,37229.0,1.0319983517374,0.0882600779582164,0.250511062395639,1.19029539176462,-0.256685550268528,-0.581168800732482,0.254315115430678,-0.122332080761716,-0.398989576869326,0.190901829501674,1.34646733269042,1.02722161069532,0.24936050471095,0.538112737774688,0.15496056589436,0.283402767740805,-0.707277812664504,0.313645703227028,-0.164586658751038,0.0600430557250326,0.133860260909762,0.212808112869685,-0.188834331578129,0.34086161383987,0.630034453876329,-0.339526267351879,-0.0055501549736973,0.0257690968347617,90.0,0
88362,62106.0,-0.236221483391979,-0.172049714684323,1.68824945261395,-1.48551403059439,-0.874509156090123,-0.334241037326639,-0.298809576533613,-0.0456140401025507,-2.76527133902258,1.13443458510091,-0.367234598214953,-1.43578473661701,0.0837155667730679,-0.159112682506077,1.19843900687029,-1.28914788652161,1.26425281085434,-0.152046508316806,0.596682462718401,-0.156792675274841,-0.0639282720660184,0.220727477937395,-0.24828018851224,0.0779790770098059,0.228360538749746,0.0965625939054727,0.0996088858394874,0.0683958949081637,11.0,0
18797,29772.0,1.20256450472755,-1.12742796965508,0.663104796164448,-0.783522281576861,-1.19471785552078,0.375648402004887,-1.0934372392109,0.0515127855345033,-0.253001738410256,0.544410575331131,-1.70024707750986,-0.173379070663608,1.65145530890339,-0.635563014080046,1.51352789129153,-0.240128774725689,-0.905568562153077,1.99671327854998,-0.687490272072028,-0.10605464547377,-0.175916085801376,-0.207517183054259,-0.2097962903645,-0.936111486192644,0.13251039192289,1.18618136351765,-0.0201209958292533,0.0355640000914878,125.9,0
96901,65995.0,1.26324193380152,0.102332739874768,-0.0020102170907254,0.488771511123127,-0.136202031114452,-0.517200093313022,0.0919015147139982,-0.0679809749622736,0.0097117938936026,0.0720854607653672,0.759426984488602,0.611521033775229,-0.634457122833218,0.472539931875625,-0.564387039960549,-0.0116265489017159,-0.354028874711765,0.0340394402127908,0.548002081787046,-0.142937679741675,-0.0452931389704878,-0.0273972173159729,-0.15441290962904,0.0453813108793189,0.661240536485312,0.560054597237229,-0.0598017502368652,-0.014166657005273,0.0,0
169718,119823.0,-0.333396454924103,1.0903352744965,0.262596062927678,-0.401761396675266,0.685913735077046,-1.90532078016185,1.86475230821439,-0.58176728563095,-0.734856453847184,-0.865271321312706,-0.139858588861347,0.653035819313478,0.303029539946887,0.476584958086744,-0.769288868717778,-1.23256730556099,0.108128561188309,-0.782745661181962,-0.256078591843264,-0.109028782305369,0.29915854482584,1.0031318257942,-0.324074949449013,1.00294682930057,0.362989420410067,-0.163454252002296,0.0919630294500501,0.144299692464319,25.65,0
138904,82910.0,1.09615189817731,0.0896169547294733,0.819183377942937,1.42265722391444,-0.703278252530149,-0.709112166328069,0.0302493031582055,-0.126371701098471,0.418986753107192,-0.198244490149684,-0.363531528451002,0.803586371977307,0.214732099768871,-0.100884541254591,-0.212150823715359,-0.375042812932402,0.0262283272113499,-0.687243961724045,-0.0873829079848523,-0.0633316904288626,-0.220880155052747,-0.531601026939475,0.0438655846900955,0.713198659494076,0.450113554081071,-0.570686551527784,0.0353180215853673,0.0389303423376379,46.03,0
154666,102471.0,1.13922614558929,-1.90955962786,-1.04362536726762,-0.526375136116412,-0.157090860075662,1.62912923099511,-0.580966426526261,0.348185475832745,2.75029736180679,-1.12397702365533,1.20135504842632,-1.66734456852746,2.01394080462368,1.52263393140752,1.60256770497864,-0.977135512475747,1.38382830620635,-1.48782825031957,-1.77748396254942,0.478100002707727,0.371776962102183,0.753134059131033,0.0101963776622965,-0.580141276970417,-0.786030975834492,0.720507689606069,-0.0691926091806439,0.0004869219778968,390.0,0
58270,48311.0,1.21376652525671,0.200109549808736,-0.0857629139649086,0.289661601799882,0.322105149525195,-0.169012866606266,0.300166732657184,-0.142947212361356,-0.219181044087294,-0.172571364037125,-0.489921456785292,0.75824811425092,1.39512614930257,0.159214932383485,1.12265105916113,0.119914230713938,-0.421933576761053,-1.20975021170308,0.0370905236380737,0.0482081353577054,-0.493039665301864,-1.47536727804136,0.143089219664739,-0.772586726333735,0.137587765068145,0.0504773684610379,-0.0355453573172474,0.0141429352787919,42.85,0
235432,148388.0,-0.0247005890330125,1.09456170929217,-1.9313907463648,-1.25452330089866,1.27242333507126,-0.474521168471675,1.26487544940965,0.110502977586085,-0.535901100216818,-0.686649296384646,0.0263763486882536,0.66220792924475,0.0077138003612865,1.15659360178933,-0.648187848153762,-0.290209926852709,-0.775599657922575,0.46719199199583,0.405018834602671,-0.321291783061312,0.353614034951469,0.917603161340885,-0.175875902417425,-0.0860160644612042,-0.108937943388717,-0.522713116104576,-0.148249892324416,-0.0042970367646734,44.82,0
54428,46444.0,-0.885364059121434,-0.480033083199323,1.7610788881483,-0.250564095143487,-0.176132281619642,2.2429130990387,-0.0262192824770939,0.733164182864968,-1.40860374967684,0.0933986820267011,1.56293605209016,0.817354808005585,0.247490586653509,-0.044519180345205,0.445051360651317,-2.62889091410363,0.884181137404872,0.204641745180103,-2.22905107359069,-0.230919103338608,0.13951681239994,0.833446852968639,0.319674334448099,-1.0442674320043,-0.437742486569972,-0.193325070117878,0.20801590333453,0.140852960518655,160.0,0
200365,133404.0,1.6466931126925,-1.46577079163544,-1.76822856733647,-0.506866619428946,0.0966000020680711,1.00140463104711,-0.363529740265705,0.193595209839586,-0.49285838784716,0.740344761688612,0.671618826782638,0.590835997130755,0.0149593770599325,0.556256127138182,0.529359479502808,-2.25048060561973,0.195491627395099,0.783682564463449,-1.576646826172,-0.315515616147145,0.160660223747629,0.74255559358866,-0.155009818640816,-1.61888049472804,-0.0269164327036107,0.0724209760080272,0.0176967344113016,-0.0459706161148645,210.0,0
106654,70057.0,1.05818427879284,-0.0200099284222682,0.905053071939476,2.26212746038857,0.0466220901256804,1.72595916476922,-0.728329541471186,0.538307032647944,-0.0307273273627506,0.608343260728228,-0.28756261518946,0.376207212751484,-0.0418196837665946,-0.217917206794523,-0.62370897357137,0.936442726702866,-0.867578359596388,0.324221242199064,-0.410017274836729,-0.0736291594929854,-0.0748264632406162,-0.15608152737115,-0.138275726784591,-1.35713811731632,0.353825113226765,0.0500442846594406,0.0449021319241197,0.0147300622951873,40.06,0
216344,140437.0,-2.72472360124664,-2.11544405489976,-1.82474411977607,-0.147801624358332,2.35299881490174,-2.02262527182745,1.19516905113191,0.115391645207538,-1.00461915099813,-0.96075291549936,-0.0254495967233895,0.371571319693703,-0.784225304702085,1.59612308367259,-1.22237194414435,-0.477469788183402,-0.439840321737217,0.464032627918732,-0.0107167896862513,0.953210526360103,0.850383072560485,1.03233855415066,0.055751866551185,-0.500878047404202,0.550818878821428,-0.0284238331885384,-0.0760372475401924,-0.306170310540219,271.92,0
35181,38003.0,1.38097200926302,-0.584529274091906,-0.374293850129831,-1.00101906557992,-0.276418509847223,-0.122445785054975,-0.415603414649035,0.0985945076926114,-1.00704787223815,0.822003327043785,0.684212927161115,-1.10689466163631,-1.89304497659743,0.674392088832048,0.312981462913983,1.1249728944409,0.228695814207392,-1.34305158829236,1.04753237743187,-0.0368407140062803,-0.160183404089021,-0.717554076423879,0.0237866913934595,-0.887452872135707,0.341522698124677,-0.414299982060141,-0.0240712406666557,-0.012147448071184,24.89,0
95112,65175.0,-0.932839118648384,1.1374888087419,0.420561700053153,0.197780260564239,-1.07904289836962,-1.26768779220683,0.0173973155234545,0.693396829864799,-0.451021490458808,-0.723244024444655,-0.682854566817558,-0.362155351097397,-1.33322957130821,1.08768998378908,0.755075770354183,0.370400089960521,0.149165483457004,-0.232933179119881,-0.117588878180189,-0.416886592640088,-0.0061373577283567,-0.407932533067564,0.301664826347909,0.67052338864578,-0.548648913768293,0.149393866690525,-0.349249667825878,-0.143696730077911,39.2,0
224238,143704.0,0.0873895025782325,0.932081171455714,-0.780309876327596,-1.18461341200774,1.44650753483923,-1.28984139820186,1.79814437612908,-0.567811396027488,-0.101086873038304,-0.240178520456871,-1.12002437096596,-0.843623401273233,-1.31131425965267,0.701321922180131,0.0177974123147265,-0.639251408036587,-0.510662982751601,-0.208194978289029,-0.0675439756874993,-0.037256273146579,0.169882239925273,0.788319131037043,-0.252999719367519,0.68706307439482,-0.335702619461213,0.0343658312714947,0.219594920675267,0.0496163717438748,3.7,0
66153,51912.0,-1.1576778903015,0.0799005573383206,1.79068154910695,-1.96830289885974,-0.58960768910162,0.137941541511297,-0.641184095534499,0.551861764361768,-1.02802919345374,0.331933986594221,1.00851247766551,-0.237295524449636,0.0758389373925712,-0.321583429777338,0.074462798339769,1.66063990698965,-0.220644733307905,-0.594240888236336,-0.282045164615563,0.156500988723362,0.482099208912189,1.35923637306547,-0.271783558544624,-0.269524826273084,0.0634262395880633,-0.189033924001493,-0.062239669666521,-0.139961513940832,9.5,0
60937,49572.0,-4.70807513889548,3.87708554983183,-2.50432305931225,-1.28781910935559,-2.86686516419295,-0.939378589860909,-2.73247048653821,3.85232154904719,-0.953279656112092,-1.05609203164282,0.277685489190419,2.35928737707071,0.688913095703552,2.65943004627233,-0.366303761122641,1.34875241409959,0.835771354811863,-0.176930039166503,-0.904602088154683,-0.662457379581854,0.396050554970561,-0.072370777506161,0.500926299115704,0.0392235585516991,0.0045874592253292,0.748255613308539,-1.30211775372643,-0.316160833436898,6.07,0
86052,61064.0,1.25789205631242,-0.0754996175767037,0.309328245729265,-0.108749591471874,-0.521826970507085,-0.708869399201313,-0.16999177985379,-0.0398999638226092,0.400543120721578,-0.204282223729048,-0.169089078062395,-0.240958291529017,-0.926688984147372,0.46447510213555,1.49866697979837,0.0107080223321058,0.0322509064370232,-0.823391796804587,-0.280009295879991,-0.168526302088901,-0.0948761935631603,-0.266623733920949,0.0890796209770425,0.119208082440659,0.134295628837911,0.993345512465566,-0.0736785093810614,-0.0021202553762909,1.15,0
252992,156051.0,2.02735103289147,-0.558707808737956,-0.797190082324126,0.103996143360575,-0.18304866941785,0.464621535743496,-0.790748763845338,0.220701935766613,1.43971236063744,0.031865309749453,-0.665539632699457,0.245050953698954,-0.629759808331915,0.0956340534195801,-0.028012720122437,0.710055180993432,-1.19372229308472,1.24756591355441,0.577084519667023,-0.223990277860846,0.145478431037335,0.60577878096481,-0.0515509884895862,-1.38523404908721,0.024900964655811,-0.144834638722321,0.0302675390675688,-0.0622204060820472,9.99,0
229504,145951.0,-0.057167963860101,0.198423625784126,1.86154348703764,0.846848785556837,0.293554844799002,1.3854179675704,-0.180682486703382,0.302677332767952,0.26669638014459,0.366293526425218,-2.51295750564158,-1.01024047977655,-0.648558674804631,-1.17278004121927,-1.79228928783671,1.17610583934591,-0.738546090741236,-0.335699904616172,-0.61865529490441,-0.0547067426266489,-0.115366187295813,-0.0308913981233286,0.103818230274151,0.0406789905722666,-1.5601864260669,1.95241273943096,-0.0659934232591232,-0.0066841780055361,8.62,0
184178,126129.0,1.84519490231385,-1.21547339476786,-0.907078682909864,-1.56239952955625,-0.988703133399882,-0.619791922242823,-0.684157083958687,0.0638917587172278,2.17937850224467,-0.737815588995234,0.515539280621632,0.382276358597443,-1.53553873556751,0.55161594487611,1.12137061631778,0.0731978983821792,-0.672599468028231,1.08347960341456,0.798502546417919,-0.0703805600423028,0.2877929555392,0.746007787674135,-0.0036331002723696,-0.457449614894901,-0.202487636051993,-0.148626096258863,-0.000170861129341,-0.0436708573627906,107.13,0
76582,56636.0,-0.608424194194263,-4.07607096345002,0.509212860616151,0.577230755384985,-2.77290321076043,0.577709905409627,-0.188311720557532,0.0279835477876781,0.369846109523079,-0.187360793471734,-0.514350208009354,0.0578605827216031,0.0672140808064593,-0.942088520920395,-0.767290649249864,0.365089502468051,1.24917197184701,-1.78204853782101,0.17320974088958,1.95490571337801,0.721987189468553,0.213207093229829,-0.83549221530929,0.503563724127891,-0.0279241467416334,-0.211256821460909,-0.0912103590663828,0.194237195980924,971.0,0
233400,147549.0,1.74391788962564,-0.654845833795547,-0.398229419769249,0.517012693193093,-0.835633267283982,-0.771576202313126,-0.269312870014301,-0.148532762923704,1.15178045517614,-0.189443368274483,-0.676456702478731,0.573569352167701,0.357200014513651,0.0297733514751728,0.979349478715311,0.347478214502819,-0.666000249633983,-0.0786242353710745,-0.242559538251873,0.0490392330369315,-0.0482828795924864,-0.304576485269997,0.254669873392536,0.0124599828520381,-0.486047792311606,-0.623580419901128,0.010995126615184,-0.0072124102973862,133.7,0
230630,146415.0,-1.05750619042743,-2.02189513718647,-0.958126357016858,1.89892502029211,-1.27690306875261,0.660704208947613,3.3454319878928,-0.595272501359024,0.171870428359379,-0.543131251212966,-1.55075924364624,-0.0832095169045644,-0.0698242173117577,-0.191805253266461,-1.17360530484768,-1.24889259876755,0.116587120426603,0.300098650211441,0.454361721672056,1.73598534230071,0.970769134864788,1.94786271401238,1.81283316440116,-0.0344718709434719,-0.898578167268907,-0.389781144330459,-0.042171086528664,0.179360348181357,800.0,0
122152,76453.0,1.3250664692628,0.376342680059795,-0.0864580762429183,0.459259793333347,0.159826083898043,-0.502476078181986,0.110844031448797,-0.179217428026624,-0.0009758102681705,-0.300637900558866,-0.820968022968503,0.265937314790766,1.0557878539439,-0.477032193740664,1.09244935149979,0.730404366292978,-0.395552547897349,-0.063753116460149,0.162659506805932,-0.007033507201019,-0.34377876081608,-0.954469860229612,0.0015411294444127,-0.608060597724884,0.367855974632096,0.152343285093134,-0.0200300995121213,0.0224058842507075,1.79,0
47743,43340.0,-14.7819914396319,-16.671178847815,-3.51550382922949,3.43082933480365,-4.09102779946479,1.84974811642689,8.31766628897402,-2.92729398820408,2.58943336002242,-0.506331116518682,1.94657727468329,-0.53016664895852,0.426723855349234,-1.58539810140524,3.5047816028372,1.56611919626998,-1.10388441639053,1.05580262122243,4.72718981419657,-9.96188590432538,-3.84233943781194,2.69152823560202,9.93101612331776,0.383204647806702,3.10830230865707,1.15319707585744,4.03849821062244,-0.463307171699677,2149.14,0
155843,106558.0,1.88141190054769,0.571363287071419,-0.618110176399302,3.86509989356696,0.356736817147467,-0.234318474924382,0.0548166461573142,-0.0886184598756484,0.125123968113096,1.38890293761174,1.35766673090618,-3.0027389647412,0.0008392420304448,2.36959543484991,-1.58779072326196,1.12103473408559,-0.314506675915308,0.709874581920747,-1.68405540081194,-0.406185320276801,0.124024473378357,0.479589477280259,0.0824191918255849,-0.037171543036859,0.0028716962814866,0.0725755165008717,-0.0888937803048505,-0.0691519935454385,15.28,0
272720,165232.0,2.09646534738631,-0.0504617644649636,-1.62305278294097,0.0056692362481109,0.367974214973078,-0.842759470548024,0.305511586320805,-0.294581368209393,0.661241319152251,-0.126120772272788,-0.82261362266987,0.41966021799799,-0.0005098048790778,0.41099518118705,0.191646368601605,-0.492487773235119,-0.216289806800074,-0.72236495254203,0.265202361071464,-0.21789795512712,-0.152000417039732,-0.282146484348028,0.217725251613266,0.614109240412805,0.0526686352859596,-0.101312963920943,-0.0516298169397212,-0.0579950750497502,1.0,0
74143,55443.0,1.16175356598036,0.0129401332231997,0.0763155743913142,0.216305421714439,-0.242723257323373,-0.59124152820055,0.0906435531406873,-0.0114559185038106,-0.163563579776578,0.0314962038130842,1.69429500118563,0.635049106443564,-0.891806402675107,0.802362813766786,0.477251737584988,-0.142776641488959,-0.0939446905684072,-0.455775048839233,-0.125358005288237,-0.137517711049442,0.0281722377741523,0.0349763169941998,-0.0156421272210586,0.254396739556743,0.358289619203234,0.601040205390722,-0.0651031500850852,-0.0080594572349932,23.0,0
153935,100724.0,1.99842713854806,-0.150851607635317,-1.15035743359531,0.498045199190627,0.0776060877001062,-0.654753866263858,-0.0109884306873764,-0.2142349362278,1.75634487635696,-0.129038749110674,1.38603113223868,-1.92738358536062,0.757039234234506,2.03091627380524,-1.54264172940037,0.0406806996033547,0.227948798710073,0.0873091446751502,0.411240725070697,-0.25871941766941,-0.364932803489285,-0.757817652543279,0.233207153248532,-0.404359430942235,-0.242021592960374,0.238301420071177,-0.114195937722951,-0.0808268688794235,26.43,0
197720,132143.0,-0.898645726860617,-0.530967585113491,-0.883500940556432,3.28503020151999,3.88979504705394,-2.29251790729673,0.88089640350577,-0.581624633743343,-1.88338995813101,1.50098665387355,-1.47167400974721,-0.383655581787593,0.179476324655903,0.562400985866302,-1.88445455964328,-0.0581331513765787,-0.87273162451803,-0.518821164057038,-1.71380586714268,0.276389768979083,0.643243853804152,1.52379174877487,0.29093492724676,0.0084655130694131,-1.12462724822997,-0.0321070078260356,0.0438140520304677,0.151500810318525,15.18,0
38118,39255.0,1.30558576581531,-0.476945635328237,0.0699142294130127,-0.821329051421624,-0.575764694529738,-0.509793581034086,-0.322762442777822,-0.0296260735689353,-1.28604127877463,0.759462978094166,1.71644238307107,0.0740665135451138,-0.337214421091278,0.363729686221517,0.106424514110007,0.857203956759308,0.413203125399795,-1.82328187579884,0.724767793392565,0.0611761146762741,-0.11708957935494,-0.540218537407386,0.133110860174405,-0.0096399595115562,0.225498611686396,-0.518628405764695,-0.0097025836258057,0.0034318792758156,32.0,0
172961,121307.0,-2.10789147736455,1.68842047800685,-0.0423958375053749,4.35213247679087,0.69562161759119,0.686163231523221,0.463015344233804,-0.218672939979647,-1.04899958743736,2.99917122190959,-1.30141460685399,-0.779562568066851,0.337922229989128,-0.144278677462703,0.55643570807572,-0.372440745456899,0.078775522963525,0.260642549516761,1.21582998305085,-0.409372047035347,0.335445056990853,1.36402350896347,0.160371576409938,0.714319017595818,-0.459059570706061,0.443812367487101,-1.35222429527554,0.423103507591455,10.59,0
192865,129891.0,-0.448837958489244,-0.0784575408030924,1.50632428303741,-2.17375446170216,-0.504258493047578,-0.421864788652825,-0.111428997586125,0.0668557102375012,-0.534633669531314,-0.113421811386193,-0.759250412016322,-0.299475986396773,0.868356941687167,-0.974293248888658,-0.765441551766354,1.21053197483903,-0.0811754338530879,-1.07072022263243,-0.4264442619188,0.251486825183253,0.512822166408559,1.58317112346921,-0.164402700742359,1.21496411396977,-0.127684198057405,-0.156112535105661,0.396101897898957,0.237468513883393,28.07,0
92426,63927.0,1.31262560723465,-1.61046300298285,1.63121976039299,-0.884216703570389,-2.21264778748042,0.679457984982322,-1.92693033267459,0.27369948619945,-0.513961482406671,0.977901447369423,-0.983140946246264,0.273486810446986,1.38144774266055,-1.72689308959937,-1.38746478264373,-1.28453142687375,1.36557697918006,-0.595685251201238,-0.148899278187397,-0.267728799228539,-0.161708518665671,0.375537758319643,-0.0227130329357332,0.145109260623628,0.320956463618117,-0.021942751945474,0.129228843604651,0.0370395723021832,39.0,0
103272,68578.0,1.22510270281348,-0.0943075610217465,0.33422776328318,0.542912216809983,-0.261252763535867,0.127304224762176,-0.276947961265657,0.144236416173272,0.443630723995504,-0.0193052538780641,0.179179058825082,0.50047953987961,-0.733829225604218,0.185118304538472,-0.694287224971755,0.28785306228528,-0.509186325648898,0.134894272247682,0.824953311705149,-0.116998723067161,-0.306302820124138,-0.797695755752303,-0.0342647550889592,-0.501075721211134,0.388741068564027,0.216666399084991,-0.0263375394940307,-0.0020523510422637,12.95,0
79091,57858.0,1.40663345735593,-1.51126252992059,1.16836301618201,-1.06745444864658,-2.34498258978046,-0.402911480398748,-1.67945137247875,0.138692320060921,-0.714122964894305,1.30391009122745,-1.24923409314497,-1.7789490040067,-1.6776267857158,-0.535042588331292,0.0024829838190334,-0.381165711015461,0.850345477109914,0.314453144022413,-0.0744285115229496,-0.426851132701654,-0.252961971446033,-0.311745078729752,0.0722220707718894,0.329409074401171,0.167792604236116,-0.190930559430043,0.0608843845129922,0.0320891391816016,36.0,0
160641,113515.0,2.31380966323827,-1.35634436694525,-0.726109881237159,-1.57786130996168,-1.29277731583123,-0.471628220807104,-1.2975902841647,-0.133438243889475,-1.07588688701107,1.54605353768453,-1.04417841441083,-0.695992351862373,0.72076438830447,-0.612237267832945,-0.05246614221717,-0.413717626901668,0.387930163356428,0.0273803757328291,-0.188046336099128,-0.414876469010176,-0.157100903191956,0.0821087241386511,0.297289057994505,0.717755517128217,-0.246037313431723,-0.208927682057933,0.0254118362225302,-0.0393324053999851,4.0,0
143357,85296.0,-0.834059265439791,0.915835590948846,1.34615982859494,0.115913525349382,0.640937972960317,0.40453930306548,0.740479293424437,-0.2226865083202,-0.0534249344348623,0.660134132182432,2.04535773364888,0.170054555663785,-0.72698633788059,-0.521719566338861,1.19385161895676,-0.460650920910902,0.346306568152806,-0.445678705686015,0.183607426703952,0.067382970610315,-0.179580496754394,-0.120169577100956,0.170568182913618,-0.347116862657623,-0.939328084522453,0.0503749332978466,-0.414839619740611,-0.261750013218845,8.68,0
45699,42461.0,-3.24781186118474,-3.82376222140922,0.691494212127485,0.150008895829146,1.02436080752856,-1.12918141271867,-1.72540361180604,0.922546787645933,1.02376489283415,-1.28458114077639,0.783190139573581,1.26993931857495,-0.0832928787721234,0.619187359448772,1.23505097541189,-0.759378625911649,0.318969879913739,1.06175512031708,1.49117079606655,1.3464406793659,0.826787068053976,0.967587589929509,0.3579325547422,-0.251211565277783,-0.700961031964328,-0.557543363357341,0.188017749566676,-0.395029293245551,202.0,0
218941,141532.0,2.06650009453216,0.0771740468553699,-1.68400279359078,0.453204101471234,0.262183117374662,-0.967523069496145,0.109980264013768,-0.177853009117671,0.661184929943368,-0.3446174462728,-0.671944267274011,-0.431494215768919,-1.10465379249561,-0.609120728114397,0.323988804616614,0.340386114281638,0.576716725115925,-0.200052532007597,0.0217511892873686,-0.232596107238584,-0.370950626967313,-1.02005953447496,0.366165452659644,0.607145313293642,-0.310882077693961,0.169099411110998,-0.0701272538259389,-0.0318410438683001,1.98,0
107859,70652.0,1.1359165853101,0.137693447739105,0.421275298866975,1.27595329384145,-0.133339298951397,0.129678745941052,-0.0849686655930422,0.167834152607363,0.122164439467072,0.065045792271866,1.05827197853429,0.901264499109204,-0.810310338142641,0.37866434235852,-0.729991944401783,-0.499003637435498,0.0455074704922044,-0.410558151965938,-0.0707298173284678,-0.232162848667611,-0.0616100200902805,0.0108228595410545,-0.0611118986489283,0.022059059800785,0.616122208401773,-0.327314540552537,0.0335713930868609,0.0032717685544837,1.0,0
168355,119185.0,-0.986521246138023,0.402243617441043,1.0225052613238,-1.29217787548358,1.4302072207306,0.440558834082551,0.714029293922311,0.222263457521159,-0.499414529073128,-0.914155736434822,-0.345176169330703,0.174189319270205,-0.0219846829739496,0.117177431224592,-0.899698683849314,0.781693314735428,-1.29196174963139,0.601797854917084,0.0232294452738107,0.0884383658448421,-0.0174645438428207,-0.274768599464515,-0.412110997890784,-0.338863447895573,0.828484015789519,0.277515235690732,-0.0633205482731738,0.0367943936932151,36.9,0
250444,154911.0,-0.600465894292824,0.114161562219506,1.27661756696839,-1.85831638966793,0.495034768744306,0.0336459422227484,0.766286209726998,-0.107342061202728,-1.30137568536847,0.06238946448647,0.151223147323226,-0.257471409259271,-1.00890459166171,-0.0781700462950441,-1.89351229755295,-1.74780907076724,-0.251827915443687,1.40121338117496,-0.946728379250204,-0.491471272964516,-0.239339734069579,-0.0259417712084347,-0.55327887356785,0.724043415960732,0.882123590435202,0.690239674738098,-0.211644214285143,-0.198706827267826,11.5,0
220529,142210.0,2.06016010968535,0.0185989234441186,-1.07285334436958,0.381576010657035,0.0184136129660226,-1.06335277690575,0.240910696540433,-0.365617028798267,0.382032066452477,0.0335547306913715,-0.570246636799217,1.00733497793713,1.14793313559304,0.0626967220058954,-0.0255279518912988,-0.193756007581149,-0.318779022511327,-1.06763889518987,0.0936877863567531,-0.160513732054796,-0.275957150112496,-0.600086727066698,0.32576504337586,-0.0543638433724168,-0.267467085519785,0.201880487493494,-0.0605252346017134,-0.0589890594103303,1.29,0
192414,129682.0,1.86679892850911,-0.417607515503698,-1.39255038746653,-0.0151868424037924,0.836727943439565,1.38747318441087,-0.357246630254395,0.519057103130395,0.501435837678802,0.0915984427923273,1.25971616877433,0.625816320976659,-1.36279538909673,0.832496263259642,0.611897303554482,-0.972768554945838,0.569173583147244,-1.99757496877027,-0.926450058734734,-0.422811962460117,-0.165263496100282,-0.288660821501484,0.413336541739722,-1.87757900721119,-0.625082971827657,0.341205455057555,-0.012431910947213,-0.0927402219330106,0.99,0
58771,48540.0,1.2188445943285,0.318008249810676,0.644037715257064,1.10572860187689,-0.473144949628509,-0.840597926139513,0.0321924138199298,-0.132676870930589,0.123677260392409,-0.0294538184618743,-0.341850452791992,0.199932640071243,-0.11408911013242,0.332601564815514,1.09425848663482,0.301501115080309,-0.492124039863968,-0.326615317509173,-0.281570954582127,-0.146457991422843,-0.279772570984578,-0.832863472166693,0.149213990579528,0.332832788224459,0.280452934522619,-0.692996091988933,0.0283882760497894,0.0327493265851401,5.0,0
141977,84542.0,-0.757499508576884,-0.0367210007468868,2.37957894581365,-0.722501985980613,-0.531465616171959,-0.779115679194137,-0.349920144535774,0.160679945585139,1.14943119929384,-1.30752347585856,-0.671438643522658,-0.199860855631862,-1.07488316088972,0.0432392141448586,1.80759418386406,-0.900365094624352,0.339576215458399,0.626386437547871,1.76216138399539,0.143134732854302,0.0699701995909019,0.2580355074717,-0.232398756226511,0.384786547694667,0.266455281781159,-0.502454766970073,0.139745528520596,0.0990399830454146,1.0,0
197673,132124.0,-0.73847898432953,0.519659283582061,-3.17601071417556,-4.63519769362746,2.39240042370326,2.21944297950325,-0.0350560936915446,1.36930903588234,-1.08300649469261,-0.733968317185403,-0.655668800678616,0.18118420024665,-0.129371904373848,1.26844305314592,-0.326207260955041,-1.79206305048458,-0.228352469210113,0.744639065674555,-1.68903007787242,-0.788104051336344,-0.0517563980081433,0.0904436712120851,0.108083474359594,0.711812052545758,-0.645795628731125,0.0121733463456508,0.0615085179982972,0.150838334421652,1.23,0
152733,97450.0,-0.235533299300845,0.661209143674588,0.73570349099882,-0.833021585765785,0.702918717957876,-0.364015662625405,0.925258129275677,-0.246503184109378,1.74516790566387,-0.758914743233245,1.0005982730448,-2.35141765320766,0.419483466043032,1.52158315614922,-2.19935151943695,-0.462447406527148,0.157134264282547,0.672394463642458,0.303457967157062,-0.0378744203165359,-0.0429307632086794,0.584957356115601,-0.354236825643124,-0.362294338177248,-0.135259115876493,0.0641315192248589,0.189903463280186,-0.0137303842390233,9.8,0
246307,153123.0,2.03179295580579,0.132559980937552,-1.50087140711776,0.533013521116639,0.159567242593954,-1.09775952299786,0.149413625580953,-0.216809302152103,0.527537519490584,-0.373476405414517,-0.14246548935,0.0889933540918337,-0.488947985583372,-0.716900539387973,0.265932845439478,0.13147151372905,0.740436460121796,-0.505703148705161,-0.206685285045595,-0.209929544857968,-0.331233034710852,-0.864920000856139,0.415489851356677,0.979916930838399,-0.356083124879861,0.146980845568308,-0.061703965697687,-0.0270112885464091,0.89,0
232845,147332.0,-1.19171424543821,-3.30875416061915,0.0498738881992703,-2.14871816119874,-3.33100684087771,1.40759641767026,1.95628995006197,0.0470722372951723,-1.47816627020456,-0.0547467366561134,-0.373137996633035,-0.898056443840059,-0.850405017628395,-0.729980583166903,-2.59764450414249,-0.142222197124491,0.263265190089967,0.478842020315486,-0.307024715076175,1.27683284392936,-0.0044661431667656,-0.998595142364245,2.07157357522899,-0.596382241988121,-0.0464429294936566,-0.601492891601457,-0.27868266385826,-0.0040766388353342,835.0,0
257601,158249.0,-0.507759857559731,1.21537340970485,-0.660997933741407,1.22925600068247,-0.42121981128141,-0.80087337248119,-0.186379379982317,0.54202718488879,-0.584137989967778,0.0409267161891299,-1.03188488965776,0.165738038039933,0.0350428175858105,1.03496307870239,1.14592045218694,-1.03424209460205,1.01688178720954,-0.348189703273565,2.71227768632808,-0.128629375416751,0.0136619161626816,-0.0926563120924357,0.343884251712742,0.0175277086383931,-1.73949473289413,0.417558360656376,-0.218392469860759,0.141288754206888,9.99,0
26368,34027.0,-0.166460417074895,-0.210488027207735,1.29684036684219,-1.02812093978914,-0.353079355815644,0.278924177707871,-0.346112652378878,0.364135074574427,-1.39144723206153,0.558612871470529,1.56778474121859,-0.734153693297138,-1.34697107209464,0.365419094004823,0.83395544450221,0.544522173172559,0.818664040166656,-1.53384533627012,0.939031951056377,0.11997327900071,0.18114760265796,0.311054165333533,0.312283114293917,-0.352908761173249,-1.25771454027388,-0.502124662793963,0.22121012998932,0.188435426770088,32.0,0
97525,66258.0,1.25927317829794,-0.11569363250037,0.685893993867343,1.01863376415675,-0.370483405483465,0.579462727157495,-0.65357023842507,0.23027627026009,1.11685261109946,-0.172706438654465,-2.18720489259346,-0.432420669241262,-0.572913177499019,-0.275323603887248,0.373503285231937,0.525496440888169,-0.708459355936791,0.497644375977699,0.323306234202145,-0.152061498766878,-0.166889367172752,-0.298497574692643,-0.163175796962134,-1.02987871811123,0.5746203776547,-0.319115780050838,0.0659034547113048,0.0215541647626359,4.99,0
250257,154808.0,1.94095275886717,0.679467576161129,-1.93520258792186,1.59537633288478,0.704762606150751,-1.30551516951712,0.567423117197756,-0.384069079566766,-0.0107053215971021,-0.741882963440656,0.133879336052269,0.602243349233547,1.1693690496673,-2.10555053969865,0.41413869091012,0.60888606062849,1.22138510624056,0.248000190566257,-0.698656939226341,-0.0716876270503482,-0.326835546692271,-0.826319487778867,0.223465386353278,-0.315641880862904,-0.0656352345255745,-0.920838695373058,0.04200971370515,0.015191213660974,32.1,0
107630,70533.0,-1.78724212179437,0.227819726342622,0.736906498515804,-1.40672572470855,-1.52777295552693,-0.104906989114792,-1.34756681710843,1.22974303494094,-0.904559077690444,-0.0961752582242865,0.863619136616782,0.720821191670999,0.266132297007174,-0.0582707364848372,-1.4435908630101,1.15464291182434,0.696534191166798,-1.14136922549869,-0.127008498776528,-0.380987179967595,0.571351119471788,1.43099996416915,0.0373442448527971,0.280039649720247,-0.236640023407645,-0.292084435251984,-0.803056399820095,-0.39223189037665,9.07,0
241155,150907.0,1.95259254793087,-0.724596519903794,-0.645839320688456,0.106496254961931,-0.627272707669861,-0.176666965306664,-0.680976346086339,0.0512459321593379,1.73493143210329,-0.20435850432039,-1.77505639080982,-0.351512691906333,-0.871913889100872,-0.0246910616958942,0.734704509395497,0.31474250204892,-0.609441807421132,0.423106911871077,0.0821906055558319,-0.173124124327812,0.148946178811748,0.545481148013879,0.0240131953638281,-0.759901201264831,-0.137571135116794,0.174571959837548,0.002809654823876,-0.0448982669057983,51.95,0
167018,118437.0,1.7691919158464,-0.151127866730814,-1.59265791448646,0.965207911925323,1.13229926094408,1.06551016310703,0.213043526251503,0.192454170137536,-0.0666775296908545,0.229185558621012,1.02573542786401,1.54534067027658,0.743610954891559,0.533692469747292,-0.0942055392207819,-0.817659801315878,-0.0770693752426001,-1.30878862782426,-0.779420916955071,-0.159376131456397,-0.0069355774359138,0.0957944018752593,0.121663218450015,-1.64765156100278,-0.0533792784975108,-0.672273297788148,0.0394946663422152,-0.0627281359927006,70.7,0
38658,39486.0,1.27761550906948,0.0085270859525092,-1.15430596848204,0.258948795048481,2.19375276155309,3.60418599478164,-0.448926153533064,0.851077917323215,0.173329813990368,-0.0148259319641006,-0.542440082848131,0.235823954990299,-0.224137907797123,0.189806975259994,-0.152089687583931,-0.10227498768647,-0.511051608340644,-0.0778439815759751,0.36593403468752,-0.0538512715732708,-0.187916205873319,-0.476908112062869,-0.120082287769419,1.00949732418224,0.89592151829584,-0.325839628513173,0.0267376579036011,0.0111693186559834,1.0,0
247828,153704.0,2.02132099910399,-0.388226843587694,-2.74766756532185,-0.760129876207967,2.43621188665973,3.20529353904084,-0.426605563344064,0.728348045523108,0.485268965106379,0.0205199790072994,0.0569703118598347,0.286095247034265,-0.126340391064203,0.66828246289046,1.20231721734353,-0.246641454968545,-0.604387614899638,-0.133819155257086,-0.384967582018676,-0.131084557942851,0.267898202384408,0.779347727745227,0.0235661504007063,0.739329315448745,0.282648665113616,-0.0828158605516268,-0.0007755510525647,-0.0609850045576719,19.95,0
1450,1124.0,-1.10249088427075,1.35543491312433,2.11898111923054,0.242653592540008,0.685721128289143,0.468232138004424,1.1309349211604,-0.675945060150491,0.0413377819783889,1.30481652947173,1.06936484552217,0.501804842261991,1.00347310315267,-0.810038040823859,0.812404418405943,0.0239573385426779,-1.23593144826463,0.568034517818272,1.11973399408857,0.439737422401477,-0.310349189880524,-0.28456611387034,-0.399065623853863,-0.519518165314473,0.134753872160395,-0.644480652535839,-1.27359842517057,-1.05759464036208,10.46,0
63064,50539.0,-0.737679963672916,-0.868294635491258,1.16538678070306,-3.54304003391398,-0.792302894720336,-0.0278052975340628,0.179904409488586,0.128940614016383,0.351717322497566,-1.26485707608401,-0.196854716540629,-0.0279188083363218,-0.884806082232521,0.176781697541126,0.666383186047785,-2.12715731862946,-0.182666277621941,2.68776052030484,1.38557000114399,-0.100744877699468,-0.249426863372409,-0.380745986154869,-0.143486879330009,-0.891483745420275,0.679306080135777,-0.645774598162882,0.0828616664795398,0.0663656978951057,137.97,0
236658,148902.0,0.532561236360282,0.625852615500509,-2.28654998937552,-1.22536820353744,2.66857974662778,3.72120571316682,-1.19282594632612,-1.77294300263807,-0.297182182100457,-1.38588678092998,0.172089842182237,0.27874622229773,-0.631839544812508,-0.186848232887259,0.215786763584029,0.50931671520977,0.454950549969199,-0.488697366642458,-0.771038453054983,0.53309416519905,-1.64157343007577,-0.783681297415741,0.223900153177044,0.588021707524088,0.481157916800345,0.242789422109819,-0.0438091550892419,0.113255649912004,0.99,0
121254,76126.0,-1.58700042746877,0.862511203953373,0.433885367818301,1.10147079282852,0.113289062254923,-0.727251433234587,-0.318422856910018,0.784909790598812,-0.871856065709389,-0.552102447260501,-0.58402654363689,0.333727215680331,0.170616481708284,0.997140335949094,1.24440363832025,-0.35572734878643,0.427645639056991,-0.282814911798867,0.0773458534315065,-0.311261735564037,0.27083128289406,0.531807311670378,-0.289466339299297,0.121042200495032,-0.359923707895599,-0.316998383085246,-0.0557108655850397,-0.168729930730195,11.52,0
103902,68845.0,1.171700814637,-0.212914052936192,0.651266475931283,-0.165861089328361,-0.745156207321151,-0.369247507079041,-0.450410863853143,0.166995868157215,0.280321141871607,-0.0591964245822226,1.69181484370159,0.491681802228907,-1.08620912217212,0.582428603796509,0.907214524299917,0.30200382733763,-0.200669545205321,-0.305559517070562,-0.111473653784603,-0.150539450060982,-0.0504147259638803,-0.199879245417703,0.14761488118193,0.257603649406066,-0.0508650039895157,0.907043769704587,-0.0658725541145237,-0.0034430059510429,7.61,0
206151,136086.0,1.52622877115874,-1.26071931856174,-3.16357190231336,-0.581217795219946,0.364095078273644,-1.47449695929901,1.26694974968374,-0.62465855283573,0.548598764703537,-0.334160595189168,-0.971516436742736,-0.53558724838834,-1.57223078911812,1.1962171635445,0.358737223039577,-0.967991823534708,0.142540002761486,-0.500950757143878,0.429375629596537,0.422931227571381,0.4425171747465,0.611063047577339,-0.444955501963641,0.71837518054198,0.473642478943412,1.01609499108286,-0.22598486490323,-0.0380813493093584,353.23,0
223219,143292.0,2.04868823176349,-0.30194513737039,-1.84031154127987,0.174653434053427,0.372787222201526,-0.320534949927798,0.0025318083887235,-0.0064432667267174,0.802883951251054,0.194629913974608,0.0779380508978225,-0.329383687901461,-2.34138658539918,1.00833370892484,-0.265100915198914,-0.233495951300845,-0.479298484843571,0.741393280746925,0.296820506926695,-0.346875543166315,0.371763776445919,1.16582440780414,-0.15156957542555,0.307713720210678,0.498551932620873,0.0959248350823207,-0.0468243990683926,-0.0790136150471335,8.5,0
1023,772.0,-0.353542513806404,1.14072889118667,1.19411828390674,-0.142210107171253,0.319211013389811,-0.447582410902626,0.655978468746473,0.0492493654959411,-0.754068984345987,-0.365178761388733,1.32669128924011,0.928632094102823,0.898279134180523,-0.413750726448089,0.128872573286051,0.638132436675801,-0.409618252396945,0.365714444946431,0.318978130367803,0.182666371360569,-0.22604688659618,-0.571581202265634,-0.0827452683495267,-0.0312969555528024,-0.119750141706046,0.0724454069413689,0.247384436200559,0.0862418912253384,1.78,0
256829,157883.0,2.06725387544557,0.0300951826532658,-1.90371091074055,0.196124745688249,0.627307449212471,-0.301370626182012,0.0078489316468607,-0.0052266615751703,0.408788982385648,-0.18081594107929,0.538247473784603,0.179468895652229,-0.867791635714255,-0.491579343032849,-0.3576225571492,0.697836604644505,0.0997321929053881,0.46004852634077,0.531699925499393,-0.190669164373386,-0.356044909614171,-0.997355464211032,0.279391073758909,-0.0289500346935749,-0.254738841249825,0.187474315901626,-0.0730797677539765,-0.0477001236971459,0.89,0
277314,167589.0,-0.700039017294647,-0.407855369389361,0.136552157093002,-0.188158953248136,-0.667499965948856,-0.176049400249913,-0.324468902744534,-2.86496787618854,-0.112537992438835,-1.35633480797188,-0.995643016119629,0.388092876447853,-0.184842220251088,0.568290633899875,-0.013713965629378,0.434649748515666,-0.367817321783258,-0.280133299771166,-0.713386431372026,1.23357085595327,-1.06757560493717,0.203557005207254,-0.407073487783246,0.102416386576043,0.543910464464187,0.584991807450291,-0.0340137164333909,0.30528449665689,359.8,0
65557,51642.0,-0.69005682350598,0.612146235442036,1.60180842601464,-0.949266591627507,0.0258663881687782,-1.0403904795575,0.713355622230005,-0.374522074150817,0.199181694291922,-0.121875109901738,-0.241320835030715,0.233484728415834,0.692842707416204,-0.483908842068947,0.565408098423824,0.480486983740937,-0.804943263668931,-0.465128625840729,-0.61039853519241,0.0852726927833457,-0.121714777046271,-0.142973743689174,0.0295115797316235,0.438524697116623,-0.32241109490732,0.662331093912142,-0.224223819624887,-0.0976017176678836,12.99,0
227490,145097.0,-5.95370319530671,5.56952032931055,-3.49433788895892,-2.94416192194451,0.608216192377154,-1.03485070453666,1.78600358930106,-0.354886700455781,5.03429098035159,8.62248174522059,1.13196920734166,-0.113828181541668,-1.20956993926168,-1.50881868730629,-0.15308589921083,-1.21071608458908,-1.3097071621241,-0.198986281471916,-0.472207848107627,3.4661540155345,-0.810654198044193,0.519473067855263,-0.11187270537642,0.140380946455728,0.817169984785016,-0.091990608104233,0.848641749505332,-0.69259702069927,1.46,0
97680,66330.0,-2.47359208264243,-0.742804652747815,0.250403650069425,-2.40835053157795,1.1345584687623,3.89462092109607,-1.34554086528235,1.55929666516691,0.0402885127466918,0.362794415639747,-1.02693491416786,-0.555257849965625,-0.0063294738557514,-1.03588490009788,-1.21723613928586,1.25336845075481,0.153343310285228,-0.72241956308422,0.662743980445885,0.141093424905171,0.104962953734283,0.780682302551726,-0.315166708474756,1.09539002212681,1.05496213175591,0.0474495184149917,0.430392307225648,0.173691593092865,80.0,0
283840,171920.0,-1.40974730461614,0.342988324668373,0.628369092247276,-3.31331184323665,-0.407065079735693,-0.662960241106695,0.463069901618569,0.137391867680168,1.87843333221808,-1.61706565983832,-1.25551319719071,-0.0587437511220041,-0.834643618741906,-0.152259748720783,0.32356495303654,0.107070296796643,-0.798197899936987,0.481499231386722,-0.739952531037986,-0.278205192256378,0.284777172782642,0.993058141550951,-0.408330755857747,0.776132541080679,0.193660228925175,-0.310123157697564,-0.291422297589703,-0.092172043980471,69.56,0
246265,153103.0,2.06316947712056,0.623234206777572,-3.16455590700535,0.616304449273313,1.246961417694,-1.36234816848321,0.697174063761216,-0.319872342921901,-0.178471997184415,-0.865513766924557,1.7077490139913,0.170844664537128,-0.710642083857587,-2.14113324689829,-0.660305977075274,0.530343042679438,1.96476970915905,1.07996262831368,-0.0264095322515303,-0.142344563598533,-0.0199444274056559,0.0938122159075903,-0.0449504337712728,0.583750626715302,0.352443626964505,0.660088946525249,-0.087942557519808,-0.0234195290748089,0.76,0
161784,114521.0,-0.199979343732786,0.913501946725778,-0.824472843082434,-0.701144144513647,0.68006304125628,-0.914098978062186,0.572446955269604,0.16492546463404,-0.0656302195205185,-0.699116012331011,-1.3133996810022,0.0226958064035452,0.0237282521310772,0.658029160380848,0.209769517283294,0.0244426675222905,-0.612184269592689,0.216929163250074,-0.445070747423779,-0.311308670716115,0.422524250186765,1.07481710567628,-0.0804247305244161,0.60444143065393,-0.479483823371225,-0.325694267882313,-0.132976413850952,0.0616386134055441,0.89,0
280356,169474.0,-1.83987998056214,-0.328574211050402,-0.916226058078821,-0.748231780132245,-0.876726265095715,-0.850806460940603,-0.0441086207051709,0.758379389107302,-1.24518709852021,0.363058689824095,0.137751067663063,0.151149310541847,-0.745953424713506,1.16845803135412,-0.369418198744356,-1.5522182479156,0.108812118286744,2.17857681404597,-0.538546917133525,-0.294382934689081,0.194290836930717,0.779218182352939,-0.152802839086108,0.022386040849372,-0.429985360442582,-0.0759028337184498,0.406710210730478,0.0170796728465031,147.5,0
166028,117817.0,-0.284108583573649,0.23261304697713,0.17307371982364,-0.367776739473282,0.824146587281831,-0.47834825133305,-0.0020430170279077,0.0678865334373223,0.821988580595788,-1.10809601051873,-1.11518925276321,-0.322804538930319,-0.0789523969130687,-1.49055097450486,0.413552496199077,0.648870779839069,0.118421627443872,1.12880802467072,-0.577709070806061,-0.147598704807042,0.307232917590023,0.977341969522683,-0.124064890592197,0.398731850517881,-0.557589786797558,-0.296607982995749,0.0542646063672659,0.182901468406371,14.8,0
10023,15095.0,0.793703636555744,-1.70030380325569,1.29874213704588,-1.31080702869182,-1.95287888930133,0.427639685914309,-1.29399640750996,0.285794048676318,4.73032130596062,-2.22201650759293,1.15199814619615,-0.751835194942553,0.995028305853896,0.61818159894929,-1.72145430381156,-1.23020108159517,1.04657270091058,1.22874841340814,1.677921145979,0.227866063881627,0.100235702179468,0.721508316907681,-0.438280892363311,0.053401919394499,0.659970224625117,-0.552177645515756,0.0893753662279883,0.0509295680116109,205.3,0
228515,145545.0,2.06554018109455,-0.0176598531261464,-1.71122030371304,0.465924377773893,0.145357973054822,-0.998667641741261,0.0211684408639008,-0.103484572068289,0.859392882743555,-0.306169868884442,-0.895182849859535,-1.12769066796755,-2.41369120613851,-0.348606050004371,0.467612650784849,0.4017903999693,0.65152087198235,-0.0394493708585835,0.0305892719881018,-0.316466809172915,-0.386001382426046,-1.12726670758066,0.381877768144291,0.571305003283706,-0.355174067906596,0.173486088340747,-0.078684750718026,-0.0346524350570959,1.98,0
85176,60641.0,-1.25418710204371,-0.339291784688728,1.02549969335237,-1.545708806765,0.787045741197119,-1.13861301065361,0.352155212006219,0.0073408939906357,-2.07454735504777,-0.356418800071002,1.91998347233286,-0.205391963635157,-0.081969146232305,-0.771609742556727,-0.504976710472352,1.02917307220605,1.02305408951209,-1.0073402771912,-0.183363140699223,0.40341688759034,0.424346663514254,0.763285959482671,-0.175607141544666,0.174192776540112,0.758422349794003,-0.124947957879498,-0.0315468633778514,0.0710330509268545,69.99,0
131350,79568.0,-0.466406622483692,0.70794461905516,0.239834512018607,-0.151032828821021,0.882992065423522,2.2330717505951,-0.112740898462685,1.0454551797505,-0.898947596119521,-0.526889846198435,1.20986008489201,1.25761701239205,1.17505102855388,0.543682672270974,1.44382955233252,-0.711540702932342,0.478370289444901,-1.24802428963627,-0.292874197401064,-0.036106018767645,0.203303303897516,0.582876289763181,0.102320599456597,-2.13691512501693,-0.591022633236134,0.59173885312809,-0.0381204825828518,-0.0574430722277246,48.0,0
10836,18516.0,-0.697308983954329,1.77465996647679,-0.921392037969441,0.796449126269367,0.323098564031151,-0.271785901658763,-0.0331702411323029,0.799281461767637,0.593605381207581,-0.0968978126852698,0.618989808830996,-2.45703630833704,0.822095092598653,2.82412399647665,-0.634805799066063,0.222144714232235,0.29870371545879,1.21314773124261,0.877348179774299,-0.111601848511188,-0.0006188733199804,0.189079074369825,-0.0166703682936797,-0.915169363773429,-0.548666784753534,-0.38634901177938,0.263307140949602,0.124924579342057,0.99,0
167232,118559.0,-0.0554026165293474,0.655012421011006,0.158715335569413,-0.454568891497099,0.833790288522198,-0.249410598521668,0.890681611456021,0.0315119086134985,-0.19761181375548,-0.510332326498511,0.562449756749554,0.452998780413566,-0.946323940508412,0.617057602189748,-0.850871795879185,-0.534410886746774,-0.306254025384479,0.0741328337195672,0.807774067644654,-0.127739680924431,-0.0210583333454716,-0.0257658409084292,0.0821571405201107,0.669298417247944,-0.822657224837143,-0.617887432400135,0.21036533311357,0.221918160701932,13.95,0
234528,148011.0,-0.42471649180484,0.83696484024833,-0.628232697486829,-0.973852573060075,1.13051521859099,0.208991021242206,0.64820428013084,0.441473422377845,-0.611996320627249,-0.733980241707508,-0.477012668343325,0.718008500381249,0.417323693828414,0.549323717034683,-1.38464713911703,0.34755595790159,-0.823093775828903,0.169145751229723,0.76285528051699,-0.115178060682018,-0.0681531065993095,-0.339855921614404,0.0288228953936906,-0.329134123656058,-0.718658135062472,0.148635709026266,0.0125042946648068,0.118423348795346,26.01,0
172054,120934.0,-0.673075551710622,0.581842548767442,2.07534714598145,-0.758279246529533,0.240762965773866,1.1396886242488,0.100521742095923,0.400097539190007,-0.0040780010030775,-0.933591639157095,0.309943306996426,0.881431944038857,1.00555188155422,-0.354905536711623,0.252039966954907,0.488306419748367,-0.983977007186872,1.02655162252951,0.666615437409338,0.158753282318946,0.105417276836748,0.334940699362798,-0.369446886874453,0.0501581324330618,0.442077480184643,-0.220739098563809,0.0906231628751691,0.0725170229075633,29.59,0
74947,55823.0,1.21619555673995,-0.691106379010501,-1.24263052322084,-0.674484896115976,1.61801358705885,3.40509118745725,-0.685440131570948,0.756106677509035,-1.20355192787073,0.815470734531332,-0.327845870451134,-0.203009173187033,0.308863381491862,0.382496527990627,1.03095593325262,-1.00934833654865,-0.697023217712215,1.47953696519453,-0.709894551845228,-0.226447156174078,-0.536019018517475,-1.44061948102559,0.0151370529817379,0.926662076281413,0.472324925986031,-0.556267247631395,0.0292751384823767,0.0413433355819034,100.57,0
161845,114574.0,-0.708768672506225,-0.707660635954665,1.13433833849356,-2.39013307260462,0.172521398937632,0.058275066136333,-0.105827451440578,0.264022793367717,-0.946386153548082,-0.147135540595396,0.186860100178836,-0.560986698940968,-0.468890867813781,-0.27749385826168,-1.06506428023633,1.81834138418866,-0.561801341509452,-0.629326577523649,0.438869553303752,0.287647051486455,0.121181179641427,-0.114006417725056,0.211234570825871,0.219547387529982,-0.380679291661945,-0.623528771037584,0.0763677238048614,0.156789467290821,88.0,0
137171,82046.0,-2.14755644455654,0.724658031968452,2.18603516275834,0.862975261355081,-0.41819326052184,1.29102478245755,-1.14203030171427,1.43992134835861,0.242775533196135,-0.920608253368267,-2.38870631395875,0.848251667897326,0.904128376694882,-0.985970661171928,-2.54718686897731,0.419345403308165,0.22260379581892,-0.789628503304634,-0.932482080835721,-0.225752077515782,-0.0707642567579719,-0.0066061639243261,-0.460929362229028,-0.655422431436333,0.414467410247328,0.997727089720287,-0.0189462359214963,-0.141949951489863,6.03,0
181623,125052.0,1.79770942144931,-0.830647357986088,-0.297091169426819,0.222412188519726,-1.03166939435211,-0.409841664716603,-0.696758933296428,0.0990849677991316,1.38648247025212,-0.048362370518487,0.669140333203254,0.69887663796868,-0.911415523462781,0.187734155101909,-0.0919534322676373,0.316109013038266,-0.615706005706725,0.712461573572318,0.110366147148123,-0.107455757468491,0.272134439140575,0.790173475054825,0.0804558159629034,0.0995763839022629,-0.271905943193567,0.0950365491790201,-0.007801572372123,-0.0399734015044971,83.44,0
73804,55286.0,-0.60875420050128,-0.446865674036573,1.19704116057416,-2.47556740010163,-0.0118182317836544,-0.855815927133954,0.0360843987514611,-0.0838830988330114,-3.14249032090188,0.916987569083419,1.50119220309958,-0.0067075343397332,0.795006465204287,-0.0548467950487336,-0.901153137096194,-0.819166896002228,0.487023612681598,-0.249294754551136,-0.809940486024752,-0.2479403308031,0.043529582320876,0.375018725060077,-0.159864647924465,0.226501912484982,0.219307537499672,-0.239372177545334,0.0675742984118373,0.0884218898550172,15.0,0
89889,62774.0,-1.04770029675608,0.215423306566762,2.14893549745864,1.34309133816046,0.727573871193701,1.16072773799244,-0.0485237022820579,0.574369255061145,-0.701721924413838,0.0047455562396266,-0.0294849670152262,0.16648220950944,-0.125807282487617,-0.214200272687511,-0.889448868870893,1.1106722782456,-1.1167584453273,0.560941465027362,-1.37388220117295,0.0689705448889236,0.302085668444966,0.664226010972208,-0.064490076293883,-0.86284037405501,-0.141826343945812,-0.0206898121930848,0.106945512915556,0.135115681221971,64.66,0
66112,51890.0,0.855444975064039,-0.368898945307343,0.240776398989794,1.19428608509752,-0.39521274144674,-0.145568341799224,0.181326205861831,-0.0065528900243743,0.0595818320260299,-0.0124345445577594,0.791281982735882,0.907049321825978,-0.214602811216547,0.365620892999753,-0.417027627106291,0.165011892527266,-0.550593962208491,0.196648732072901,0.288193849188549,0.215580086949297,-0.0752135725277161,-0.533726174083133,-0.187418675925784,-0.0199367434289251,0.47681046054645,-0.527904936825124,-0.0088038931723948,0.0421457697747239,180.83,0
38887,39601.0,-0.505120169566542,1.10001253471924,1.62906311584431,0.619591429376654,0.441620332396079,-0.715636755333198,1.44782040254105,-0.996299545526664,0.717490262378137,1.52160916928796,-0.412337050865518,-1.4368242311993,-1.89291111507212,-0.341082467642044,1.37458043641777,-0.641669597012479,-0.529547678930114,0.173167536414292,0.406437728526429,0.377107171742189,-0.0976237337811511,0.42290151756725,-0.274836096204515,0.345473341794796,-0.346577293696869,-0.459388952698612,-0.554823307540253,-0.606075930214261,4.99,0
106463,69977.0,1.25854247049106,0.371007307672932,0.30880364396309,0.689643835609058,-0.351248561954336,-1.06598606119712,0.0984153630693748,-0.214110738765115,0.0040700812090065,-0.287849623736178,-0.0383694863512898,0.334672190645492,0.417542141206329,-0.326010419703954,1.07328772211482,0.471020822745109,-0.0181520959084114,-0.32103993627483,-0.197389179122902,-0.0701792577291989,-0.286306445399706,-0.814804228475321,0.127188743318076,0.344993455538586,0.223598158079499,0.0942029064786537,-0.0216630013011379,0.0310223671090272,0.89,0
82685,59506.0,-0.698542753874564,-0.901166276563582,1.93993316494701,-2.56048267875261,-1.11576281976222,0.0146003358539483,-0.431969272426638,0.242707645872424,-2.36517651930388,0.758011879674592,1.03670626531878,-0.752998198121429,-0.22399810756264,-0.289039953384091,-0.255618243984101,-0.0019881564399581,0.133934841312337,0.548701039941585,-1.18837731418685,-0.169522969132832,0.163905394127072,0.562500997743803,0.0763693773047964,-0.0190495450510778,-0.100030450165238,-0.266963186404007,0.0872444750194298,0.107071446115603,100.0,0
176199,122666.0,-1.2681887664914,1.62216016266026,-1.47503932356165,-1.46902091793625,0.987557332989928,-1.33795906874208,1.45146210562093,-0.182051869742948,0.629513249056034,1.29890256954088,0.155796658495361,-0.567734935408254,-2.20699344539018,0.915032435472902,-0.545473188544112,-0.334183791370813,-0.764176065535596,0.421870591830886,0.207232922219086,0.411490686916164,0.0714436789179496,0.693169713403759,-0.165069952981714,-0.511132718101343,-0.0568628231387012,0.130903299092809,0.888849012762785,0.632949714638906,7.7,0
68667,53088.0,-0.623057669352723,0.57932152485055,1.10817522911577,0.253573921604204,0.908580975684753,0.671215328286024,0.263170214633773,0.283905539500386,-0.445343312562142,-0.0933759484532046,0.2333451115186,0.166612194869997,-0.166227228635674,0.325619872240104,0.489194264997814,0.49276237559562,-0.949929858280043,0.549829689148309,0.0608588252675213,-0.1134592662656,0.0721603123512992,0.144267497860948,-0.125687785108273,-1.1865884478321,-0.554932393897289,-0.536373990266845,0.0834719439685654,0.173937900735407,24.9,0
170684,120307.0,2.13172850866795,-1.69799083883406,-0.362026359196967,-1.64135236707311,-1.58924571481718,0.0702493712828544,-1.63742599120464,0.166082582418235,-1.06840741264091,1.66017037015848,0.694481143844459,-0.267078776514627,-0.0083891176119636,-0.387464721118122,-0.437931979326898,-0.0005787706765371,0.167722004350934,0.471351995975385,-0.004084837156214,-0.345080735185779,-0.249772113421755,-0.405266683621934,0.43540245654861,0.632863719592006,-0.656204123858019,-0.466259275582631,0.0296680641689479,-0.0304589789492915,55.0,0
145584,87064.0,-0.940998897747765,-1.11096835697767,0.881710115653572,-2.42695771203079,0.923685343229006,0.221868932032406,-0.502218833048905,0.348675913256479,-0.848793116197249,-0.088879005594838,-0.383032160207933,-0.768180610765361,-0.303173197164377,-0.347512332466095,-0.997546486655484,1.80498066358695,-0.693082010661015,-0.16864606632492,0.430123100654324,0.364571285404203,0.466050904227769,0.888758813101961,-0.1069240079411,-0.349407427962174,0.132826507913346,-0.167626568538723,0.0589201057292355,0.138037460068375,66.0,0
215896,140268.0,1.69291614309076,-2.04713586911491,-0.242721739711955,-0.742562750648395,-1.81056696415396,0.2153560950857,-1.52273708327278,0.368961231768563,0.671401912792837,0.8169191368421,0.331572346060264,-1.25204920763617,-2.61508093972412,0.0020893454599952,-0.0611915241089067,1.80056767618115,-0.0356930891489033,-0.106669381322704,0.644958870781542,0.243682888452874,0.383083913582627,0.536615997430359,0.140607793965327,0.711208421679586,-0.620192442205478,-0.290079064084158,-0.0218306665205988,-0.0079962629350674,213.93,0
203461,134831.0,0.934281138117804,0.807181957194816,-2.52984226789267,-0.357750770863361,1.39070342053053,-0.445516816976802,0.722339168567866,-1.99567570098618,-0.263356122334627,0.155629312556228,0.279705076139981,0.611602150506251,-0.655136596840814,1.30091852148915,-0.984180977359808,-0.799221743805329,-0.411720264491967,0.20790648303862,0.42575313909812,-0.562663796493556,1.9860214595494,0.967368277496809,-0.0730332889396009,0.280307298729851,-0.0591321140080299,-0.0552783253399984,0.384434990710651,0.403406279317189,21.22,0
186499,127135.0,-1.90027040509807,0.689543844804525,0.692622782470593,-2.00806082943622,-0.359773583222702,-1.10755335038658,-0.139680250425322,0.301480389961919,-0.787798021021304,-0.572830652732932,-0.517662531407818,-0.722656843703526,0.661798851178341,-2.24531676412549,-0.289777371525962,1.90364558901139,1.26227170319899,-0.4441521666206,-0.372433030410896,0.0991308022940753,0.173244558539512,0.634294056466378,-0.30360458030521,-0.0410490666062403,0.916488539992349,-0.0411178627207544,0.0553183384500205,0.152438118827363,19.95,0
110208,71723.0,-0.255469628740006,0.878648614059426,0.716018009914045,0.230194081573536,0.814720651580659,0.0157720670895987,1.01163662719711,-0.11728459664539,-0.607767761948709,-0.473313125696338,-1.67084460028313,-0.186567311003859,0.937384755391371,0.047657995759188,0.731929618174022,0.340998831483933,-0.9670144847284,0.397589616943868,0.279952478617903,0.123647862571382,0.0492083168026257,0.090279354404057,-0.302129328102968,-0.997084106186733,0.48432494215834,-0.285864591745308,0.0235680677547315,0.01788294069763,53.97,0
186202,126996.0,-1.98560934947189,1.06223825135036,-2.21155134077849,-0.257608046200658,-0.220543170675378,-0.319007536051264,-0.257405600311067,-3.99679530337858,0.757297370382478,-1.29097794870865,-0.8785874031086,0.724669846497348,0.2148593815561,-1.27959763509752,-0.835335667854524,0.306338856502786,1.4045123346198,0.164574755135028,-0.324930657248367,-1.7799543117817,3.61735531675195,-1.10623398067582,0.0997209645225475,-0.175238063487748,-1.96802045718337,-0.400066427519925,0.980114715962161,-0.123252103502243,209.06,0
125563,77718.0,0.890570453067483,-0.52098625400906,1.0583139719693,1.52327214270955,-1.19994253933018,-0.239411739452849,-0.457491591189783,0.104253740458271,0.895172996519374,-0.108134303679976,-0.930088698093624,-0.349672268067834,-1.17122405677947,0.0271898386355908,0.741691136473086,0.363121885057278,-0.343163420543532,0.388543087781684,-0.522311222811081,0.0733737046580215,0.195058922276218,0.351059760565589,-0.1979957366733,0.386348903741154,0.410114990934167,-0.253654325618858,0.0324492296965471,0.058037617931151,148.0,0
103076,68485.0,-1.74121800238925,0.0651000860971698,2.05868952358189,1.52129036375896,-0.728482276704799,0.295811818866565,-0.518378602231427,0.740353782860787,0.042036760258977,-0.508565975374815,-0.926872585781857,-0.713480961542953,-1.57861508253523,0.406258492885304,1.47680438308179,-0.211970855833685,0.53234990925375,0.161610889853936,0.431369456878268,-0.196167002876355,0.0973298032621053,0.160982234928889,-0.392150986958639,0.0585645706409347,-0.0079004589030853,-0.180489836025973,0.0671868840394599,-0.221389925252263,96.7,0
117612,74739.0,-0.530306729067265,0.699513448867543,1.60691620501958,-0.232682432194688,0.67337727040785,-0.482807927942383,0.894607441470303,-0.122401263877049,-0.431902677389992,-0.285600517095092,0.730124588362728,0.0967733869684329,-0.807259515946998,0.295075800995114,-0.315856020483646,0.614321223535751,-1.22615113831354,0.576900223031221,-0.643890477578654,-0.0987767343155847,0.0390978604849937,0.126679070148067,-0.214368948923912,-0.0352616160871918,-0.114870127673263,-0.684924265749159,-0.0561307781320521,-0.0939125784557341,6.95,0
243092,151788.0,-0.269121568067636,0.281703657724161,0.81482185985625,-1.35902520151372,0.609985432800879,0.173372944738812,0.311142935168863,0.280106295326586,0.198463621890726,-0.691234000596026,-0.0337217198567261,0.117132552169728,-0.81234420481226,0.151210179504403,-0.858430889936774,1.00897533013862,-1.25284640094871,0.407325657986285,-0.242027061137747,-0.160256345640883,-0.114814889313753,-0.472727340402761,0.200465533789118,0.150491641396088,-1.20078423026001,-0.0118647209326121,0.141802794603474,0.213544732763639,16.48,0
102699,68323.0,-1.3889424094409,1.55328502616194,0.309979566453042,-0.818712423498539,-0.242727220494981,-0.462541719008165,0.0223564079883535,0.873275735114025,-0.080032611324372,-0.800574234417211,-1.86048746523855,0.12770044069404,0.160929832095206,0.392659306996782,-0.291149722614093,0.497369671959096,-0.316252028258425,-0.209315460963847,0.10354836073432,-0.0480858485320013,-0.203581905710207,-0.599371765147784,-0.082849768182165,-0.560229710332199,0.0132198371351541,0.362330198836471,0.157657918334503,0.104362106880897,4.0,0
48177,43525.0,-1.19970906725551,1.07764574798394,-0.147173180222836,0.0516759543351936,-1.80613360035908,0.51144262683132,1.06307975665675,0.713482201259094,-0.810669623841809,-0.682337806734619,1.09540473007709,0.56955080664818,-0.667042066497632,1.09134006691571,0.298204337515577,0.439952706484964,-0.050141127940685,-0.135011106599671,-0.114375779566718,-0.551098223368791,0.0024165454956875,-0.155454418206962,0.308145820956086,0.0069325388050518,-0.55514893428137,0.0704049589147195,-0.299163311173997,-0.217161774497027,301.83,0
239884,150318.0,0.626040664437759,-4.15351426307067,-1.34222022340391,-1.04396730037427,-2.26510438787308,0.313903077867031,-0.545165219474289,-0.125990403269577,-1.35728308557537,1.33452579001971,0.866092536535427,0.0955728194701168,1.08438849236579,-0.334048511021546,-0.130022655549854,0.119013170703505,0.0272059759059051,0.939982548498318,-0.532335388623811,1.32147831187295,0.596496446219915,0.309424354794725,-0.485039088353521,0.751959305758262,-0.633200159436072,-0.20448848461504,-0.117358054738754,0.102176338796117,841.5,0
182211,125306.0,2.0513757887529,-0.0184423385520621,-1.34544671949082,0.171561488717947,0.200918115509299,-0.80905490738179,0.149569467678854,-0.266080345059304,0.279803836291573,0.158178170023863,0.845834840873683,1.29688553287078,0.832481087376885,0.478894486025387,0.0117210413072043,0.0732478700132869,-0.93254569919237,0.481040207485648,0.149783057601269,-0.173737517406788,0.298865121209762,1.03766231125093,-0.0609837909787065,-0.276297490634884,0.293069063417674,-0.104074691380113,-0.0151923907388865,-0.0693234433628932,1.0,0
107527,70479.0,-0.75088825097227,1.00454349952911,1.98861185708424,-0.0318990963052081,0.123632288259761,-1.12730818507861,1.35009784095744,-0.679957900787151,0.0962184728211327,0.0598324489515788,-0.073957403258547,-0.409903545360255,-0.878235742617703,-0.179646487283418,0.379597571084661,0.0570976759504167,-0.790312921996277,-0.258094375654011,-1.23900762820704,-0.173316093967112,0.0188942388268761,0.194550250216777,-0.158469163735649,0.881003181022396,-0.22385451979095,-0.779576088665995,-0.614740879154363,-0.300532031910271,20.85,0
75935,56313.0,-0.567539064975728,1.41038192095653,0.57625634825593,0.922510919670993,-0.172562647317577,-0.168242677848947,0.0991053852368555,-0.418656133630663,-0.700606788215967,-0.362013655665882,-0.356694675682641,0.439558100417469,0.471471627869689,0.595264950710436,1.17133069665569,-0.448103364436774,0.275232435725241,-0.366705679195664,-0.0352220762150697,-0.320028435828143,0.964168532740842,0.309729973684145,0.0809914322354584,0.0826420366914299,-0.173347489092457,-0.292763913773109,0.0212611707289763,-0.0185211502716441,23.19,0
193372,130111.0,1.80669759499466,-1.48677600492597,-1.23717717771961,-0.385167963176918,-0.954743675736095,-0.817266040859361,-0.243521932542159,-0.402628577640762,-0.0110338661460718,0.538296839833931,-1.05305632027774,0.327727590323713,1.16316805842886,-0.775559395082146,-1.59490060375772,0.0750008604802967,0.713944655350811,-1.62984718126502,0.819860313870493,0.402191639253483,0.58930789753492,1.64858290926348,-0.343513683576969,0.205892631874961,0.440886340453468,0.265941443537336,-0.0433393882393508,-0.0342062089330906,209.0,0
218218,141222.0,2.05104407477888,-0.633845933103841,-0.463786131292746,-0.703986436852029,-0.991014535527901,-0.979651507692922,-0.683839824820365,-0.0935645491400624,1.66941882250538,-0.356184137836655,-0.747223140997787,0.0610263894750403,-0.531694465029524,0.0776085510749238,1.29732749463295,0.207400506445693,-0.415009080301323,0.0695559206175315,0.0042834004712708,-0.228878610345077,0.171826505296305,0.666739966752606,0.201311483867249,0.0398647815509089,-0.375554877328775,0.711203264253166,-0.0378953414778641,-0.0550632300745051,1.0,0
55659,47052.0,1.18466231823882,-0.2160348335075,0.651773729436114,-0.16806983224935,-0.769153739750563,-0.379904936811513,-0.482858945441723,0.188341858008804,0.333286786715151,-0.0458928157438701,1.63296985060473,0.308190478697756,-1.43191213255891,0.649436549292203,0.944149805013388,0.317260691240969,-0.181187029535322,-0.264696956208078,-0.106963213316855,-0.186540075681006,-0.0585200180400166,-0.224481589029361,0.157778473636265,0.24782101153164,-0.0600093106268147,0.908927660093759,-0.0668321298410013,-0.0053738110500458,0.77,0
155097,104470.0,-0.383269625020288,2.01276165234005,1.4864119834877,4.31485327351533,1.17947043958041,0.89117666300521,0.81724727176921,-0.135775440673695,-1.34871110503206,1.06438613243259,0.0341226407222464,-3.17902240758209,2.55702926531201,1.73594287401928,0.36503723275851,-0.298018749565262,0.81113811734129,0.441442317191093,0.892515210322484,0.232283326778723,0.111074347844359,0.551114557526314,-0.496548263396724,0.589989224514411,0.555578284859066,0.627479928885863,-0.0904104405199344,0.0717969090140634,6.23,0
125413,77664.0,1.24485099419302,0.0841340244075332,0.0541767764604336,0.105429538395775,-0.403740113882707,-1.32274497639271,0.329559724030255,-0.302509173007155,-0.0088048606420903,-0.136994859564145,-0.221779155783419,0.0527774274991919,-0.379765222839247,0.512742316827941,0.899234172294801,0.140718574145123,-0.178865517093626,-0.953323501741077,0.274802556392594,-0.0424535136639632,-0.431448193173634,-1.38069118093707,0.187616477849176,0.378055506832677,0.0762591285985891,0.62122996064702,-0.109059172411211,0.0077381887188472,35.99,0
32271,36718.0,0.93523493638939,-0.266053008241179,-0.002899871138337,1.21620522155337,0.105996609873544,0.577049176110872,0.0962841121278515,0.157564731035587,0.098797904100665,-0.0047318202137737,0.50922598612323,0.874080700568862,-0.303083305438558,0.294277405731175,-0.703605434833835,-0.299192901181786,-0.220637205603294,-0.20520111129755,0.143925468796767,0.0760837168019917,-0.0243198539852599,-0.153652942687697,-0.263906818712021,-0.647777198976679,0.672546580897563,-0.299791538765341,0.0106797300158597,0.0195646158464388,130.0,0
90658,63109.0,1.13062522134729,0.135081504621456,0.209415270063942,1.10721964468516,-0.201906223904576,-0.506613580515327,0.126108232111916,-0.0517833196241138,0.114135046847319,-0.018890517889654,-0.328284171868618,-0.214804232125097,-0.937324143390376,0.609107686582788,1.27712032821681,-0.19575990330888,-0.0937659079996951,-0.480458918451034,-0.734588711832237,-0.161140734126118,0.0664555227597546,0.146626466582264,-0.0902106506595333,0.0631356967738573,0.570298433391856,-0.299492874358481,0.0173696694774661,0.0212732405978513,40.52,0
202796,134497.0,0.0026092401188694,0.695907718807959,-2.36185054285258,-0.457727590509087,0.837595213028951,-0.572840554653823,1.50682225845573,0.167468264586391,-0.757161159979582,-1.02310109474225,0.344934660205067,0.145510122658231,-0.638094456965088,-0.156937461185699,-1.35342088308081,0.330426697720261,0.397669776031246,0.692945800267192,0.0551807978170232,0.0522705986871593,0.290723421707555,0.49151695845158,0.280508781933852,0.217150842043625,-0.213939546967107,0.518363693553321,-0.21739432013926,-0.0490006609322619,170.13,0
137686,82282.0,-7.47446377323959,-9.30964551197133,0.682905760434688,1.67372281700314,11.7892350298606,-2.54678847511812,-6.25416960421683,1.78271780825146,0.270926404262192,0.06978803531975,-0.856422068942269,0.660849947530267,-0.0417083095608881,0.467373062375364,-0.371842700412763,-0.184450090838064,-0.546427123987694,0.299901734876197,-0.0495890537578769,2.52077752708757,0.665606284854415,-1.02130375937565,1.44514403755374,0.961456413396522,1.3317219342891,-0.408076092344783,-0.308654597712358,0.247772459033133,12.64,0
254501,156762.0,2.13232597330756,-0.806166333260106,-1.718482699414,-1.22988539185086,0.443736138263328,0.643622433352937,-0.564630306162411,0.0735928753223464,-0.612776331646255,0.723444111283681,-0.23935526823976,-0.241753607926761,0.78827504426839,-0.0345430482496414,1.09978129128117,0.115744227030859,0.787396976041166,-2.56095417613009,-0.500026750024521,-0.0489045744914403,0.490992920232416,1.53351116500478,0.054254581572257,-0.486839758184542,0.0751324054414433,0.145213699295365,0.0087475040474861,-0.0715536943209577,15.0,0
150261,92913.0,1.60904749802514,-0.557133278267905,-2.1680608257164,0.41529053063251,0.719879546631163,0.170074689860516,0.203642586289883,-0.15746998891705,1.92980611056889,-1.18472202296456,1.56515910409281,-1.3109869896036,2.56282410494485,-0.0128205357094228,-1.48858766207374,0.356713169945065,1.22635368485483,0.945930344326533,0.405264034500353,0.354538823216366,-0.255606401445931,-0.753332459108908,-0.091355149431477,-0.348757982620567,-0.046658101541473,-0.148140179818667,-0.0766718813927378,0.0010674776952808,235.7,0
42358,41070.0,-1.42145522265249,1.51384394656973,1.20190494889077,0.0131562990286527,-0.557373662720809,-0.411363063026438,0.335623420111661,0.517817791334721,-0.226991153458293,0.0517574595583412,1.06465090225208,1.41792084527748,0.473298812135374,0.0604029052849393,-1.21543335064574,-0.224666307332485,-0.0098054817740482,-0.179763842533387,0.531760618258922,0.259829265688597,-0.142548544756737,-0.122686791269884,-0.0687329302390632,0.585354851583119,0.0787406568755775,0.219617967757042,0.424653312967932,0.216077698734919,25.61,0
79230,57927.0,1.30480895557227,-0.523279758692418,0.224944424920664,-0.187084778344005,-1.28141347925495,-0.894428884037694,-0.834555292444152,-0.0218137211852838,-0.18975649228011,-0.0244389433644042,-0.557806565398319,-0.976080644240688,-0.997344664259519,-1.64311315080886,0.678878380142972,-0.773651773031911,1.34320477203462,1.92385907832471,-0.964402976644959,-0.47177787613365,-0.384446677037912,-0.570307474511326,-0.013527876007729,0.282173352545044,0.179309027939688,1.14753331107525,-0.0195719449439042,0.0475945425874338,27.1,0
96111,65612.0,0.990398507701182,-0.317041525576688,1.13708819115521,0.641576345201139,-0.209361921338079,1.75385710701789,-0.901587220103038,0.625251158619542,0.787828878123438,-0.456910139044442,0.36692140652396,1.25384273243562,0.79533979387973,-0.450255698719319,1.19906914528343,-1.14166592609554,0.982545943568676,-2.2807935213129,-1.59785307935591,-0.179097534189972,0.0389035862708562,0.491847155329857,0.146986826501836,-0.891067864789306,-0.0332903846878979,0.44193653277561,0.0932144201252189,0.0148026616455376,11.5,0
52651,45574.0,-2.09878319273653,0.907625012969486,0.796319279058293,-1.84873573404149,-1.77602825468496,-0.314757149898816,-1.28253648172296,1.36176707341162,-1.425194686595,-0.100429333151249,0.471506303658083,0.221167517833934,0.531520513218846,0.359068686716656,-0.294933954832968,2.263179871687,-0.0941279184429081,-0.0964929845760424,0.0615857525827185,-0.162994403122276,0.609917441949304,1.21324791866457,-0.22992275833376,0.0535409095316308,0.17802338936258,-0.21409703940639,-0.411125194217704,-0.0619148459901099,36.0,0
116516,74311.0,1.23418649135137,-0.737707524472488,0.598152312075865,0.0640605115432333,-1.1538861084202,-0.17879679741174,-0.693839285132025,0.115871505966192,-0.246326312312637,0.578902071280909,-0.947596605034458,-0.659532318971802,-1.51253582887668,0.110663902064165,0.167729465417382,-1.88980264161066,0.647029772965039,0.367985043945695,-0.863103648303455,-0.600203800757861,-0.63890344957871,-1.32640942766084,0.187717772397048,0.0190849428464294,0.0598903993802238,0.319987294914444,0.0016895506260775,0.0185084771743429,37.95,0
237188,149132.0,1.98205754265286,-0.127352062222346,-0.375542500877691,1.20952878017417,-0.326834086450718,-0.121355120786914,-0.545321679882403,0.0414400659880907,0.918694942550366,0.224399535683704,-1.01457773459963,0.114883427859524,0.0074401680973015,0.0108885773234183,0.838160449585607,0.507346978862057,-0.823744089718288,0.412656207724647,-0.729314223670269,-0.237728476019493,0.21081665092617,0.732246100656611,0.174107795402917,0.712085825869646,-0.0663930058258607,-0.593826929932782,0.0520491349267437,-0.0243977388775516,1.0,0
218703,141424.0,1.85650659831976,0.338714885515512,-1.70468388566503,3.47049136109794,1.29916003520845,0.765316979821087,0.459059542374616,0.0714023729738137,-1.19909950544881,1.62852226957183,-0.545637952162175,-0.404640182471995,-1.17319374226704,0.76885679920873,-1.79458996605992,0.792425608474649,-0.981354882391828,0.0736095375315601,-0.726397097267521,-0.197585917057863,-0.0021776625124015,-0.167098884272139,-0.0250006181856064,-0.256243976867197,0.253864124615514,0.0236135225385671,-0.0876205008732582,-0.0642826353759973,68.06,0
85238,60669.0,-0.173809323374846,1.47235758887489,0.0422134224697516,1.05040075263746,-0.0687099269346237,-1.3717988493493,0.688860120297831,0.1109892043981,-0.790367042037616,-0.0299250751175099,-0.306270350877407,0.491523441426573,0.465859092894503,0.731991742164549,0.548746432097029,-0.553861878588446,0.112849500704273,-0.251342242977358,0.252280000871366,-0.048760850182541,0.201585439755068,0.699356864114748,0.0970029965662994,0.740496473367221,-0.715492166318357,-0.434838354292109,0.319011965929678,0.172713431272104,0.89,0
155502,105592.0,-0.59311108758525,0.897412038533692,2.2968986841352,-0.174825436776336,0.18609147524991,-0.171402804594429,0.508604942635396,-0.272668864671169,1.61103904892624,-1.03070664599906,0.157459916543263,-2.70238699449595,1.56576534817632,1.23320528187758,0.679292023206619,-0.294714005063902,0.297005945015675,0.487506977739256,0.532927522342473,0.0229932185274491,-0.301740021169236,-0.449437357946229,-0.324478453802497,-0.276385700040745,0.251473167115196,-0.727584548826615,-0.211250690084653,-0.148332088776831,2.12,0
244872,152523.0,-0.606201111274397,0.0932034909555977,1.63149275652177,-3.37393153238434,-0.285959418938951,-0.30257857642849,-0.0212571620981131,0.220294831428183,1.93342868341649,-1.98376742597417,-1.16740439674387,0.609823684802222,0.612694273380363,-0.718625210548927,0.492107758673324,0.477061946493123,-1.16530768165583,0.650310830133755,-0.863332404611331,-0.0089445538024209,0.264942968172441,1.0110636866547,-0.217871943433032,0.620024123830893,-0.166804110962675,-0.411414269727074,0.421618086964952,0.234674663155609,9.99,0
263594,161028.0,1.90741022861544,-0.600334406821804,-0.334282094082802,0.496730374508837,-0.716288205920227,-0.0742988092865057,-0.756686996081701,0.145485436716686,1.10388434795315,0.209995892433838,0.295133877780748,0.579812302965995,-0.578034550048997,0.0718668796387205,-0.266923112130906,0.63022390034694,-0.829581503041467,0.724583544101556,0.0804376928583449,-0.171436599366364,0.207363157803193,0.697804493832723,0.089623789734434,-0.305289253681655,-0.262933530094113,0.38713423055912,-0.0189783206030549,-0.0541642098006913,36.0,0
167002,118430.0,-0.443226116666133,0.948955185809495,-1.72047177019842,-0.532535013335228,1.22135647276523,-0.758474317924931,1.75578000834244,-0.48664281128188,-0.462130407846168,-0.381426692457371,1.09779318445697,0.326263667591339,-0.386954167460063,-0.778888086912634,-1.27598433952639,-0.0406692251600397,0.490364053755989,0.329887907052058,-0.0492476261727565,-0.45784286202405,0.189217089108712,0.735747449137419,-0.0488730540635592,0.683398613842392,-0.472024978542879,0.453209736253053,-0.374029230320155,0.129394258998688,101.0,0
279830,169114.0,-3.21199856274679,3.19161986821752,-3.48869293926854,-0.961423079445403,-0.12634508094801,-1.41900542188233,0.286780801192202,1.09679132964133,-0.512263935696287,-0.385384707521877,-1.23922703713129,0.459261215830303,0.591482988658174,0.231694616084907,-0.388917081886612,0.619427567575112,0.865642701960476,0.0538992591245373,-0.698186860778861,-0.623789135049788,0.351574407511401,0.355877938809112,-0.0577083185400162,0.545792334013696,-0.405132148343976,0.246133820572206,-1.63762220533924,-0.166643309702339,58.77,0
160955,113748.0,-0.722242789026607,0.324625850381301,-0.0684259085718864,-2.37914880164435,0.351279281395505,0.318226865964875,-0.401991961470426,0.71840720365488,-1.11414182927093,-0.998517469953912,-0.0559402651503181,-0.997869960586521,-0.434249979926527,-1.66382500084565,-0.893763841412013,2.45799285281324,0.711810326097426,0.545105282456384,0.188050784158842,0.0206918033642653,0.336542534362479,0.676268983390338,-0.334252006781329,-0.480971629602938,0.100910475064623,-0.16418990333917,-0.0013949571667999,0.0744383696753265,24.99,0
195911,131274.0,-0.535679383846249,-0.407789323421822,-0.873912359411406,-0.652750328631907,-0.214881857351419,1.67457432727722,0.901659462194785,0.798742619088865,0.443986713761516,-1.16923398600671,-1.26383663061299,0.0898905328009193,-0.610221518983174,0.35197528951113,-0.0318708938200903,-0.457174591824195,0.373028351587098,-1.62117574701502,-1.06808023577321,0.223614759980327,0.0864737038585964,-0.221575905074988,1.45432371922231,-0.644163236656663,-2.5456498281746,-0.148256654030276,0.145520584291809,0.316196189581432,321.63,0
6659,8224.0,-0.708144240305553,-0.0438107110846494,2.1307396192931,-2.1945841136105,0.231383168133515,1.49601513573172,0.0948003098732424,0.372917594008064,2.04022183531926,-1.8343959036057,3.43676590332434,-1.21073793838659,1.64040701203741,1.49448116934486,1.54209485161429,-1.43067651657084,1.2916294169379,-0.83340992793564,-0.708892743131677,0.0728045894252655,0.102088414857039,0.790181764264618,0.0318689700904022,-1.05037354041289,-0.441424927359006,-0.0712220054062181,-0.0320927620262167,-0.139389181738263,68.29,0
32952,37031.0,-1.01065138342459,-0.600538350547388,0.749793813671318,-0.924396891077359,-5.54265878998271,2.61854685358374,3.75520864050054,-0.630744257133682,-0.780486507656915,-0.470855040007627,-0.115772875958436,-1.1353793723195,-0.136789296174068,-0.890085242293778,0.598977206120099,1.13476549702812,0.559500038759299,-1.32370846169809,0.0842975701683772,-0.406693446342255,0.204515481469424,1.34908132558232,0.0509973593244609,0.500802493001292,-0.0802037625111005,-0.0703836227467824,0.461707172153239,-0.256275772495812,981.0,0
220843,142320.0,-0.11522509701375,-1.14330400065625,-1.27635830947344,1.26181876545655,-1.26636748164726,0.701126003338896,2.4562261057772,-0.32845817155052,-0.421371825964231,-0.192535204923995,-1.64729304717725,-1.15930983922676,-0.616510499227668,0.641707078390615,1.81448524105828,-0.488673230402976,0.183658921885866,0.332284340973313,2.87895648535271,1.4815345811106,0.070139790694327,-0.801290845695185,1.54157712576521,-1.08606878757618,-0.531299362881207,0.710366254021321,-0.239397331156785,-0.0235562897347527,614.75,0
79032,57832.0,-4.1380672235315,-4.73838303317326,1.76928883115857,-0.405831618272694,-0.126468019566846,-0.260794611271996,-0.0712653841430753,0.155028091261399,-0.643431215146274,-0.27594444130331,1.24201976147242,0.567920209508254,0.471988439063488,-0.908577274117568,-1.47914053655589,0.929540493858303,0.472954292170454,-1.38197199473185,0.289470128103071,0.674354938146503,0.257544428855105,0.363464853858759,0.906306357414341,0.265872383821785,0.588300549400076,-0.325399167807378,-0.114389874838192,0.604570942425046,613.36,0
157777,110420.0,-0.493768588353559,0.780963938514775,2.36067811560559,-0.127877339550939,0.127822133458978,-0.24759125015024,0.475108490193639,-0.210588109255849,1.61214952827822,-1.12642909940426,0.141861855823596,-2.93457839823908,1.05595210047523,1.37337703646502,0.719780528599065,-0.284972611258256,0.363606544354021,0.529582984949055,0.500322181418482,0.0167375475306971,-0.315481638163197,-0.473796747647949,-0.299690473227669,-0.204015779776289,0.238186618265175,-0.718349707527721,-0.0806112551667391,-0.148351967200845,2.12,0
121729,76296.0,-0.121612780822829,-0.369037259726049,1.47043143369555,-1.63099177659705,-0.973599676719155,0.494964949761008,-0.634069869571398,0.027887079094548,-2.27281571621928,1.27937648021639,-1.03525700605249,-1.19316232159864,1.26216124883649,-0.68581511818776,1.41109418578024,-0.709130287352784,0.67134119706028,0.361633662648175,0.639345250274762,-0.14656370531098,0.0387693900122228,0.595008600794041,-0.167222021251427,-0.749004604562339,-0.428421837966463,0.0371441846481558,0.112688361075448,0.124577113736983,49.0,0
139491,83179.0,-1.05434871372052,1.44240272766967,1.39817224069726,0.441617815827386,-0.0917416360037484,-0.862720067984158,0.376065392637923,0.218422689225252,-1.07288526113755,-0.808277844685388,-0.0761343924706111,0.644335270793284,1.47518177055515,-0.296082699906843,1.16648238997053,0.151677718596299,0.394899993515006,-0.15651890534778,0.684549593172838,0.0724779605203562,-0.151945879649724,-0.620624827723412,-0.147226020324012,0.387594763752887,0.0852947520494298,0.211446258288222,-0.210515367047875,0.0077487803900104,1.98,0
184153,126117.0,-2.19924815673883,-0.698918987683367,0.677676280540692,-4.35430813472238,1.05969021016666,4.36254821909693,-1.21484926352033,1.77233854525862,3.13485624039232,-2.70353215584025,-1.10186724573822,1.14479010209275,-0.483858485857939,-0.996603022193367,-1.05849905670573,-0.840216938824339,-0.0303626421485958,0.244095147612035,0.0297296751073049,-0.247623000215463,0.123972163144169,0.735151117016552,-0.343726517674422,0.764158327981353,1.09106077993194,-0.70776768659891,-0.150842025074855,0.216448659040549,62.54,0
98155,66541.0,1.19966958784963,0.206436953662552,0.247031389111529,1.14889623998295,-0.400468570021627,-0.988528915955534,0.167051224676047,-0.171061674147896,0.161677944069307,0.0397229250752604,-0.597019159557086,-0.448848049495834,-1.19902766942517,0.633264883873095,1.05408554916073,0.107909586969662,-0.356478339135303,-0.0001677795236965,-0.370125813757804,-0.174805972292921,0.0274498697266514,0.0165714129426655,-0.104426080158841,0.366250677501681,0.638608444245422,-0.326832430872029,0.001617104086324,0.0217342833087956,27.0,0
28590,35066.0,1.21109427186156,-1.46142060269,0.316938707737799,-1.41614151276456,-1.54472772967648,-0.43676560583519,-0.876098038091686,-0.0790670639441586,-2.07438352816392,1.52087894721285,0.985544330271815,-0.279203671572926,0.422071480463806,-0.085425742189186,0.0103246924062027,0.0465578576287544,0.109870323270778,0.403452639801211,0.214909168258654,-0.0170130316275125,-0.338151523094452,-1.00128260365916,0.0331826136646011,-0.0662402664430813,0.0771831999884389,-0.491830150299695,0.0035355202038558,0.0395956846793548,157.7,0
107006,70232.0,-0.386133822395006,1.10040756396462,1.27046324545861,0.0106249461159393,0.236051645711165,-0.505107729383072,0.657929314187475,0.0489333775680551,-0.44180091863721,-0.565067642420399,0.0578343456740453,0.154823866410234,0.378458204928573,-0.45659897761174,1.11505858970986,0.0770759516549821,0.27083124162154,-0.621585070254492,-0.451775542364519,0.102689035429236,-0.232169252855449,-0.551878436207383,0.0142786495773358,0.0303349254672627,-0.223471861016757,0.100589129845193,0.263528616801494,0.095573530567981,4.49,0
27098,34385.0,-1.62279409185945,1.16274134722427,0.995701028443832,-1.36330873785211,-0.381152357790384,-1.23746680317476,0.446201881297429,-0.0431351341878616,1.01827748147715,0.717929997305714,-0.410216142834789,-0.158524936056743,-0.322073822068039,-0.355182616914263,0.652340571240159,0.603362813897772,-0.734789634282762,-0.409206128300975,-0.829347221791098,0.259711420351495,-0.295190168291214,-0.33291622568395,0.245540280112575,0.399390635835402,-0.003886171177781,0.74895788787155,0.575626283426624,0.23593241028543,3.07,0
53612,46073.0,1.32484748241481,-0.532891652981104,0.0760075326294956,-0.700283703157825,-0.954952387912862,-1.17137771101944,-0.278557116818261,-0.125412944317127,-1.1175322171657,0.850016567392535,1.43276410931639,-0.704025476664765,-1.77474859068194,0.65601601553208,-0.0429609321004203,1.10551698018257,0.309846266915949,-1.26168854862958,1.01090587983062,0.0075274854303513,-0.108399041872646,-0.626704957464144,0.106180989411353,0.464864336647677,0.280973528961532,-0.510360532646605,-0.0400207914275252,0.0047368650508777,38.79,0
244881,152527.0,2.01977064126469,0.0584305632197586,-1.04146317261573,1.62604918306864,0.227237088157273,-0.196559072935562,-0.130095094619092,-0.0154671875338937,-0.944085523506412,1.42844107422632,0.71999958846166,-0.116262944915816,-0.632609585064731,0.558800869618219,-0.680241046163991,1.32188338250411,-0.884653544096964,-0.105605541039356,-0.76101504986014,-0.186590911732968,0.191798651673801,0.445459546468031,0.204941580292965,0.859635261924028,-0.411058279358178,2.32828109929451,-0.226043535422279,-0.0907097632909706,0.0,0
229628,145994.0,-5.00677797868239,-2.22175600469279,-3.12349382922409,2.57742827495707,-0.450551081871679,-0.236615335787439,1.61247979373371,-0.176946225179065,0.232915444076966,-0.56633599928649,-0.423017328606677,-0.134528357039868,0.528722453232871,-1.76367012827306,1.51327963036125,-0.301940444457429,2.52134006526373,0.890210381793458,2.97727997107199,-1.96684657837614,-0.634611628925287,0.238025660299968,0.634593703788602,0.658112111765002,-0.234612411372157,0.0028224861456335,-0.633824292137774,0.629972212731528,219.15,0
69124,53276.0,1.20768811949089,0.198283686178198,0.514346689199218,0.921116070425241,-0.349598265981551,-0.363013581036655,-0.154893474461869,0.0948404488363817,0.0469436502993447,0.1733288589736,0.884367705349601,0.220204077702397,-1.19733863310297,0.718579963928068,0.532005019628801,0.64171006975414,-0.801333469701111,0.403281305696105,0.139852361707178,-0.203090269595441,-0.264647210278054,-0.863369788971732,0.112696324800093,-0.0913194397861083,0.259841732595652,-0.685450854651289,0.0182837353250343,0.0159847041702233,0.0,0
210302,137920.0,-3.9853596597467,-0.868249289891444,-2.52928570814038,-0.0896965942449332,0.31884568352399,-0.753995231344254,0.128069670338049,0.994900870327239,-0.0347571997326855,0.198029762100301,-0.240246522695851,0.250435934991215,-0.672713516915491,1.34693208128003,-0.228217626926212,1.00797345301082,-0.695850004379805,0.809595764143672,0.150879379163481,-1.33472496003308,-0.025659673768877,1.07935760546343,0.712839671208382,0.289346543424503,-0.450236526068462,0.359723051683578,0.669756458177711,-0.183083031771413,140.0,0
268638,163314.0,-2.34995003753599,2.35384234219598,-1.36813225054851,-1.07043709453655,-0.285271712650633,-0.72987155059226,0.171162378879951,0.844560655029313,0.777339470451634,1.47585635435667,0.186047752211143,0.880833591494228,-0.122455442054882,0.406965955210776,-0.986313600418969,0.331153514248245,-0.582240046504297,-0.111755788913377,0.20522979335598,0.503123255677858,-0.397156468213251,-0.687336844170475,0.144664961065567,-0.528900114120183,-0.148240015990846,0.116185142632565,0.0488300875463659,-0.196586684306876,9.83,0
256683,157808.0,2.20272194782546,-0.783839579807829,-1.4386409678936,-1.05101659983573,-0.469859293163585,-0.94967760996934,-0.452134650379234,-0.233771115500973,-0.6779648342407,1.06726679220494,0.685310397860821,-0.360276894457644,-0.437209850146088,0.328133579657708,-0.284828213386965,1.19845319670586,-0.183045318178142,-0.629692830783504,0.836709217242646,-0.0499072046662009,0.457185805373731,1.27739833230359,-0.0588538258339816,-0.290948207325745,0.195626880085859,0.0708728312446743,-0.047410123274501,-0.0801127492014495,15.0,0
274400,165993.0,-1.38818897959728,-1.40744209711511,-0.699105698278712,-1.48520983990993,2.23616671994127,3.85056065392736,0.519169321204946,0.833746771588214,-1.77044292093158,-0.0880889858698449,-0.334723803391172,-0.564244921025311,0.123739177779735,0.451267719951124,1.22842353605747,-2.30087338683788,0.153820387308298,1.67569617134868,-0.0258211576038171,0.604106713445485,0.200425384378655,0.289695274999479,0.329341371460795,0.68807788219242,1.06338866659459,0.296251767666379,-0.0442172807033409,0.0889462925125053,320.0,0
156539,108335.0,-0.811037834775953,0.527637332058364,2.81352820025031,-0.492072232784033,-0.0111857919601014,0.609804072808423,-0.0746943613330519,0.120233655406952,1.94496614653981,-0.952985033536667,-0.146134867157953,-2.8681234928186,1.68908883515315,0.639329165367974,0.106222484640483,0.626520146692552,-0.127856470861174,0.817723679958693,-0.749513866442448,0.20926870549506,-0.0257701529995064,0.449363061093013,-0.353887167130216,0.571800913302004,0.324040557246301,0.392940736399076,0.0973703744219442,-0.0893795977979226,18.36,0
253014,156058.0,2.13693913002755,-0.132413639657746,-3.89719699044311,-1.02392058337471,3.17702376605836,2.58858848982469,0.388605362091211,0.411435130666653,-0.0313849813049208,0.0469514987135232,0.012717068644098,0.240114976721513,-0.416571287213411,1.07932885529689,0.323336930738925,-1.09224392931758,-0.139663801204394,-0.72548604011635,0.0753262053958101,-0.181742866448309,0.277473092241318,0.902706721254171,-0.165524813557855,0.799644676541071,0.790335936801724,0.481345360636879,-0.0837003720988465,-0.0969989064279741,4.86,0
36321,38488.0,-0.3717741320849,0.906866582989651,1.92222588736463,0.0721838935016892,-0.268177749144289,-1.17390618233522,0.903029001009078,-0.285680543364168,-0.190009665140087,-0.0892363906412906,0.0571502892131255,-0.311174494410218,-0.735640455904354,0.0955873116497098,0.911030510379308,-0.0077267143274743,-0.26669706604794,-0.470615329290531,-0.180821099465374,0.128773886819284,-0.246834044697014,-0.524050851739473,0.0332405169383518,0.880020321006217,-0.309978754631533,0.0116488526887011,0.0951430116908069,-0.097380913557836,11.87,0
250780,155059.0,0.19717233960963,0.869813892860428,-0.0702477004679674,-0.0252287221202974,0.657067707513015,-1.08391479122584,0.780743689514599,-0.212338035286779,0.0966146353672505,-1.10885930924191,-0.499873608607067,0.244076981424037,0.51527228027757,-1.20672815915046,0.22699286040784,-0.093270940895653,0.633634719010834,0.310119516382534,-0.0191101987979221,-0.0736983018386245,0.0712073368256357,0.403962582720831,-0.0383117518155325,-0.0966918802860194,-0.626230795674341,-0.393702506176878,0.170236318189213,0.140847452474642,2.05,0
3366,2911.0,-0.343205687742165,0.552765022864008,0.69711731541714,-2.26891611445717,0.65769423949013,-0.583842112559737,0.994930164835918,-0.181090383606174,1.07325407365096,-1.15656141142574,-1.07922173581648,-0.620181596370187,-1.31740146148664,0.302128098648632,1.33153437182594,-0.571340434670156,-0.526670655705327,0.0176347028283379,-0.135364802699217,-0.0531497179572389,0.0188163343711027,0.414126844081256,-0.355433345057816,-0.794454550739307,0.0707004215304309,-0.75362243968919,0.246225932008823,-0.0282342994893999,1.0,0
17104,28439.0,-0.392283162553064,0.963546592846717,1.61794359509279,-0.0743870868461577,0.467576048931794,-0.724043447893996,0.934578175512213,-0.292860954286717,-0.427739594831555,-0.565279134349479,-0.523743950260011,-0.501474701334368,-0.15936614759433,-0.537420719302497,0.992076016900552,0.381169448052347,-0.178782948827885,0.0190365481749997,0.161975022875525,0.0724421894132414,-0.282023442282529,-0.714688521222391,-0.172126122857974,-0.0258648596309217,-0.165357955190023,0.0675396561225687,-0.111198178041901,-0.112684846327318,0.89,0
148870,90270.0,2.04874915789891,0.244056525237543,-1.58100501165948,0.742254186138441,0.172119390321366,-1.41738814640006,0.101797447762777,-0.395404171654386,2.02352690495599,-0.822427862468013,0.48084991807659,-2.94675396334682,0.647984813874293,0.907852367063979,0.315819751744677,0.160955259768916,1.24158981481068,0.805065688353847,-0.701356403207391,-0.317021181248513,0.0402674249815988,0.497685350469339,0.008972148065229,-0.164870031822562,0.181402506150548,-0.133742008506022,-0.0325485556785077,-0.0400221385863119,4.49,0
202916,134552.0,2.18222142601905,0.211025545481755,-2.70263514602158,0.304246124916124,1.17708275417014,-1.07399088881872,0.929127661559555,-0.516069487966563,-0.0899291817217097,0.269717126383743,-1.23318509116961,-0.224076373710193,-0.44369521361663,0.874004997814683,-0.109989415314104,-0.690956223456773,-0.2202254299753,-0.551711792054924,0.119057935696815,-0.24718075582851,0.231061362128858,0.826419468299805,-0.19024224829202,0.360259320274402,0.738263097630522,0.721965964693362,-0.127613133627316,-0.0923980869847322,0.0,0
202615,134416.0,2.05410487454587,-0.490608247418399,-0.584254424878392,0.315645224259488,-0.571020245506314,-0.315703104557594,-0.692021175258184,0.0093948771010609,1.37055173477338,0.0771841336747275,-1.71578471737369,-0.45679146655828,-0.70189181145636,-0.0282791232152313,0.700704653120703,0.613064997929482,-0.740765875291498,0.441178963697017,-0.0933592277181079,-0.240646580134646,0.188129150752469,0.717381411226982,0.0480541574669365,-0.613716998607564,-0.156254780183508,0.686657106086014,-0.0305187069724628,-0.0586754947295416,4.58,0
151432,95530.0,-1.21323948906353,-0.125655189574194,1.32991094733768,-0.622632219170709,0.801859083780344,1.73815248144931,0.454357932537461,0.267027141199741,1.54979055023076,-0.617336925362866,1.70779456730038,-2.41791303521824,1.02400362898493,1.37739094371444,0.0545673927861939,-0.0730708068657763,0.270362317711365,-0.0143991770245402,-1.23597289467739,-0.0175899319359892,0.0820422582971124,0.841322318603883,-0.191397616987375,-1.66114622208078,-0.277013906993419,0.435902154476827,0.140500410840488,-0.0711825326039221,169.7,0
136532,81750.0,-0.775671687270686,0.990560244332141,2.2163317253503,0.487498417378297,0.211011513191945,-0.935439439628181,0.948978058602114,-0.359560618617616,-0.482853006344744,-0.230654863165351,-0.136786831202163,-0.183713224429213,-0.23086575121074,0.0326872709115982,0.910985541735651,-0.146762310563045,-0.395359256656191,-0.113469901399129,-0.22854465164965,-0.0128148401111026,-0.0194668460082176,0.0326877785773841,-0.33192036705316,0.704906442784591,0.363015295001472,-0.466493382416177,-0.222932902246608,-0.148362617202808,6.24,0
128248,78648.0,-0.726920087318431,0.827723930446916,2.10515740227277,0.923879150232126,0.564674142540965,0.103444571285269,0.314650573663593,0.104001924026458,-0.831073494116957,-0.391644141963772,-0.259557601890556,0.547582630353946,1.46096112097084,-0.0497730606172324,1.71834640955446,-0.380338339304165,-0.0534229673179348,-0.379881948836149,0.596567541346593,0.241340185245399,-0.0871946012896031,-0.262958616657321,-0.13324006987979,-0.278090276648376,0.118276684623074,-0.395368791125203,0.117794101340049,0.0938487368339232,6.48,0
261726,160156.0,-0.946375542615701,1.66731935824711,-1.22908263477899,-0.605807899240705,0.127113311217145,-0.695164312813719,0.153451961865851,0.875629086929171,-0.319313208847651,-0.687604056423972,0.775243689427589,0.671642962749694,-0.478416525320561,-0.186899821573631,-0.946073040529007,0.730956096258575,0.511039272826723,0.351466145380365,-0.0222142154207312,-0.120761090168232,-0.2190800916282,-0.785665203808494,0.229429168100692,0.642229346917185,-0.398038276470795,0.085122101482126,-0.0531557438321677,-0.0070603464173215,14.99,0
59802,49010.0,1.00658340578193,-0.896288027506247,-0.0172874383602343,-0.0425678120222917,-1.06276395729246,-0.908445720706533,-0.0479708580269338,-0.175009185842173,-1.26238052297844,0.898007556411619,1.15852450404012,0.0545929964712301,-0.900037910455066,0.730326081300316,0.0792118815183315,-1.28500854681501,-0.124304333422481,1.43643798258204,-0.674749522332514,-0.227878717784633,-0.267103124797944,-0.753492500774387,-0.0989710169429554,0.511479928714513,0.27656632458044,0.430231372850276,-0.0776003345086988,0.0286436890499086,177.84,0
239213,150007.0,0.777626898550063,-2.76753622366234,-1.21132401681315,-0.16465879241973,-1.67784318209679,-0.75233434173662,0.162594732502854,-0.241125784885913,1.65438973489014,-0.650981230744882,-0.80827794619013,-0.131681755024707,-0.827583818339702,0.309071318161579,1.42558423484308,0.313709834637119,-0.371849281838604,0.255293418004338,-0.203403793155381,1.08666322489128,0.566382059657285,0.285072735250923,-0.374569003754551,0.0623617115304322,-0.63151046076471,0.642304673476833,-0.16511374914679,0.0587925500358846,660.0,0
265052,161712.0,2.05565205173071,0.0166386265601786,-1.40115482191864,0.16754860411855,0.264495948337209,-0.839214484972448,0.214932338680628,-0.295140315292692,0.209476856688445,0.156041434529223,0.886476883604212,1.40643635277399,1.02477679031744,0.468314234358656,-0.04507257867505,0.0265165701095886,-0.926317302871454,0.413261081948808,0.171784958096941,-0.162485824645066,0.286709151071547,1.01075146462879,-0.0633076606057669,-0.271619844024032,0.314472862493726,-0.111520408410206,-0.0172399370325563,-0.0700553116470069,0.89,0
75642,56176.0,-0.183063583416289,0.986481177696721,0.401927946515998,0.300485201067933,1.26808845674969,-0.507030934015812,0.938174569371265,-0.267305825203702,-0.87175153197152,-0.434158900000848,1.05761195064682,0.0442965818849057,0.197683137615135,-1.14923504461968,0.404415270502573,0.423210838423443,0.391808262325024,1.11938498502601,1.08467995635748,0.224539941930831,-0.0461483108906748,0.031074605726716,-0.287170967398499,-0.573065753897943,-0.310232247345408,0.366590965703707,-0.0460354816589629,-0.0569588409742504,0.76,0
283962,172040.0,-0.26253184580598,1.02570100094198,-0.385464149038623,-0.694273545021666,0.345740748138689,-0.786308553240563,0.625163616103162,0.298865531301425,-0.0686439332495781,-0.621852815392032,-1.80488091760904,-0.282618543674671,-0.464417544058557,0.518876253231178,-0.318950679950913,0.263002108698125,-0.45438165015063,-0.400286187719773,0.173920294353305,-0.146882013494032,-0.265526740383304,-0.764360370904922,0.0700109116672004,-0.681736541292937,-0.391183483329827,0.185499667385522,0.113333857523873,0.026744641018632,13.25,0
277672,167788.0,-0.80327973545091,1.16134592518823,-0.313674850430798,-0.87127170206305,0.545528284259094,-0.626625872284193,0.731951220973025,0.169221120151853,0.0396106335277503,0.359658629081988,0.410529591902411,0.982818604670824,0.47368860378497,0.157934685148625,-1.07914147140683,0.232253007507383,-0.815261450570482,-0.169673289400398,0.335719447351058,0.180679301099975,-0.326388250419905,-0.530341676651444,0.130502643225731,-0.495829130294842,-0.312304633115509,0.13817576674158,0.19873048354666,-0.0952948613632274,8.94,0
15808,27252.0,-0.52713642761468,0.948083856489924,-0.695598791705633,-1.12684989660758,2.33058047071754,3.22290052086257,-0.107501356548016,1.23722793763642,-0.842057994708854,-0.594853512434519,-0.462122464183573,-0.1606897904752,-0.0249116372688135,0.715014598096705,0.800726261216442,0.451994791716686,-0.68736145581839,0.342774944225512,0.32765074889752,-0.0582578189981509,0.112670403021209,0.0647188263543483,-0.133956331462947,1.03788523835439,-0.189110786066723,0.301832645431771,-0.0171935368728633,0.081878759086267,1.5,0
255495,157254.0,-0.0096708455212671,1.20902009951818,-2.04248197398296,-0.422612725453743,1.18596766609385,-1.06280962621637,1.52100801199439,-0.0652906463804394,-0.840474438311793,-1.26625162229787,-0.919550520921748,0.40969756347433,1.15578148494615,-0.783093987945408,-0.858102419453082,-0.0138395434344144,0.699942709959794,-0.0318017502661925,-0.233370756421059,-0.0154994332708151,0.231692943031006,0.596349356536752,0.0488081729852322,0.464340609047662,-0.248479694572826,0.520586128328983,-0.105489609903983,0.0481620731807103,84.96,0
278530,168272.0,1.85960684723078,-1.10185900769795,-1.0377372907199,-0.335998883152415,-0.669454122667554,-0.201465149406675,-0.477095311200601,-0.0576311884337331,-0.363042495124444,0.80393246967105,0.675555447972932,0.903093058387198,0.403166470587025,0.204841696433291,-0.412616301887996,-1.43642955032058,-0.422767185967325,1.63465436167812,-0.558454616809296,-0.345001863546586,-0.24722572800244,-0.400622244532044,0.184195012849492,0.727180717563821,-0.22351591059901,-0.441978532352297,0.0023152246968107,-0.021785073832221,130.33,0
78134,57385.0,-4.51118439892951,-0.679558836288699,-1.34459190436229,3.33032350876282,0.21731914025313,-0.273336135004975,1.48433077952271,-0.215576698028061,-0.527559239090556,2.99190183088913,1.10038217128364,0.552068404455765,0.961982936019116,0.103241342717545,0.480605768042232,0.281666112971987,-0.511499432315308,0.237371652613532,1.47661870036729,-1.78628067681053,-0.847737817834695,0.998952197699298,1.80578377265268,0.0810235459347242,-0.178910415534509,0.189059909154648,0.650906950749914,0.3916880668081,231.93,0
25858,33798.0,-0.846427785113714,0.859985345750322,0.805076846801442,0.1111596523969,1.51291424218616,0.595608381276805,1.156879723929,0.0691718057442541,-0.512813909837157,-0.930264499688037,1.05250378247222,0.173770788367357,-0.233734114675101,-0.903843621782385,1.32174448869242,-1.03597702606682,1.44586434854775,-1.80140129036982,-2.6220199346893,-0.238357979779557,0.129698880893023,0.681054581690212,0.0656223455385542,-0.733238773478626,-0.390585144533396,-0.498359311783952,-0.0682522927403663,-0.0664166036299387,36.3,0
212641,138940.0,-0.401530300461847,0.770172396972448,0.477807042743728,0.82235024715237,0.241352782943162,0.211076562697308,-0.0639778571808642,0.593612099150695,-0.715262784023089,-0.193360397295722,0.85617046633846,1.27954022095352,1.10765059391844,0.528590391803056,0.32256923926255,0.367940886775851,-0.675724322712922,0.62648155289809,0.512356052837088,0.0368052482232888,0.174907988512482,0.273261668654126,0.41485878225471,0.655866976727368,-1.58576923288999,-1.05989464527429,0.224213424074926,0.197571660000339,33.9,0
176610,122841.0,-2.1529200863053,-1.790556434485,0.299174166727919,-2.48274986879109,2.28988138456173,0.686415947097054,-0.485556040783084,0.500584968343517,0.978245850266729,-1.08206224837765,0.601667524051183,0.838682696605219,-0.141107555621119,-0.0601084350774986,-0.062464082280896,0.0341020789983193,-0.626531764232146,-0.699046112347193,-1.49669804607402,-0.519399470767347,0.227746270309526,0.86349021843692,-0.120091598648568,-0.85311914401781,-0.659143304068486,0.474060500873379,-0.115105891722385,0.528985565531362,99.0,0
108864,71112.0,0.693527789998625,1.53240237615715,-1.7347074522764,1.57543775066742,1.04827635702061,-1.21330205533412,0.746496094497553,0.0223218990935531,-0.534491349541077,-1.04970661531474,2.71858717017921,-0.12659597718593,-0.93120688880559,-3.16795322035204,0.686497998498482,0.710983664656263,2.96123871002282,1.56943440848908,-0.554703664609955,0.0393425141432285,-0.0589435694492755,0.0478938304868592,0.139846703492303,-0.139355650857698,-0.609624327501066,-0.399582005997353,0.265095253988557,0.0023889057807942,4.59,0
32447,36808.0,1.21846463777949,-0.60744555714911,1.07309377581657,0.961170280943552,-1.32294961616738,0.108251052601088,-0.900171944204961,0.222699078733153,0.0216639458719332,0.599789867149207,-1.04386117091877,-0.31256927668597,-1.46501228375891,-0.231483067605236,-0.717673450930723,-2.35059702947567,0.898386014300337,0.529415321413795,-1.12732549880823,-0.724587341363697,-0.446893829929628,-0.503523909533922,0.0753824414497737,0.351624365901041,0.412391460776001,-0.271030196032056,0.0910484319716284,0.0264171145633953,1.99,0
66206,51935.0,1.15431185784297,-0.409229356212733,1.07064674868352,0.69600093377669,-1.09477335929651,0.154841461737235,-0.89943982997246,0.382117329402178,1.0697006956228,0.0007053585408586,0.244164156785052,-0.301766813103027,-2.46532275304182,0.264576816745949,-0.203252246689427,0.573547621624877,-0.404410658363646,0.673860888446757,0.390648596103097,-0.231471679128716,-0.0887251786457347,-0.224314050904803,0.0050424885804666,-0.021617765791972,0.183738748039232,0.327627666257573,-0.0041906891996945,0.0089738768109072,12.0,0
201831,134054.0,-0.396835024155095,1.23203449546432,-1.0137745205296,-0.505910509702928,0.651807148706091,-0.277542572835428,2.00304698490146,-0.697494253283472,0.265461295327227,-0.228433913825931,-1.05516234256013,-0.109546919915097,1.37908240637046,-1.53716761626397,0.780922564465582,0.22716173388403,-0.14925864045313,0.818204483341724,0.20325449482715,0.146926263202653,0.0495536022858976,0.848509971165242,-0.369513807407834,-1.0244011372602,0.194577766887001,-0.0638820273453668,0.158488441930645,-0.0664718189353876,167.4,0
213165,139138.0,-0.600995785551156,0.653792500415764,0.343642901605199,-0.30504164521892,-0.164923103118732,0.296064975684396,-0.417122329113021,0.886617461904082,0.697818147112363,-1.17108489992868,0.157801451890952,0.173872313492953,-1.43429091359078,-1.19279624190645,-1.75455073867999,0.409504007742594,0.824108635026781,1.08203782695545,-0.077659080053536,-0.119785527246772,0.249103221155621,0.926062545748993,-0.195723112303212,0.665682458314063,-0.0884533953120507,0.701883854149557,0.178458748142666,0.0559019795635266,11.29,0
224222,143701.0,-3.48288820103866,3.46811805247165,-3.36071523992287,-0.462441734285833,-1.44119583949098,-1.20578975947422,-1.48542840516349,2.69495177969564,-0.436723214703591,-0.426121430816765,-1.81760718835944,1.54669716529577,1.4540965509139,2.06798682529106,0.216342906262752,0.332489411402743,0.530532024248451,0.299562577888078,-0.0497107028596924,-0.27062752579753,0.556130552109366,1.17725432128435,0.331571462456783,0.709938335437995,-0.365347386226357,-0.23943260124693,-0.161849975229064,0.0503032143812325,0.89,0
11952,20623.0,1.15882384571367,-0.343466018172878,1.04136261814532,-0.685849688462236,-0.891742617556399,0.0196457656877905,-0.842300409553533,0.171173205988834,2.84218496716644,-1.32704755353343,2.42737915802408,-0.990491952067529,1.49941085603428,1.51042889750831,0.0862504606989003,-0.566835283777496,0.613925975890696,0.508475779296829,0.284059622045197,-0.183838169869193,-0.0820155463463827,0.2533350188903,-0.0095931723618951,-0.0188726680911072,0.373651588869556,-0.713069789535386,0.0790941412317705,0.015744008951401,3.7,0
110803,71980.0,-0.52977435876781,0.941419786524219,1.52022680356303,1.06911157651643,0.237277444248797,-0.859858181277702,0.342704676357354,-0.180699090424383,-0.779869172369959,-0.168720571188315,0.0283997397803359,0.137084967556857,0.847056224592015,-0.408365987128038,1.7857787297015,-0.302996473197768,0.592931891722307,-0.0028035449052225,1.62605155360989,0.1688351741689,-0.180962478679668,-0.476043489721698,-0.088962117189325,0.387758906235331,-0.485623047744331,0.296002184042486,0.0319488112472385,0.11991470804241,1.98,0
182584,125467.0,1.97600261939234,-0.469127856489309,-0.752547028994807,0.354373948105537,-0.25967858438385,-0.111036280631083,-0.472533959137328,-0.0778146368507129,1.01650366647178,0.0637270477040434,-1.66577334682102,0.193287923750583,0.903273511569017,-0.221151053843161,0.872521263373905,0.797492913025275,-1.08432464533592,0.408381118518124,-0.0997677903664765,-0.0307151672249184,0.157032367783295,0.521650342122264,0.0006480367097481,-0.949646129786025,-0.148293696394257,0.411706100622054,-0.020154977447431,-0.0445725905214121,56.5,0
204791,135451.0,-1.28859557773641,0.194673338142213,0.108722976599415,-1.30352745478429,-0.287774458857763,0.575421540996305,0.742178897016278,0.335587334895949,-1.81118679166404,-0.144565475001803,-0.0653733976821446,-0.0329594992362932,0.0612392478380532,0.6285276963587,-0.132562736904193,-1.50842719492146,-0.249652226603854,2.27398121239984,-0.0385094581083467,-0.490562602968959,0.0129399596392381,0.360596057596062,-0.551430249718608,0.161602677103085,1.00155045452231,0.163240290596426,-0.0936579755863836,-0.141383371694707,187.03,0
174880,122110.0,-0.716833819158932,0.830214454214323,1.29098866154481,-0.430234789739811,0.491673919871777,-0.54242716986636,1.12377441378511,-0.0523529954348381,-0.618761590215862,-0.82795494102588,0.802573677387455,0.639143033585839,-0.497417847064694,0.480505622961328,-0.714183172969414,-0.521743741694337,-0.231654370377724,0.0372197559459332,1.0087635321947,0.033176616962812,-0.16009868504223,-0.494063707463244,-0.293890055208561,0.0531398297125863,0.637650718092624,-0.359634023769117,0.0131642682148152,0.0484641725185139,32.79,0
152262,97182.0,1.96859687878954,-0.840484392379933,0.0037790381999606,-1.31072936574698,-0.999024513522407,-0.13700833539181,-1.1706825121575,-0.0327603175469216,3.73896303343569,-1.43177017367629,0.387070391615794,-1.02863000486679,3.35845011768983,0.751860832066515,0.808126008775712,-0.0778249844748839,0.124521646169956,0.687913528898518,0.119361569206927,-0.0330713763408548,0.120228887755318,0.864583572218256,0.171968545359116,0.628220671523186,-0.299787454151347,-0.24916707880672,0.0455654033023349,-0.021872793214393,37.83,0
52118,45282.0,0.311653307470785,-2.21983367472035,0.257805080879953,-0.838960975361087,-1.97551707715951,-0.778956286189192,-0.114988368768934,-0.0973841490459276,2.1225660513696,-1.34356409573394,-0.664518241714896,-0.092670460227505,-1.43987891374711,0.193719732096922,1.56759022208577,-0.282821250391341,0.0275134499042466,0.489892924353035,0.527240601526896,0.827668945876061,0.396022399224841,0.205554038075303,-0.52295676531404,0.455267632412186,0.250205310893393,0.066235353489641,-0.0586137169067505,0.106484629788062,500.0,0
17126,28462.0,-1.03083650124074,0.926918414737165,1.45193835330697,-0.556423380501694,0.455320377167821,-1.18660952341721,1.36330663995504,-0.307966174102478,-0.855281552772008,-0.756685282211378,-0.344044404440892,0.154192719225237,0.302384930216125,0.216900200253654,0.162400876265231,0.163862988192951,-0.501856341447754,-0.833776201080879,-0.377657349641088,-0.0661183910645384,-0.314946492214107,-1.06919313065746,-0.0453225115091864,0.385251047142956,0.329091884602055,0.0430191690256445,-0.169055626298875,0.0664916259832304,47.9,0
47423,43208.0,-0.925535579999193,1.34490138236483,2.22828951163214,1.04389532699061,0.367446186466669,0.185627194425173,1.08255856515753,-0.963043623404823,0.0466210732096759,1.22897736454401,-0.281523101996264,-0.0672867590378943,1.24340073503664,-0.889305577745196,2.03157124870325,-0.598307024458587,-0.502434925201602,0.0900182246527609,1.72191296078153,0.32588179921297,-0.200104820175694,-0.28504343143998,-0.265381783064373,-0.145615453399837,-0.043722198788041,-0.482513407525977,-1.30970474235997,-0.561714004602222,14.99,0
103304,68592.0,1.21586368425612,-0.100801986470921,-0.0465656442263147,0.372167524352938,0.321547261891966,0.850405408356793,-0.220700284372003,0.237528581880029,0.305126908838557,-0.069901297737413,0.0468673522127572,0.757398018649683,-0.001134893548032,0.0972187219065387,-0.549590362519184,0.0168265989029972,-0.419858905855974,-0.217423489842771,0.649530234958892,-0.077962148278824,-0.234078926765856,-0.518945022206969,-0.144611067374906,-1.2739345302005,0.521591869168875,0.362789597945715,-0.0144259171515263,-0.0121906241436884,19.31,0
176592,122833.0,2.02406413355581,0.72638676559594,-1.56043079619335,3.55775654599109,1.35347017999053,0.293564350336774,0.605929179140113,-0.187140023108949,-1.18887963800691,1.44954688366992,-1.89311107982555,-0.19552931753897,0.52607850921241,0.23264780601857,-1.3401614310995,0.529159483939643,-0.833410290194321,-0.59241506781278,-0.985974816073608,-0.232235800810267,-0.0708185644159547,-0.109371848035708,0.0344549617166136,0.0258978287202264,0.360142839961853,0.0288367293801819,-0.0638933406745974,-0.0598187357997372,3.79,0
94620,64956.0,-0.59102038452346,-0.102076853736712,-0.506571518584275,-2.75105694769621,1.44267014130679,3.1771894944946,-0.741664997695713,1.14083136530671,-3.3253008841157,0.890816509274677,-0.378872683145053,-1.2339076930679,0.405812732145289,0.359611580414229,0.677656169278582,-0.587621480677131,0.625866000317611,0.189767957942577,1.28831880929469,-0.0693499085849126,-0.439512736285612,-1.30178276620831,-0.0437623881804083,0.94561537211852,0.362409835219491,-0.299585998738187,-0.0666109968987092,-0.0163161163048628,31.99,0
108617,70992.0,-1.0943330506215,1.54661917595229,0.618107557120039,-0.327537059678321,0.655358832116679,-0.107821672259119,0.639065375767087,0.0740597152531121,0.0597322451359585,0.346243530100752,-0.460094153178687,0.408358391421705,1.4682272904207,-0.909488719978425,1.1287184836299,0.222983065513266,-0.117783278280882,-0.515337575187687,-0.220363111215699,0.513536257485901,-0.388519751541091,-0.687978858463144,-0.0318218041401603,-0.806869847028803,0.0875310316828104,0.168314383416921,0.611863783612507,0.268867177620372,5.99,0
197207,131894.0,1.93770025513544,-0.309923507133198,-0.984288204112147,0.0268984142257877,-0.115087663880811,-0.595071502145812,-0.0510100638511804,-0.109788349392642,0.291436961300925,0.227343399336425,0.782204540153927,0.931309193757748,0.22135919348623,0.494735535003598,0.178458501092205,0.765918244627836,-0.999245299076042,-0.162367371804738,0.470727087912164,-0.0598043822093227,-0.405393556653146,-1.32891651630657,0.434745377275042,-0.538561725735807,-0.704750649418516,0.0247074249450421,-0.0813513619791232,-0.0536703594514024,56.67,0
66681,52168.0,-1.18491223616028,0.558366463943612,1.95330056469891,-1.04885175072677,-1.00340319416747,-0.0404154607818415,-0.28461021736711,0.823684210259469,0.689737276211993,-1.19846217253131,-1.100396240544,-0.497383533050815,-1.717738444877,0.0463040967981201,-0.0055204619612181,0.267727116418768,0.176114771846309,-0.512556484382076,-0.810946461781391,-0.145647884402974,-0.025425330400314,-0.073432959672457,0.0056383420652205,0.0959247443729207,-0.191115005412432,0.886341029542872,0.132596311086235,0.084862521754674,35.0,0
221353,142537.0,-2.13172185499253,-1.7467297624475,1.50277017992673,1.102237076188,0.660406829886046,0.164645383165143,0.691075758338776,0.136399922342817,-1.06681039999177,0.623129359035608,0.215274936997101,-0.466738730129427,-0.262863194625886,-0.208955600367112,-0.741666304259819,1.73699468197573,-1.30676046263583,0.499079005946003,-1.01534484719971,1.34974901968903,0.432163274284916,0.307159065538709,0.915510545389806,-0.437283764380501,-0.346041722800641,2.23535911276098,-0.1611917774366,-0.0126407986451986,381.04,0
55314,46876.0,-1.15194343776225,-0.447615198879435,0.474730472729167,-2.30008705344223,-0.661560106623494,-0.956295633917392,0.124716803659785,0.235822493646413,-2.91755837580374,0.620720847614535,-0.405805344146128,-0.328360709337719,1.31990920409319,-0.0262408577184712,-0.260123932412675,-0.701155888884388,0.770273622767791,-0.9472168652,-0.97227555823575,0.0535980352531534,-0.257972810358793,-0.747943600390813,0.376399199097468,0.0252654726146161,-0.228153907444887,-0.616660981701555,0.219300169333686,0.0656636367939305,121.98,0
278765,168418.0,-0.377193418146382,0.393247803794926,1.75341169026468,-0.601558649597439,-0.15910924861177,-0.42624736676275,0.435094092874796,-0.168710475422225,0.725103923652364,-0.458978286664493,-1.28409299535061,-0.717138721357341,-1.08603149813936,-0.372435563212385,0.0925837634041084,0.224397092696584,-0.596417859645713,0.255575762731981,-0.325019957458623,-0.122732478679726,0.197449247295533,0.787673706700032,-0.2467747481047,0.0772530016101019,-0.468099372492481,0.494394351827574,-0.179787507709481,-0.0601051674798675,11.5,0
92241,63843.0,1.1034680440832,-0.0153399251285246,1.27449459125865,1.28574402849324,-0.705253704572531,0.296265103040766,-0.562685253929601,0.169809072350808,0.730172904206194,-0.278092850060425,-0.391564284098223,1.11991730767583,1.05286393609301,-0.537203781946701,0.316778314416314,-0.262793678266967,-0.0288976795340277,-0.638176395476875,-0.578007433499645,-0.0918389396309521,-0.0206512812167485,0.224214366781375,0.0096668342765612,0.113189991552128,0.375953327493297,-0.383414962857888,0.0950611603268257,0.037790356767526,12.99,0
65675,51697.0,1.0239842200254,0.709935758924615,0.228803569015307,3.48385987163372,0.686421091901717,0.704049521612477,0.283782422175559,0.264885776320913,-1.73631367116454,1.36567189116432,1.27599922492293,-0.0955236071795381,-1.32800103868498,0.988856716416637,-0.217880532143848,0.359175504036243,-0.247812529121221,-0.799538439852218,-1.84792493029114,-0.281730049175177,0.0863103574995066,0.120499051074866,-0.0388500886523567,-0.327218465777909,0.479051363534111,0.106753223613128,-0.02310476993686,-0.0031279127452405,19.12,0
208022,136942.0,1.19281178322099,-1.67492045445264,-2.19833547308539,0.207145538925104,0.67188712166305,1.56754371423691,0.25972003940794,0.290013630313506,0.520611299115259,-0.11290002507251,0.623076314576658,0.838310031549054,-0.522439026426331,0.553823631810597,-0.313089576517403,-0.849435896833138,0.298959808834106,-1.2301142567816,-0.384079262736732,0.506917538949819,0.257445782908014,0.120221613406766,-0.195629884152592,-0.873850660020602,-0.261090545127329,0.687426081332549,-0.119652025921,-0.0247398974192611,397.75,0
187262,127459.0,0.6966914020843,-2.80815426337451,-1.20683314705354,-0.158734167670128,-1.6473999073698,-0.773182368140449,0.318769995826933,-0.268044083185908,1.52087552218641,-0.707003880214251,-0.649832194018395,0.144422940731711,-0.492341966580117,0.310291523824404,1.37709601633725,0.355705994195506,-0.375734938562473,-0.160340173681432,-0.0259373093409297,1.1882963863692,0.242083575730416,-0.794031721088075,-0.184429997092017,0.0129306399222091,-0.939577862742444,0.265659366293224,-0.171826201855909,0.0727709715193206,700.0,0
118594,75140.0,1.27479656727451,0.134625087849838,0.175297129427639,0.316727324783591,-0.0720067077024543,-0.208876973989012,-0.0980561330439256,0.0275698666967447,-0.0695806069872559,0.121423740001503,0.643888369567697,0.474524952815249,-0.208856184055796,0.502588286171436,0.455943084057558,0.767710571184143,-0.940881991216568,0.294427713570296,0.486039190501795,-0.0924387823682449,-0.266692740413763,-0.832112830898178,0.0286927637116848,-0.518209463412085,0.277835513993852,0.130337028224864,-0.0378120536407712,-0.0007637033390776,1.98,0
281095,169937.0,2.05578564242442,-0.337649979615026,-2.96816770633302,-1.55384095669784,0.762432945789776,-1.80421776358741,1.15028035395946,-0.775989688337144,0.788652418032786,-0.811648189862751,-0.482899959207299,1.1158664774727,0.984482866598181,0.691050160832209,0.36385695445242,-1.57672159659244,0.0104782796100059,-0.544587417010631,0.945201211754638,0.0465108747707454,0.346617234272,1.11879997300077,-0.313286960206308,0.813414906671391,0.894443768602859,0.170393447358694,-0.0940774012736128,-0.0680283632996463,92.0,0
232818,147318.0,2.15303671355102,-1.06831518689414,-0.714213779907609,-0.898816589356317,-0.942887304290171,-0.338634206351402,-1.05294616141233,-0.0278230747884999,0.213732932019135,0.742120798782988,-1.11445038048479,-0.861557541891071,-0.241006756649378,-0.406733573273913,0.288410173054156,1.26157238677198,0.0680065387823611,-0.983639789973256,0.530185004843289,0.0069760454653187,0.308321836392195,0.878177345435054,0.136937224594003,0.599932575750659,-0.127950542053059,-0.111458531460671,-0.0013690896849241,-0.0408990177369508,29.95,0
157388,109852.0,2.08316727163135,0.128433069099012,-1.33565458283728,0.349339529906704,0.420063000589267,-0.716436022527012,0.106890104640084,-0.385627739120758,1.9282525189882,-0.500150937647328,0.293611398213506,-1.8274631071163,2.46330965762144,1.75931462863853,0.13506742823143,-0.358741774687426,0.158614790298553,0.237327590457941,-0.426003039504906,-0.224756101966112,0.121849867801255,0.790584236248876,0.0105933065366962,0.586320306658644,0.353158337725092,-0.483935992110698,-0.01516717059771,-0.0532772142979534,1.0,0
58998,48642.0,-1.71361940573679,1.35746603968657,-0.138877929465537,0.260420697029185,0.880218574269288,0.228353715261056,-0.138276864563879,1.16009560766303,-1.09056962688318,-1.69488134875583,0.979780632265275,0.351806685761689,-0.156938144394739,-0.628699402003184,1.76991041656254,-0.69549176396834,2.72312900574189,-1.53481872354243,-1.84101894940679,-0.386923829626241,0.180030201095508,0.336668472305896,-0.134926905895256,-0.735988123628073,-0.324899649546908,0.418468401739989,-0.177558260502251,-0.104505467558266,0.76,0
215849,140243.0,-10.6000844885731,9.12574445405463,-6.974735930509,-3.03278684963882,-2.41740739751467,-1.94867140500734,-1.08960395980437,2.76542707937018,5.37892005420739,9.65534794226697,0.592311751446177,1.45452117737007,-0.670357445231572,0.32721355394534,-0.443621105343379,-0.523573977829112,0.0573836559858856,-0.13816167385641,-0.89193090950956,3.67392885814396,-0.504430137689189,0.217381299510328,0.569637820490388,0.641930903994548,1.44817763765119,0.0154363912291945,1.42976232128694,0.662685694078078,1.46,0
119160,75357.0,-0.722445797528754,0.156764303862607,3.23763781033772,-0.0593146221208374,-0.323073513270208,0.401239379916301,0.277447368380688,-0.121747107263567,1.32650882907135,-0.756598228457733,-0.568073126628588,1.202525279673,0.584872368322298,-1.80143845676161,-2.3254755019723,-0.999500892394514,0.289490108476339,-1.36019425090075,-0.868875651396109,-0.0847025057893455,-0.131488343187178,0.42821567271541,-0.193347136347278,0.691310150443134,-0.324878517610191,0.0805039432471059,-0.290765034190227,-0.320717977144621,6.78,0
47778,43358.0,-0.470788562867286,0.595231027689971,2.54032320315045,0.957265212944135,0.133210486903959,1.09654221609751,0.113133938890356,0.172564227798939,0.254816404243199,-0.324534911091635,-1.30398061649094,-0.308172568384475,-0.043737704380963,-0.588646220079759,0.945657978977914,-0.543793323696544,0.0509261318597625,0.0546797317475777,0.945489189648224,0.157540495130756,-0.0804310324562811,0.157012332217696,-0.371202793186072,-0.763955893305833,0.211894035418193,-0.17399256845048,-0.0113738585456278,-0.13963270945563,9.99,0
121375,76170.0,-1.47394003116628,0.71562762439803,1.42507038613931,0.0536662915452812,0.96315787712375,-0.640513061151134,1.10725286114116,-0.104367046877523,-1.02764841589238,-0.309117457344804,0.956753271061485,0.611671710590207,-0.0056849460517683,0.435304300584267,-0.439434684244239,0.448787916238617,-0.966501678275436,-0.0097030970521956,-0.122898309787981,-0.187013677850477,-0.307957082926926,-1.03448501456357,0.0874449761499007,-0.0609559716639833,0.480352709368105,-0.812141456597088,-0.266556767708059,0.174781220465361,32.0,0
220956,142371.0,0.0429026098523294,-0.0156266633587235,2.13152571023672,0.474364685360297,-0.314545260907653,0.910088960453791,-0.056392040535041,-0.0218156254529068,1.87182311211406,-0.171054370936562,-2.36607293274942,-0.760479227717695,-1.14874307676135,-1.27835296133628,-0.765500545957695,0.295925549547082,-0.911966586585048,0.80776033430056,-0.370806247385564,-0.156736208994714,0.101298786852512,0.910214390063638,-0.250198032366042,-0.682815037533943,-0.468629458326659,-0.621129543426584,-0.26136377017548,-0.38829291809289,32.9,0
97625,66301.0,0.05965495100818,-1.24965987880223,-0.566865851482955,1.68654593090363,-0.415045201698432,-0.0449160006164119,0.721849495189431,-0.0456953422674826,-0.395502694292861,-0.601367581189192,1.9538072890925,0.858100616926483,0.153004187781094,-0.631375315785828,0.732718415685978,0.616156906143535,0.501795685315076,0.510833810505926,-0.859174513595158,1.01692294742695,0.274311164056452,-0.433723051730577,-0.492117555806495,-0.0680145113318603,0.202527821833472,-0.495460026366524,-0.0528230302201632,0.13794258236979,558.61,0
541,406.0,-2.3122265423263,1.95199201064158,-1.60985073229769,3.9979055875468,-0.522187864667764,-1.42654531920595,-2.53738730624579,1.39165724829804,-2.77008927719433,-2.77227214465915,3.20203320709635,-2.89990738849473,-0.595221881324605,-4.28925378244217,0.389724120274487,-1.14074717980657,-2.83005567450437,-0.0168224681808257,0.416955705037907,0.126910559061474,0.517232370861764,-0.0350493686052974,-0.465211076182388,0.320198198514526,0.0445191674731724,0.177839798284401,0.261145002567677,-0.143275874698919,0.0,1
623,472.0,-3.0435406239976,-3.15730712090228,1.08846277997285,2.2886436183814,1.35980512966107,-1.06482252298131,0.325574266158614,-0.0677936531906277,-0.270952836226548,-0.838586564582682,-0.414575448285725,-0.503140859566824,0.676501544635863,-1.69202893305906,2.00063483909015,0.666779695901966,0.599717413841732,1.72532100745514,0.283344830149495,2.10233879259444,0.661695924845707,0.435477208966341,1.37596574254306,-0.293803152734021,0.279798031841214,-0.145361714815161,-0.252773122530705,0.0357642251788156,529.0,1
4920,4462.0,-2.30334956758553,1.759247460267,-0.359744743330052,2.33024305053917,-0.821628328375422,-0.0757875706194599,0.562319782266954,-0.399146578487216,-0.238253367661746,-1.52541162656194,2.03291215755072,-6.56012429505962,0.0229373234890961,-1.47010153611197,-0.698826068579047,-2.28219382856251,-4.78183085597533,-2.61566494476124,-1.33444106667307,-0.430021867171611,-0.294166317554753,-0.932391057274991,0.172726295799422,-0.0873295379700724,-0.156114264651172,-0.542627889040196,0.0395659889264757,-0.153028796529788,239.93,1
6108,6986.0,-4.39797444171999,1.35836702839758,-2.5928442182573,2.67978696694832,-1.12813094208956,-1.70653638774951,-3.49619729302467,-0.248777743025673,-0.24776789948008,-4.80163740602813,4.89584422347523,-10.9128193194019,0.184371685834387,-6.77109672468083,-0.0073261825777121,-7.35808322132346,-12.5984185405511,-5.13154862842983,0.308333945758691,-0.17160787864796,0.573574068424352,0.176967718048195,-0.436206883597401,-0.0535018648884285,0.252405261951833,-0.657487754764504,-0.827135714578603,0.849573379985768,59.0,1
6329,7519.0,1.23423504613468,3.0197404207034,-4.30459688479665,4.73279513041887,3.62420083055386,-1.35774566315358,1.71344498787235,-0.496358487073991,-1.28285782036322,-2.44746925511151,2.10134386504854,-4.6096283906446,1.46437762476188,-6.07933719308005,-0.339237372732577,2.58185095378146,6.73938438478335,3.04249317830411,-2.72185312222835,0.0090608363953452,-0.37906830709218,-0.704181032215427,-0.656804756348389,-1.63265295692929,1.48890144838237,0.566797273468934,-0.0100162234965625,0.146792734916988,1.0,1
6331,7526.0,0.0084303648955825,4.13783683497998,-6.24069657194744,6.6757321631344,0.768307024571449,-3.35305954788994,-1.63173467271809,0.15461244822474,-2.79589246446281,-6.18789062970647,5.66439470857116,-9.85448482287037,-0.306166658250084,-10.6911962118171,-0.638498192673322,-2.04197379107768,-1.12905587703585,0.116452521226364,-1.93466573889727,0.488378221134715,0.36451420978479,-0.608057133838703,-0.539527941820093,0.128939982991813,1.48848121006868,0.50796267782385,0.735821636119662,0.513573740679437,1.0,1
6334,7535.0,0.0267792264491516,4.13246389713003,-6.56059996809658,6.34855667313983,1.32966566904142,-2.51347884762413,-1.68910220031328,0.303252800547589,-3.13940905736457,-6.04546779778801,6.75462544809695,-8.94817857893317,0.702724998099873,-10.7338541032306,-1.37951985681718,-1.63896011485587,-1.74635013628103,0.776744097926754,-1.32735663549015,0.587743219006407,0.370508651493253,-0.57675247317433,-0.669605371766238,-0.759907529538618,1.60505555017462,0.540675396428899,0.737040381683977,0.496699108168337,1.0,1
6336,7543.0,0.329594333318222,3.71288929524103,-5.77593510831666,6.07826550560828,1.66735901311948,-2.42016841351562,-0.812891249491333,0.133080117970748,-2.21431131204961,-5.13445447110633,4.56072010550223,-8.87374836164535,-0.797483599628474,-9.17716637009146,-0.25702477514424,-0.871688490451564,1.31301362907797,0.773913872552923,-2.37059945059811,0.269772775978284,0.156617169389793,-0.652450440932299,-0.551572219392364,-0.716521635357197,1.41571661508922,0.555264739787582,0.530507388890912,0.404474054528712,1.0,1
6338,7551.0,0.316459000444982,3.80907594667829,-5.61515901119457,6.04744510216478,1.55402595692572,-2.6513531120137,-0.746579273100222,0.0555863112529252,-2.6786785422399,-4.95949291161496,6.43905335158373,-7.52011739288703,0.38635166741077,-9.25230724747513,-1.36518841502051,-0.502362190618164,0.784426598154274,1.49430460743838,-1.80801215867357,0.388307428238927,0.208828369001674,-0.511746619200722,-0.583813220813723,-0.219845029091423,1.47475258440688,0.491191925656006,0.518868284577287,0.40252806767232,1.0,1
6427,7610.0,0.725645739819857,2.30089443776603,-5.32997618300917,4.007682804682,-1.73041059025206,-1.73219256822244,-3.96859261813707,1.06372815344105,-0.486096552344833,-4.62498495406596,5.5887239146762,-7.14824263637845,1.68045074096412,-6.21025774661028,0.495282117814298,-3.5995402092184,-4.83032424210571,-0.649090120211694,2.2501232487881,0.504646226103286,0.589669127323198,0.109541319229913,0.601045276521079,-0.364700278220039,-1.84307769215194,0.351909298434892,0.594549978086464,0.0993722360416487,1.0,1
6446,7672.0,0.702709900098753,2.42643280600508,-5.23451329584052,4.41666124290876,-2.17080621591773,-2.66755356121463,-3.87808845483572,0.911337122229195,-0.166199039175942,-5.00924850212751,4.67572941865677,-8.16718805173089,0.638559282180499,-6.76333439062322,1.29686025605627,-3.81175840977789,-3.75412806618729,-1.04917740227906,1.55419726345897,0.422743129198702,0.551179689117248,-0.0098023573132531,0.721698230069415,0.473245751402033,-1.9593037711687,0.31947554010746,0.600484916486359,0.129305225096566,1.0,1
6472,7740.0,1.02387386852139,2.00148526626613,-4.76975183220974,3.81919458538265,-1.2717542273697,-1.7346624268403,-3.05924503160896,0.889804791975203,0.415382113237262,-3.95581234352737,3.57205481558784,-7.18645159050588,0.147242340802109,-5.24930454889762,1.67833367358535,-2.64147310915178,-1.31205856007348,-0.391716050952505,1.11826355175812,0.204137684042271,0.343282648722251,-0.0541956644068491,0.709653952497143,-0.372215866946976,-2.03206836614816,0.366777602071192,0.395170669257609,0.0202055389458413,1.0,1
6529,7891.0,-1.58550536691994,3.26158454822833,-4.13742198305023,2.35709625199132,-1.40504331370135,-1.87943719306477,-3.51368687087654,1.51560674568816,-1.20716636120056,-6.23456133227108,5.45074606689486,-7.33371406736393,1.36119332407831,-6.60806825219469,-0.481069424899829,-2.60247787045261,-4.83511205239717,-0.553026089102902,0.351948943356815,0.315957258937511,0.501543149467536,-0.54686881157389,-0.0765836358993043,-0.425550366841581,0.123644186352002,0.321984539336613,0.264028160503965,0.132816719764592,1.0,1
6609,8090.0,-1.78322883722709,3.40279371307631,-3.82274226552205,2.62536815276644,-1.97641541136284,-2.73168901231308,-3.43055914949085,1.41320351399318,-0.776941494554916,-6.19988176274188,4.36671348631445,-8.24326243368313,0.345761165232579,-6.59055029705192,0.265576095932165,-3.02845238846152,-4.21448627485607,-1.21360784773725,-0.265421595374812,0.364089115014408,0.454031931736316,-0.577525824201459,0.0459665375362652,0.461700017592254,0.044146161217817,0.305704433918549,0.530980986346765,0.243745598122111,1.0,1
6641,8169.0,0.857321003765953,4.09391182702914,-7.42389358948559,7.38024451788662,0.973366022888688,-2.73076151658057,-1.49649705633444,0.543015172692922,-2.35119015933267,-3.94423849794435,6.35507773663404,-7.30974798382371,0.7484505505775,-9.05799252943745,-0.648944909074786,-1.07311652692728,1.52450091526025,1.83136353283608,-0.0897244112241547,0.483302650495284,0.375026285129017,0.145399853347782,0.240603265009756,-0.234649222710157,-1.00488094720044,0.435831916241838,0.618323805168482,0.148468944379397,1.0,1
6717,8408.0,-1.81328048476897,4.91785071056565,-5.92612969400656,5.70150043141163,1.20439257214362,-3.03513754815611,-1.71340206347108,0.561257390902032,-3.79635425171163,-7.45484065078351,7.38805512292025,-10.4752286504099,-0.379314526756117,-11.7367291212569,-2.08698895215593,-2.44235398293755,-3.53552351168246,0.130360306640887,-2.07145048844325,0.576656033332069,0.615641835107552,-0.4064272753179,-0.73701807643754,-0.279641772215917,1.1067663744335,0.323885477719453,0.894766671515833,0.569518600269514,1.0,1
6719,8415.0,-0.25147096006823,4.31352332575143,-6.89143771650147,6.79679668055103,0.616296505250374,-2.96632654187403,-2.43665252687714,0.489327898838014,-3.37163857159343,-6.81081309938215,7.62008905836908,-10.2852825163315,-0.342444334069655,-11.5434979157865,-1.3349879032835,-2.68928420445067,-3.20438340295762,0.0865218956911394,-1.31449509665307,0.632709963789826,0.536892074447128,-0.546126023729244,-0.605239547613772,-0.263743459593593,1.53991583077868,0.523573696680871,0.891024688365269,0.572740666549584,1.0,1
6734,8451.0,0.314596589729515,2.66067027657541,-5.92003738034463,4.52249960508858,-2.3150272861839,-2.27835165394776,-4.68405393631569,1.20227026523098,-0.694695511200349,-5.52627805985834,6.66243683071252,-8.52546492534563,0.742745446888019,-7.67866801029943,0.593070459066131,-4.47813659534324,-5.84426647937357,-1.1027307945783,2.17738568653903,0.562705643312244,0.743314023428983,0.0640383555765096,0.677841675250346,0.0830078227438395,-1.91103446375022,0.322188398435937,0.620866538820488,0.185030354728703,1.0,1
6774,8528.0,0.447395553302475,2.48195386638743,-5.66081393141405,4.4559228120932,-2.4437797540431,-2.18504026247234,-4.71614294470093,1.24980325173147,-0.718326066573691,-5.3903302556601,6.45418752494833,-8.48534657377678,0.635281408794591,-7.01990155916612,0.53981407134798,-4.6498642988132,-6.2883575087823,-1.33931232244731,2.26298478762517,0.549612970886705,0.756052550277073,0.140167768675,0.665411100673545,0.131463791724986,-1.90821741154788,0.334807598686864,0.748534284767756,0.175413794422896,1.0,1
6820,8614.0,-2.16992897559082,3.6396539992044,-4.50849778617728,2.73066814884895,-2.12269287053048,-2.34101682766366,-4.23525308290613,1.70353765763508,-1.30527913344307,-6.7167200227127,6.35361231915591,-8.60164826276464,0.449930038237225,-7.50616937408145,-0.438081781812467,-3.69451599830956,-6.30475338603049,-1.26758712788115,0.357987030484253,0.5007790539507,0.645103275621378,-0.503529448911197,-0.0005228218182992,0.0716957787676742,0.0920074334247208,0.308497931577036,0.552590914653841,0.298954478709399,1.0,1
6870,8757.0,-1.86375555343732,3.44264397684973,-4.46825973145511,2.80533625940251,-2.1184124774924,-2.33228488731467,-4.2612371974404,1.70168184397858,-1.43939587542941,-6.99990663386522,6.31620967716699,-8.67081800476226,0.316023991908777,-7.41771206475053,-0.436537471366146,-3.65280196004741,-6.29314531907376,-1.24324829133852,0.364810482193887,0.36092400372093,0.66792657242141,-0.516242362128804,-0.012217811746839,0.070613703103445,0.0585044669560628,0.304882839588584,0.418012467185258,0.208858278145839,1.0,1
6882,8808.0,-4.61721720415581,1.69569365346656,-3.11437220079491,4.32819855298178,-1.87325699086527,-0.989908135538263,-4.57726462658038,0.4722161584519,0.472016953377646,-5.57602263642415,4.80232276125089,-10.833164469314,0.104303875698575,-9.40542306160986,-0.80747786866047,-7.55234220350747,-9.8025617903912,-4.12062883466552,1.74050729036196,-0.0390459343384186,0.481829697240067,0.146023056445948,0.117038527549065,-0.21756459883966,-0.138776043706563,-0.424452881068275,-1.00204142597227,0.890780287970655,1.1,1
6899,8878.0,-2.6618021745564,5.8563932148043,-7.65361621324071,6.37974188053221,-0.0607121191362683,-3.13154973153662,-3.10356974550479,1.77849156945338,-3.83115371623455,-7.19160424618226,7.10298858788516,-9.92869994299538,-0.0674983775194601,-10.924186865147,-1.69791397714032,-2.37942098527078,-2.77511389701838,0.273798971252603,-1.38218756352589,0.399096860264863,0.734774950378595,-0.43590118187623,-0.384765904180568,-0.286015663843443,1.00793382365812,0.413195532462339,0.28028415690056,0.303936550639395,1.0,1
6903,8886.0,-2.53585211738111,5.79364414692454,-7.61846283574893,6.39582974649419,-0.0652101046678037,-3.13637196409103,-3.10455736262141,1.82323263760971,-3.87865758023391,-7.29780335001461,7.07166913682445,-10.001046368327,-0.207934540884304,-10.8606980453666,-1.69082504118249,-2.36085672411086,-2.76009701528795,0.29810341564323,-1.38555780172735,0.408704184487524,0.716719907055995,-0.448059938458541,-0.402406878680357,-0.288835222564699,1.01175223958707,0.425964621387216,0.413139555823146,0.308204656968305,1.0,1
6971,9064.0,-3.49910753739178,0.258555160773118,-4.48955807274398,4.85389435139681,-6.97452154477167,3.62838209065084,5.43127092073166,-1.94673371078472,-0.775680092900109,-1.9877731876087,4.69039566550924,-6.9980424321007,1.45401198637847,-3.73802333366749,0.31774206255503,-2.01354268083989,-5.1361351026702,-1.18382211654359,1.66339401354543,-3.04262575715977,-1.05236825623151,0.204816873569406,-2.11900744010783,0.170278608305444,-0.393844118118335,0.296367194488607,1.98591321801306,-0.900451638402827,1809.68,1
8296,11080.0,-2.12548982597957,5.97355569173344,-11.0347272274446,9.00714687170235,-1.68945053397167,-2.85441528535313,-7.81044074525876,2.03086994595841,-5.90282812214984,-12.8409338181318,12.0189131816199,-17.7691434633638,-0.431035658230095,-19.2143254902614,-0.962464574748091,-10.2666091836641,-15.5033921000669,-5.49492764246329,-0.410480977392724,1.49377464554928,1.6465182926595,-0.278484510810644,-0.664841293974353,-1.16455536944202,1.70179641354046,0.69080561470369,2.11974873337031,1.10893340333617,1.0,1
8312,11092.0,0.378274504006009,3.91479678866992,-5.72687201536627,6.09414095882864,1.69887526405022,-2.8073139468834,-0.591118212837213,-0.123495593086659,-2.53071281390832,-5.15309460989926,4.65408842254301,-7.83953899762349,1.37181858033581,-9.63468971263612,-0.739596855842826,-0.663203945673478,0.891934540534899,0.978675639075006,-2.00547660274646,0.440439440893876,0.149895683076911,-0.601967245529085,-0.613724335539499,-0.403113687819411,1.568445255978,0.52188393400233,0.527937749881352,0.411910405834512,1.0,1
8335,11131.0,-1.42662331260887,4.14198623236944,-9.80410344235714,6.66627300324451,-4.74952679326515,-2.07312900595144,-10.0899311630826,2.79134529885187,-3.2495156171301,-11.4204509744097,10.8530116481991,-15.969207520809,0.546690084634152,-14.690729133641,0.91233739988339,-12.2271892780267,-18.5873662058916,-6.92076186060174,3.16699890688552,1.41067765264616,1.86567876848945,0.407809281593599,0.605809354312964,-0.769348118123441,-1.7463368287861,0.502039516709683,1.9772583297728,0.711606531209485,1.0,1
8615,11629.0,-3.89119195123086,7.09891625215749,-11.4264670967961,8.60755678650129,-2.06570621026229,-2.98528802203595,-8.13858941693861,2.97392807853452,-6.27279046836547,-13.1934150665232,11.6197234753825,-17.6316063138707,-0.355194389515515,-18.8220867423816,-1.2831290856146,-10.0310966568698,-15.2270075099256,-5.32200898058982,-0.501750653452579,1.38261899967275,1.75708522742867,-0.18970915318715,-0.508629244173448,-1.18930816877394,1.18853649934791,0.605241885913626,1.8815287524148,0.875260407222375,1.0,1
8617,11635.0,0.919136507326981,4.19963266902077,-7.53560659365729,7.42694037455047,1.11821533001319,-2.88672235145027,-1.34103599607144,0.363933268353337,-2.20322443100109,-4.13784019622865,4.57011280759332,-7.62916958856017,1.73391746350254,-9.44037499459843,-0.0233533498971062,-1.23395828198259,1.63200885764087,1.3157345644727,-0.287188855297045,0.535434663150233,0.316093599204254,0.0551792270194195,0.21069215028398,-0.417917881438145,-0.91118827562932,0.466523924588163,0.627393270472548,0.157851282541588,1.0,1
8842,12093.0,-4.69679522444504,2.69386747884008,-4.47513271259153,5.4676845487781,-1.55675807549758,-1.54942028904253,-4.10421487278526,0.553934075416293,-1.49846813107494,-4.59495176285009,5.27550585077254,-11.3490285500915,0.374549235103921,-8.13869488434773,0.548570894168134,-6.65359434741365,-10.2467554066001,-4.19106626655491,0.991486122257293,-0.158970548660611,0.573898081112651,-0.0801627753981571,0.318407817148194,-0.245862202650853,0.338238431564141,0.0322706213908033,-1.50845793363219,0.608074682590101,0.0,1
8845,12095.0,-4.72771265581559,3.04446910225824,-5.59835426695611,5.92819080241929,-2.19076972938784,-1.52932296564747,-4.48742195988547,0.916391814103266,-1.3070104231933,-4.13889121357616,5.14940878300581,-11.1240186070579,0.543067765541171,-7.84094220494304,0.743633944785042,-6.77706923974191,-9.93176515376766,-4.09302112201074,1.50492485905709,-0.207759445103882,0.650988236282379,0.254983288954681,0.628843468802127,-0.23812845429317,-0.671332331960485,-0.0335900627800998,-1.33177732223058,0.705697590023144,30.39,1
8972,12393.0,-4.06400473842815,3.10093489093256,-1.18849800365476,3.26463274045175,-1.90356235801726,0.3203505872957,-0.954940039087007,-3.27753491983773,2.82082866173719,1.01511287978593,3.18718689736493,-7.00432728360605,0.872710605485111,-6.22060535304292,-0.904444629573358,-3.07509188469837,-5.04473569177435,-1.71808268516882,-0.662462068430895,-0.531897693292296,1.68866543097474,-0.0788446980063478,0.19373092657711,0.479495953884992,-0.50660305739906,-0.409862744197452,-3.03627132936069,-0.630605198840545,179.66,1
9035,12597.0,-2.58961719821269,7.01671438495857,-13.7054072869097,10.3432280604117,-2.95446103475574,-3.05511578527804,-9.3012886151434,3.34957336071614,-5.65421202641103,-11.853866972601,11.6692047358121,-17.2286622386187,0.0555715664836118,-18.4937733551053,-0.304172113519045,-10.6294973901353,-14.4412111342765,-5.10548646597228,1.2702262705049,1.48885519236896,1.88773772551451,0.333998184533223,0.28765904061745,-1.18640640906644,-0.690272670076388,0.631703772210546,1.93422076005943,0.789687172212655,1.0,1
9179,13126.0,-2.88004235163471,5.22544230971559,-11.0633302799459,6.68995065770063,-5.7599239886738,-2.24403079081521,-11.1999752166959,4.01472180864313,-3.42930426351801,-11.5619497720699,10.446846814514,-15.4790524832016,0.734441608104148,-13.8837785491112,0.821439545395249,-11.911483017197,-18.1030037037729,-6.83783453880068,3.12692935212663,1.19144396640797,2.00288287701632,0.351102064721284,0.79525514045211,-0.778379381413672,-1.64681511254223,0.487538823287331,1.42771309550336,0.583172486219188,1.0,1
9252,13323.0,-5.45436177939673,8.28742055534983,-12.7528112729386,8.59434189301081,-3.10600228114338,-3.17994875686414,-9.25279393795831,4.24506220985367,-6.32980084623466,-13.1366983691039,11.228470279576,-17.1313009454468,-0.169401056814124,-18.0499976898594,-1.36623566099065,-9.7235653091894,-14.7449024646768,-5.24730110631125,-0.574675143795817,1.30586191483437,1.84616479291417,-0.267171794223081,-0.310803969751621,-1.20168545799806,1.35217609502433,0.608424596360403,1.57471478384204,0.808725205090233,1.0,1
9487,14073.0,-4.15301449873357,8.20479650456012,-15.0317142097481,10.330099825448,-3.99442609736294,-3.25001318447365,-10.4156978119079,4.62080391044331,-5.71124797098224,-11.7971810675777,11.2779207278067,-16.7283393320915,0.2413676825577,-17.7216383537133,-0.387299923381284,-10.3220166783853,-13.9590853730538,-5.03071003831832,1.19726633504633,1.41262488019492,1.97698839609887,0.25651048717528,0.485908106513804,-1.19882131436036,-0.526567394687845,0.634873502483478,1.62720907623952,0.723235068518316,1.0,1
9509,14152.0,-4.71052878230567,8.63621438967976,-15.4962220036783,10.3133493732845,-4.35134098287048,-3.32268873543923,-10.7883728387388,5.06038112024979,-5.68931118776998,-11.7121866242875,11.1524905985837,-16.5581971409376,0.302644522406362,-17.4759212828566,-0.412393267331071,-10.222203169604,-13.7991476446987,-5.00858517858957,1.16202614780693,1.43423977941906,1.9905453513529,0.223785002572736,0.554408428563337,-1.20404159623154,-0.450684594730258,0.641836059375492,1.60595762479265,0.721643614506061,1.0,1
10204,15817.0,-4.64189285087538,2.90208643306647,-1.57293870931742,2.507298518227,-0.871782564349351,-1.0409025722626,-1.59390073966645,-3.25490508581579,1.90896268593707,1.07741752106048,3.33850216040272,-6.54261034532574,1.09953638182128,-3.26647554459315,1.01472790444294,-4.84238307827835,-5.269876299726,-2.34466857415508,1.95922405409272,-0.465679220344122,1.96359666634146,-0.217413915973245,-0.54933995583883,0.645545202036521,-0.354557818794591,-0.611763845006479,-3.90808047547799,-0.671248265147117,11.39,1
10484,17187.0,1.08837493830851,0.898474023721059,0.394684329076182,3.17025757451452,0.17573879687403,-0.221980885195245,-0.0229887284923858,-0.0108735366656839,0.860043617194172,-0.592472935320844,1.07272839973578,-2.54755681422931,1.23595005675711,-0.330305803751441,-1.02235437464957,0.335642172519614,2.29899822072815,-0.1620962094812,-1.53270721248432,-0.217358192249005,-0.423553904215867,-0.800852284805578,0.0776144554303444,0.167608452574198,0.350181817443194,-0.118940929478619,0.0129477659306532,0.0542542721018558,3.79,1
10497,17220.0,1.18978435670385,0.942289402014327,0.0823341450498769,3.02404970580847,0.412406009418248,-0.214414558479438,0.0535578385040748,-0.110353351082093,0.883797757350066,-0.554223900525873,0.154921008931302,-2.77675657494788,1.6412066261065,-0.45607695680899,-1.24041439240797,0.857322735948866,1.70702446635297,0.526349196477535,-0.865104609842214,-0.143434644974988,-0.502635558485173,-1.04739752764089,-0.0567520238885425,-0.340688404752184,0.541235201259928,-0.0983002868955662,-0.0030411199129353,0.049819020358336,3.79,1
10498,17230.0,-0.469326705102944,1.11145278248281,2.04100272504592,1.73159516277684,0.135146841769907,-0.0936251754891053,0.266155169970928,0.0829882363836626,0.58025540346041,-0.164562674892883,0.500376369958899,-3.0217601822032,0.924213260310925,1.50079377517002,-0.400282644242405,0.706047712602575,0.115114264650572,-0.0467958788933584,-2.54852159198286,-0.358708665630957,0.159387389394564,0.592669568808717,-0.0535961838321624,0.320747502076217,-0.36912075429213,-0.136604684929151,-0.100845186803931,0.03934714768212,3.93,1
10568,17520.0,-5.26805322089363,9.06761342731767,-15.9607281345144,10.2966027898053,-4.70824109122294,-3.39537485177836,-11.1610570028797,5.49996263444947,-5.66737554592835,-11.6271935556579,11.0270590938161,-16.3880541668327,0.363921486512734,-17.230202160711,-0.437487559248993,-10.1223919213552,-13.6392089915234,-4.98645725844229,1.12678437819631,1.45587819528,2.00410994522741,0.191058399384387,0.622927669875126,-1.20926355739155,-0.374798862642666,0.64879803679546,1.58469734677224,0.720055870245492,1.0,1
10630,17838.0,-5.18787810836635,6.96770866359565,-13.510931139095,8.61789514115238,-11.2144223939458,0.6722478387604,-9.46253281088355,5.32870420774381,-4.89700552817542,-11.7868116556041,9.36907905765884,-15.0941631493865,1.25637700700759,-11.8521613037824,0.274429814172421,-10.6882417917386,-18.3888105354245,-6.89884013301839,2.38280793552097,-0.623737291574186,2.08608300107406,0.760190240866359,0.716805785858217,-0.646743429628277,-1.61704292571624,0.172346889503238,0.626646780979254,-0.169726031129409,766.36,1
10690,18088.0,-12.2240206243564,3.85415032971366,-12.4667657248211,9.64831072711484,-2.72696132147655,-4.44561038185083,-21.9228110340575,0.320792273696859,-4.43316165783721,-11.2014000859835,9.32879925655782,-13.1049334662012,0.88848078772943,-10.140200337183,0.713465392614318,-10.0986706554809,-17.5066115481045,-8.06120798966267,1.60687003263877,-2.14718143950284,-1.1598299509044,-1.50411888189644,-19.2543276173719,0.54486672601225,-4.78160552206407,-0.0077722810999307,3.05235768679424,-0.775035651186717,1218.89,1
10801,18399.0,-14.4744374924863,6.50318451651946,-17.7126323688621,11.2703523334822,-4.15014206409808,-3.3720982088695,-16.5358068114174,-1.4439469925952,-6.81527289964437,-13.6705451263516,10.5452629545898,-15.0226996343749,0.171633085144947,-15.0663743633461,-0.259575939555838,-8.6687392723375,-12.8041408991277,-5.11662049533788,0.579200358016368,1.10124987016838,-2.47596222945688,0.342390706034285,-3.56450803816097,-0.81814019000188,0.153407682695978,0.755079460824454,2.70656616161759,-0.992916047059418,1.0,1
10891,18675.0,-12.3396031574122,4.48826730168204,-16.5870729373632,10.1072738734101,-10.4201989827431,0.130669811857349,-15.6003233044816,-1.15769598093331,-5.3046309683427,-12.9389293107706,8.80568196718575,-13.5561301301468,1.16546376028499,-9.80988150207055,0.369987279150665,-9.50521044515487,-17.5420303090874,-6.79263778723153,2.06937744931751,-0.0855014634055812,-2.0896096332232,1.74531450014405,1.37681580939778,-0.554271418366818,-1.61074085196174,0.153725444536768,1.2124772080589,-1.86929047595671,188.78,1
10897,18690.0,-15.3988450085358,7.47232389650112,-19.0269123426632,11.165525840514,-6.89385628014845,-2.12093657486019,-14.9133299850456,-0.721214094320184,-7.1750966153358,-14.166794659606,10.2777688628065,-14.9854337328686,0.345179234077653,-14.6663889726541,-0.346352541965346,-8.33324249555463,-12.6025964553952,-4.87668342078337,0.604625910708604,1.11150221461014,-2.44488368228,0.727495341024629,-0.345078151264077,-0.981748551471828,0.995271346300177,0.816761717958274,2.26294237384391,-1.17806316323334,1.0,1
11343,19762.0,-14.1791651073631,7.42136996239257,-21.405835744128,11.927511869244,-7.97428068736155,-2.20271027666529,-15.4716122801735,-0.356594909586509,-6.38012489838839,-13.3482776536659,10.1875873241664,-14.5639797552132,0.59375935763569,-14.4915983463022,-0.281392503951236,-8.2641288443605,-12.4398049728466,-4.83707902601307,0.753149847889189,1.00276434172175,-2.36683606243662,1.13095519799655,0.991153238179024,-1.03313210707298,-0.327179344936207,0.634692903522304,2.17190494464567,-1.39528768393339,1.0,1
11710,20011.0,-14.7246270119253,7.87515679273047,-21.8723173644566,11.9061699078901,-8.34873369160876,-2.26284641969245,-15.8334427819606,0.0778736741759969,-6.35683349086288,-13.2616517082667,10.0637897462894,-14.3947668016721,0.654888723464231,-14.2483158270781,-0.305360761401071,-8.16163244506225,-12.2809648581754,-4.81858639342974,0.719787682108791,0.996468755724792,-2.36234492751884,1.09955729576975,1.03719942301307,-1.03635934178889,-0.254776514154375,0.642343201018144,2.16112922373151,-1.40128201963858,1.0,1
11841,20332.0,-15.2713618637585,8.32658106147414,-22.3385905133352,11.8853128922128,-8.72133435613386,-2.32430694897567,-16.1964186599881,0.512881820424485,-6.33368515594745,-13.175198078736,9.93981974172569,-14.2254557039818,0.716033665192873,-14.0047761755606,-0.329447848153274,-8.0594194070953,-12.1220088158237,-4.79971013254961,0.686227163597458,0.993121017282391,-2.3568962794623,1.06801917704623,1.08561716724338,-1.03979707801119,-0.182006136246673,0.649920860777984,2.14924707788821,-1.40681133211222,1.0,1
11880,20451.0,-15.8191787207718,8.7759971528627,-22.8046864614815,11.8648680803607,-9.09236053189517,-2.38689320657655,-16.5603681078199,0.948348594786058,-6.31065843275059,-13.0888909176936,9.81570317447819,-14.0560611837648,0.777191846436601,-13.7610179615936,-0.353635939812489,-7.95744722625995,-11.9629542349435,-4.7805077876172,0.652498045264831,0.992278949261366,-2.35063374523783,1.03636187430048,1.13605073696052,-1.0434137405139,-0.10892334328198,0.657436778462222,2.13642447085514,-1.41194537483904,1.0,1
12070,20931.0,-16.3679230107968,9.22369194937548,-23.2706305232856,11.8447765860728,-9.46203714585895,-2.45044437416398,-16.9251520440555,1.38420847895884,-6.28773594816964,-13.0027093010697,9.69146098207319,-13.8865951585248,0.838361375836116,-13.5170724083842,-0.377910607106286,-7.85568149439455,-11.8038151924676,-4.76102594206856,0.618624412799665,0.993584598744375,-2.34367359429797,1.00460241382139,1.18821215709493,-1.04718376839983,-0.0355727659827232,0.664899774367373,2.12279575423083,-1.41674061492574,1.0,1
12108,21046.0,-16.9174682656955,9.66990017304097,-23.7364434105216,11.8249902296814,-9.83054822917941,-2.51482887310345,-17.2906566748216,1.8204078670595,-6.26490348784789,-12.9166361091709,9.56711029521397,-13.7170673789468,0.899540705915631,-13.2729650621928,-0.402260044266312,-7.75409405936683,-11.6446032058862,-4.74130270962407,0.58462597267458,0.996745095162688,-2.33611095619483,0.972754726208974,1.24186581168063,-1.05108624820763,0.0380090796054737,0.672317065099677,2.10847085205046,-1.42124325273233,1.0,1
12261,21419.0,-17.4677100117887,10.1148157246654,-24.2021422329158,11.8054692105913,-10.1980458075926,-2.5799380080012,-17.6567879964837,2.25690247596699,-6.24214930949065,-12.8306571996417,9.44266526535108,-13.5474858999444,0.960728558325579,-13.0287170264518,-0.426674498701321,-7.65266166506753,-11.4853277896478,-4.72136957553102,0.550519004149565,1.00151850195952,-2.32802441621057,0.940830319350178,1.29681706144136,-1.05510390359967,0.11179202805362,0.679694612203418,2.09354057112569,-1.42549145377361,1.0,1
12369,21662.0,-18.0185611876771,10.5586001882538,-24.6677412485732,11.7861803616399,-10.564656569212,-2.64568119936245,-18.02346767268,2.69365540308048,-6.21946362785238,-12.7447607871859,9.31813768535999,-13.3778574339457,1.02192386777466,-12.7843458873548,-0.451145843251939,-7.55136493140559,-11.3259968724596,-4.70125277749548,0.516317073274611,1.00770320533757,-2.31947946208034,0.908838783150801,1.35290370698024,-1.05922233762791,0.185750941504222,0.687037383632165,2.07808058379956,-1.42951702264525,1.0,1
14104,25095.0,1.19239598990768,1.33897371069007,-0.678876186687009,3.1236723071222,0.643244863589275,-1.18432299431215,0.397585526006899,-0.253498538261658,0.41113497684127,-0.859862301810301,1.124059382453,-3.76387384832398,0.367975966769142,-0.971757538368114,-0.0138825132357776,1.45757852763076,2.61145033447876,1.2919552295122,-1.56381522671193,-0.185454650142832,-0.377503243008699,-0.889596747960403,-0.0742075893964193,0.0354455164139561,0.550577974200231,-0.0271712789934873,-0.0249206212266212,0.0736053986634045,3.12,1
14170,25198.0,-15.9036352020113,10.3939171427504,-19.1336024646827,6.18596883540498,-12.5380209157442,-4.02703044708406,-13.8978265981985,10.6622517826007,-2.84495398482036,-9.66878891236125,7.39441941053863,-11.6356300484755,1.42327692545531,-8.64045910049478,-0.674719538892936,-7.69556878829619,-13.6841395944616,-4.77740603940726,1.26834277321029,1.50156541071894,1.57754822493456,-1.28013712313136,-0.601294526869194,0.0404039214626868,0.99550197117886,-0.273742711729157,1.688135896398,0.527830799573719,99.99,1
14197,25231.0,-16.5986647432584,10.5417508026636,-19.8189818085279,6.0172946473619,-13.0259010501237,-4.12877900260013,-14.1188648469369,11.1611439952369,-4.09955143059712,-9.22282550730978,6.32936467621872,-8.95219071159749,-0.138363691274054,-9.82505442102721,0.0572235922374037,-7.54168742379503,-14.2595985921417,-5.03505152375192,1.43226792970939,1.53491982113512,1.72585282658181,-1.15160577552799,-0.680051901875725,0.108175914514646,1.06687834149611,-0.233720431391328,1.70752055210726,0.51142316911239,99.99,1
14211,25254.0,-17.2751911945397,10.8196653713117,-20.3638859739149,6.04661174671427,-13.4650333517322,-4.16664724489873,-14.4094479851747,11.5807967244857,-4.07385571204177,-9.15336803834587,6.21088301172371,-8.77857203246194,-0.0613674966661798,-9.57466229922106,0.0492885399107771,-7.41848727872681,-14.1027718764864,-5.01642333521081,1.39031436050276,1.54497046707519,1.7298040916597,-1.20809608165502,-0.726839224163999,0.112539673508366,1.11919347248491,-0.233188990129274,1.68406299250578,0.503739738280361,99.99,1
14338,25426.0,1.12533553530785,1.13014648418496,-0.962975334759173,2.67568785863118,0.990074518469203,-0.243317741184431,0.316192138064781,0.122960131988498,-1.1433427947576,-0.369908966047961,1.83449419801385,-0.491243315415958,-1.12990700459946,-2.23862224442526,0.27846874170613,1.47792560308038,1.77645429510255,1.14928218583042,-1.30699464468423,-0.138813697509247,-0.166736918429935,-0.52193383894905,-0.112376257435029,-0.592076750460089,0.520791314299405,0.0433535805717847,0.0151590212632604,0.0636117222853327,3.76,1
15166,26523.0,-18.474867903441,11.5863805198184,-21.4029168131391,6.03851541556808,-14.4511581398683,-4.14652350569915,-14.856123673178,12.4311404723263,-4.05335328722588,-9.04039624894471,5.96620250720685,-8.46396612952571,0.0786921317878341,-9.09253265181295,0.0108220973904713,-7.1863755078292,-13.7974745003699,-4.95849390971089,1.32116655982617,1.5779244011474,1.74113559593371,-1.25113794883836,-0.396219126116475,0.0957055555718895,1.32275094272025,-0.217954564863573,1.62879253147016,0.482248274865402,99.99,1
15204,26556.0,-19.1798264145873,11.8179219897853,-21.9191735807843,6.0862356342864,-14.7088447898427,-4.30888760741835,-15.3579518065836,12.8571650181242,-3.99986076978115,-8.9286556608751,5.8492930661792,-8.26164983722413,0.153829148314596,-8.82935922766409,0.0088788388257268,-7.0709530089254,-13.6297209427085,-4.9588298158479,1.27209136353211,1.572949614923,1.74680154191934,-1.35314876613352,-0.762965072731218,0.117027851903743,1.29799375563032,-0.224825057048525,1.62105238966989,0.4846144027264,99.99,1
15225,26585.0,-19.8563223334433,12.0958932259299,-22.4640827464876,6.11554110191771,-15.1480215209615,-4.34672408349599,-15.6485074722661,13.2768048056341,-3.97416161954102,-8.85919405880884,5.73081553744459,-8.08803351213651,0.230824969324902,-8.57897327333454,0.000946636693186,-6.94774606726094,-13.4728970076501,-4.94021082886802,1.23014255193802,1.58292955492187,1.75072984045421,-1.40963570908141,-0.809809278333882,0.121396659905885,1.35030007077468,-0.224291873525585,1.59762136835254,0.476919818025438,99.99,1
15451,26833.0,-20.5327510764355,12.3739891389716,-23.0090029136283,6.14482097803751,-15.5872960035928,-4.38449066917613,-15.9390026942523,13.696416119399,-3.94845491908543,-8.78972336330438,5.61234710799626,-7.91442236630349,0.307819968365149,-8.32860088836825,-0.0069792945896379,-6.82452417207669,-13.3160791903173,-4.9216120866876,1.18820420779718,1.59275393136331,1.75460760918813,-1.46611525253641,-0.85677863566488,0.125776576475404,1.40258698975375,-0.223754856770293,1.57424873519633,0.469200693158523,99.99,1
15476,26863.0,-21.2091195927913,12.6521968313004,-23.5539329441267,6.17407791004356,-16.026658125511,-4.42219459449987,-16.2294437253382,14.1160019049786,-3.92274144947115,-8.72024451506225,5.49388683652872,-7.7408158639401,0.384814230466723,-8.078240669038,-0.0148996037313368,-6.7012888702885,-13.1592668578419,-4.90303149501704,1.1462752482696,1.60243883702914,1.75844007534189,-1.52258816196329,-0.903860197993699,0.130166452450156,1.45485651906738,-0.223214403323927,1.55092845004664,0.461459566763514,99.99,1
15506,26899.0,-21.8854339051741,12.9305051249875,-24.098871851647,6.20331419234722,-16.4660991227874,-4.45984212550286,-16.519835984614,14.5355647151916,-3.89702188761405,-8.6507583293562,5.3754339072439,-7.56721354069937,0.461807829323489,-7.82789139878016,-0.0228148529460228,-6.57804150255676,-13.0024594617382,-4.88446723880536,1.10435473489394,1.6119982189969,1.76223176917351,-1.57905510076487,-0.951042744820554,0.13456529188962,1.50711039768212,-0.222670856855594,1.52765527810284,0.453698638993223,99.99,1
15539,26931.0,-22.5616992591298,13.2089042844176,-24.6438187771226,6.23253182330679,-16.905611362323,-4.49743871970001,-16.8101841919321,14.9551067734604,-3.87129682308601,-8.58126551626339,5.25698760960799,-7.39361499215009,0.538800829120431,-7.57755201800709,-0.030725531904052,-6.45478323655342,-12.8456565242928,-4.86591773720169,1.06244185030067,1.62144422472126,1.76598663639159,-1.6355166467436,-0.998316503452087,0.138972227361725,1.55935014018173,-0.22212451669,1.5044246600224,0.445919826109776,99.99,1
15566,26961.0,-23.237920244511,13.4873857909274,-25.1887729688701,6.26173255148578,-17.3451881651558,-4.53498915241687,-17.1004924771637,15.3746300252798,-3.84556677176243,-8.51176669710133,5.1385473219039,-7.22001986441493,0.615793286019405,-7.3272215995796,-0.0386320690669864,-6.33151509399145,-12.6888576275064,-4.84738160696153,1.02053587929144,1.63078748322503,1.76970812949114,-1.69197330547661,-1.04567292278161,0.143386499863412,1.61157707182701,-0.221575644736264,1.48123260638065,0.438124804842523,99.99,1
15736,27163.0,-23.9141008948243,13.7659421584186,-25.7337337663194,6.2909179135006,-17.7848236618953,-4.57249762015164,-17.3907644695894,15.7941361803271,-3.81983218698836,-8.44226241787632,5.02011249777419,-7.0464278465108,0.692785249374773,-7.07689932873899,-0.0465348409616521,-6.20823797273981,-12.5320624040465,-4.82885763250639,0.978636193358608,1.64003733516462,1.77339928248294,-1.74842552125898,-1.09310448820022,0.147807442391992,1.66379235724108,-0.221024471156944,1.45807561131952,0.43031504868091,99.99,1
15751,27187.0,-24.5902447690465,14.0445667815106,-26.2787005866145,6.32008926518927,-18.2245126736673,-4.60996782569686,-17.6810033715155,16.2136267471409,-3.79409346877414,-8.37275316035861,4.90168265513877,-6.87283866404082,0.769776762734501,-6.82658448658054,-0.0544341798176028,-6.08495266503583,-12.375270529796,-4.81034474126699,0.936742237936608,1.64920202229571,1.77706277243531,-1.80487368611576,-1.14060456917063,0.152234466415679,1.71599702403257,-0.22047119903665,1.43495058143483,0.422491857762666,99.99,1
15781,27219.0,-25.2663550194138,14.3232538097233,-26.8236729135114,6.34924780743689,-18.664250613469,-4.64740304866878,-17.9712120192706,16.6331030618556,-3.76835097141465,-8.303239351259,4.78325736701241,-6.6992520739678,0.846767864669643,-6.57627643636006,-0.0623303798952992,-5.96165987257541,-12.2184817176797,-4.79184198325342,0.894853521838799,1.65828884445902,1.78070097046593,-1.86131814726914,-1.18816729293127,0.156667050663465,1.76819198236914,-0.219916008250323,1.41185477685432,0.414656383638367,99.99,1
15810,27252.0,-25.9424344479142,14.6019980426299,-27.3686502881266,6.37839460769688,-19.1040334039646,-4.68480620428185,-18.2613929340355,17.0525663121462,-3.74260500983864,-8.233721369876,4.6648362538527,-6.52566786025865,0.92375858946558,-6.32597461208273,-0.0702237027595964,-5.83836021908828,-12.0616957125199,-4.77334851403019,0.852969608454831,1.66730429040185,1.78431598423494,-1.91775921336107,-1.23578743924962,0.161104731783341,1.82037804128869,-0.2193590586868,1.38878576213598,0.406809649908512,99.99,1
16415,27784.0,0.288028928428076,0.965681439446855,-1.45949519977085,1.92186300234526,-1.91241402974899,-1.13028190025527,-2.81426265960526,0.648663224885543,-0.695262639845074,-3.46568908576121,2.35161910622909,-3.82670531942496,-0.767569849115369,-4.8528669146236,1.66486300420352,-2.61736133003734,-4.83555830647772,-1.92175160139324,-0.385884175181753,0.330916894188196,0.603127128021142,0.380690182113136,-0.0641251755885565,0.271380100640141,0.33721953478356,0.626155869423677,0.565124825956713,0.305925255390835,23.36,1
16780,28143.0,-27.1436784229495,15.3658043803315,-28.4074244550982,6.37089534679314,-20.0878775718571,-4.66631306343841,-18.7094788213717,17.9035743750222,-3.72227873753244,-8.12096173759343,4.41994345577668,-6.21094112120869,1.06383739513242,-5.84352838067721,-0.108836449172905,-5.60659732565665,-11.7562556050179,-4.71494676131661,0.783577593799492,1.70388764553958,1.79682638880552,-1.96097371657716,-0.90224745220798,0.144011442167384,2.02438803943008,-0.204214065769385,1.33215305903359,0.385890728011147,99.99,1
16863,28242.0,-2.78724793061533,-0.0713403777285035,-1.50528777523306,3.36177713733967,-3.35742166883665,0.565834734346537,0.303653111125521,0.966914484943676,-2.24588195188782,-3.65142656863483,0.987277021963291,-3.83478156926117,-0.961354142524746,-3.18216808481143,-1.1260022842247,-2.95430081252595,-5.84121800175148,-2.91043029785417,-1.15585017273094,1.60739677185147,0.882940442444742,-0.246201930041865,1.75222678458672,0.219924964544368,0.15628169505776,-0.265894317684036,0.220694023253282,0.256076869786525,730.86,1
17317,28625.0,-27.84818067198,15.5981926625554,-28.923755945104,6.41844174657532,-20.346228155413,-4.82820246578157,-19.2108964179086,18.329405525597,-3.66873493861418,-8.00915938639777,4.30309581759563,-6.00866000668561,1.1389688287939,-5.58044712038062,-0.11073711578577,-5.49107326163426,-11.5885435992809,-4.71542017123115,0.734573493016404,1.69785626318366,1.8021491336386,-2.06293427611466,-1.26984343615924,0.165409188492223,1.99949911253199,-0.211058522431997,1.32480949279508,0.388090177732107,99.99,1
17366,28658.0,-28.5242675938406,15.8769229879536,-29.4687320925264,6.44759140152748,-20.7860000418837,-4.86561341755669,-19.5010840750712,18.7488719520883,-3.64298981925263,-7.93964241937325,4.18467368942509,-5.83507521523889,1.21595964527928,-5.33014378246253,-0.118631138153322,-5.36777527618834,-11.4317569116986,-4.69692444373293,0.69268841200477,1.7068890619925,1.80576978392608,-2.11937616760819,-1.31744962200248,0.169845630469178,2.05168733506275,-0.210502000459411,1.30173396497076,0.380246181418509,99.99,1
17407,28692.0,-29.2003285905744,16.1557014298057,-30.0137124857248,6.47673117996833,-21.2258096535165,-4.90299739658728,-19.791248405247,19.1683273897301,-3.61724178604255,-7.87012194292549,4.06625507293473,-5.66149242261771,1.29295014454242,-5.07984568135779,-0.126522740416921,-5.24447151974264,-11.2749725851252,-4.67843652929376,0.650807370688892,1.71586182428358,1.8093709332884,-2.17581520342142,-1.3651041075509,0.174286359566544,2.10386807204715,-0.209943999130567,1.27868097084218,0.372392714338541,99.99,1
17453,28726.0,-29.8763655139763,16.4345245512223,-30.5586968214292,6.50586178736296,-21.6656542956569,-4.94035632949796,-20.0813910746494,19.5877726234404,-3.59149104711596,-7.80059820772759,3.94783971729026,-5.4879114860488,1.36994034924206,-4.82955244300835,-0.134412095441135,-5.12116240451142,-11.1181904509172,-4.65995586983801,0.608930080519071,1.72477883837961,1.81295397464878,-2.23225158753151,-1.41280344282556,0.178731069561437,2.15604185816706,-0.20938462411377,1.25564890085966,0.364530452975509,99.99,1
17480,28755.0,-30.552380043581,16.7133892350242,-31.1036848245812,6.53498386355181,-22.105531524316,-4.97769196369245,-20.371513594495,20.0072083651213,-3.56573779124378,-7.7310714411342,3.8294273949908,-5.31433227604015,1.44693027992913,-4.57926372815218,-0.142299360010106,-4.99784830436345,-10.9614103561188,-4.64148195920404,0.567056279787444,1.73364399368955,1.8165201713562,-2.28868550494101,-1.46054449877578,0.183179482716819,2.20820917836653,-0.208823971247713,1.23263629519904,0.356660010884047,99.99,1
18466,29526.0,1.10280432542075,2.82916799881581,-3.93287026485548,4.70769143992869,2.93796685530025,-1.80090371765217,1.672734122106,-0.300240348680253,-2.78301108805298,-1.88484243991678,3.79256535985687,-1.46047112296734,-1.31277627644381,-7.07736060637589,-0.299466316598551,2.4932276042067,6.24498710234308,2.97174936407353,-2.67995024218857,-0.0308799718381793,-0.106994395673876,-0.250050303584088,-0.52162653336055,-0.448949514169716,1.29164648168516,0.516326673768638,0.0091462814112417,0.15331763551135,0.68,1
18472,29531.0,-1.06067628419757,2.60857946990866,-2.97167900258071,4.36008935234848,3.73885304346426,-2.72839507263672,1.98761635466291,-0.357344707416169,-2.75753451251209,-2.33593332652232,2.11151686706104,-2.59194964968951,-1.9505893546741,-7.31157981735935,0.0777527657738322,2.29060783198994,6.50927165018434,2.56997142628646,-3.28615008214787,-0.0890615369649179,-0.0631678773494982,-0.207385284031508,-0.183260817119722,-0.103679373403096,0.896178353364318,0.407386872028391,-0.130918311231478,0.192177382137495,0.68,1
18773,29753.0,0.269614090485094,3.54975512877325,-5.81035344453706,5.80936957402456,1.53880793351049,-2.26921913566818,-0.824203333436328,0.351069915343584,-3.75905945636624,-4.59238980599474,5.47939151009669,-5.65785754091816,-2.6480760898503,-10.3848897408947,-0.225946407826958,-0.701882908954806,0.409735840500415,0.939603694029483,-1.95429995537505,0.310524633435283,0.371121111209288,-0.322289520392532,-0.549855883222537,-0.520628958812409,1.37821038664663,0.564714292689441,0.553254713878568,0.40240000915925,0.68,1
18809,29785.0,0.92376442016477,0.34404807190464,-2.88000365579163,1.72168007534123,-3.01956477860235,-0.639736122583852,-3.8013245024591,1.29909588513018,0.864065471140902,-2.89525166830126,3.02816223099618,-2.54917730779636,-1.56043182473423,-2.97131675769274,1.07889539651163,-4.70201182527384,-4.90809850732764,-1.5088732903485,3.0016850593747,0.170871765618069,0.8999311755668,1.48127100376248,0.725265549161058,0.176959582872624,-1.81563797523647,-0.536517111308732,0.489035020411905,-0.0497285787992942,30.3,1
20198,30852.0,-2.83098405592803,0.885657038258755,1.19993009832405,2.86129223993172,0.321668777779154,0.289966026429405,1.7677604489638,-2.45104966190813,0.0697358066743391,3.24508640095346,0.675287853392807,-0.677096334427304,-0.222741128141729,-0.913786970583513,1.60333192308268,-1.0245020918608,0.0220452070437295,-0.940684674142594,0.484758940230455,-1.01692314354721,0.546589339675499,0.334970736976198,0.172105676221893,0.623590288019672,-0.527114316331261,-0.079214654387473,-2.53244529803097,0.311176714703215,104.81,1
23308,32686.0,0.287952771527529,1.72873464521162,-1.65217304572257,3.81354418795523,-1.09092715391318,-0.984744665624589,-2.20231792699069,0.555087932252191,-2.03389204830362,-2.73415555507211,2.36843367282003,-3.65680265130054,-0.169534683304731,-4.74441333023745,0.765192829294304,-2.47951355643698,-4.93111196829858,-2.54740252736051,-0.90268980289448,0.265250210286539,0.262201510185118,-0.633527564205563,0.0928910102678184,0.187612655556196,0.368708354409639,-0.132474029018571,0.57656075692479,0.309842705461879,0.0,1
23422,32745.0,-2.17913506011513,0.0202179180614602,-2.18273279614299,2.57204626116115,-3.6637331119316,0.0815679330899005,0.268048730691862,0.660437428502318,-2.37402736257173,-3.58281002008802,1.97582106179607,-3.50054226479879,0.170681027067223,-2.73594037401519,1.67025110352247,-4.04629299726117,-5.07947908460579,-2.58685704537203,1.66926055335833,1.95796029993605,1.02642111100453,0.299613501640326,1.65680000734873,0.328432501784239,0.106456827905221,0.691774505774569,0.196778974067123,0.241085157494976,717.15,1
26802,34256.0,0.539275913891047,1.5548897630737,-2.06618033324968,3.24161746276725,0.184735711234243,0.0283295594064726,-1.51552137985061,0.537035374444064,-1.99984603560986,-2.13317644293659,2.75617194535395,-2.24286436771513,0.615204246860345,-4.65280380668112,0.222163815521883,-0.775666019840941,-3.21861825150599,-0.370992501046414,-0.686196723569762,0.302734578907132,0.371773459120687,0.111954592156869,-0.305225078771695,-1.05383526243402,0.77117490696746,0.240878213732036,0.418434531995645,0.232169715166482,19.02,1
27362,34521.0,1.08123377540659,0.416413936043849,0.862918740651629,2.52086280678918,-0.0050205000585141,0.563341022808024,-0.123372251574041,0.223121852791809,-0.673597550149872,0.644549730341658,1.1205051770709,1.23777331256672,0.342362114422749,0.0383719793321978,-1.19450308848281,0.0854063439558358,-0.219143226460215,-0.694259215394403,-0.655269928208246,-0.16524877677618,-0.159387123973102,-0.305154013019185,0.0536197364326817,0.0117614442207135,0.375145782072105,-0.106298753298543,0.0210082653765087,0.0105592082435436,1.52,1
27627,34634.0,0.333499490680108,1.69987344643198,-2.59656116696059,3.64394526899047,-0.585067615145778,-0.65465853161144,-2.27578851019488,0.675228968561644,-2.04241592376479,-2.83487115980611,2.80200512615164,-4.39273243849001,-1.36967144973756,-5.32728665168661,0.16315896154,-1.35938947657172,-5.09518287931609,-0.338012656200231,-0.124137989024621,0.32934171405761,0.469211944535006,-0.144362651206432,-0.317980934036568,-0.769644309522666,0.807854587509663,0.228164299217237,0.551001873896763,0.305473419992231,18.96,1
27738,34684.0,-2.43923696855219,2.59145816263611,-2.84012564998452,1.28624391005241,-1.7770161908324,-1.4361387710222,-2.20605624197635,-2.28272485775905,-0.292885036315821,-3.71744992918956,3.90739912775712,-7.22000368560677,-1.21173934568755,-9.6576265944335,0.927517899548728,-4.73866234284944,-9.27663556929158,-3.08196108095709,0.17774563450317,0.513529864634298,1.77446009213068,-0.771389807551225,0.0657267026225069,0.103915744896627,-0.0575779255552146,0.24265246086543,-0.268649222026483,-0.743712586038479,125.3,1
27749,34687.0,-0.860826892469905,3.13178963278262,-5.05296813449749,5.42094070941518,-2.49414141557203,-1.81128662834635,-5.47911745062699,1.18947198655298,-3.90820579292615,-7.06074618169306,4.72997415443333,-8.62905440849263,1.17879796289388,-11.1820634139742,0.445243112696547,-6.53298227788478,-13.3892507167674,-4.48041256680694,0.432054206519352,1.0857595200589,1.19269353963797,0.09035581053399,-0.341880850908644,-0.215924151333767,1.05303194615504,0.271139003495332,1.37329957704625,0.691195095871691,19.02,1
29687,35585.0,-2.01900071938148,1.49126972926361,0.0052218157286719,0.817253270463702,0.973252233873376,-0.639268312778292,-0.974072997078786,-3.14692889107659,-0.0031590736890201,-0.121653217684609,0.0243696057661544,-1.07381224038496,-2.00276910919169,-0.895433620751722,1.74893630108012,-0.103527023620705,2.03119574973193,0.31759835677742,0.38676063692414,-1.02996468249782,2.83959610796444,-1.18544284096841,-0.142811875801854,-0.0861029384113329,-0.329113253522425,0.523601226377288,0.626282771397878,0.152439938058669,0.76,1
30100,35771.0,-3.21895201068387,2.70853541135777,-3.26304158740062,1.36186594394607,-1.64577567536596,-1.85298187130258,-3.06995821412732,-1.79687585578416,-0.213356097435365,-3.55198400939375,3.77974953895486,-6.98477147722078,-1.14097718858781,-9.37787845231763,0.921463506707037,-4.65207119462111,-9.09423129737693,-3.08254995409724,0.132330776389272,0.571654488206511,1.80787725006384,-0.890421395077162,-0.325814386573867,0.123039596922715,-0.0930137472776971,0.232105969675678,-0.310518998304807,-0.745294626799623,60.6,1
30314,35866.0,-2.04448868873478,3.36830621710984,-3.93711139061868,5.62311973109633,-3.0792320390481,-1.25347411822809,-5.77887959312275,1.70742815771205,-4.46710312294842,-6.0677981503786,3.83978771072745,-8.27784094846266,1.49391490811495,-8.41668121212274,0.792297928201949,-7.86265882647354,-14.5708366290177,-5.18538553288232,2.41438956859515,1.11202761894884,1.48359421639379,0.834310712862216,-0.148485620188757,0.0016688545232818,-0.0389957310939217,0.389526401954901,1.30023645611458,0.549940374167289,7.61,1
30384,35899.0,-2.85716975415491,4.04560138120513,-4.19729878550198,5.48719863078843,-3.07077616787415,-1.42268633776286,-5.65131373987331,2.01965739455388,-5.01549098658195,-6.31970750896333,3.77960220775921,-8.07709364590223,1.4408888557809,-7.89190877856627,0.530452788364339,-7.9540700449952,-14.2650559534715,-5.7710644259128,2.8921696850147,0.981608721582294,1.08032273397717,-0.561384150324839,0.102678427260093,-0.0671947227831213,-0.476931194262915,-0.103716356143308,1.16696149168342,0.663632066947765,1.0,1
30398,35906.0,-3.51902954497457,4.14086717613266,-3.62820236883577,5.50567203744754,-4.05746250583351,-0.905945282755562,-6.65203112089008,2.63452416520597,-4.67940204045465,-6.54624181523522,3.53820204012168,-8.04228514248667,1.69750938374612,-8.05104890186539,1.07045739646232,-7.39595692479141,-14.3296261567476,-4.86801023649552,2.46384303909831,0.898723234092648,1.58255593340505,0.778710245469243,-0.13570727840987,-0.0042778002749602,0.0327061591060809,0.362014053476722,0.900925137512513,0.554897499272323,9.13,1
30442,35926.0,-3.89658259167336,4.51835470349753,-4.45402724041253,5.54745334718879,-4.12145857265685,-1.16340665785105,-6.80505305303552,2.92835625399971,-4.91712959933528,-6.60046062150676,3.36784560815482,-7.88897751950988,1.68260346667335,-7.62865191597326,0.779245995683184,-7.53340432942796,-14.0646239413114,-4.96010863308331,2.52578492424474,0.757286726552078,1.69104203001122,0.920020577187708,-0.151103893232396,0.0110068782298363,0.0803032669086078,0.412191351423526,0.635788870982512,0.501049550484962,4.56,1
30473,35942.0,-4.19407367570647,4.38289736244467,-5.11836337307965,4.45522984017686,-4.81262068168969,-1.22464470658392,-7.28132786701771,3.33224979453268,-3.6796585127756,-7.52436833681058,2.95434436554049,-7.09982534281257,1.52036890797685,-7.68780276684597,-0.225002021021292,-8.52085016639749,-13.2772997431934,-5.25370461976771,3.62333181402755,0.579098497681141,1.55047296606276,0.614572855219804,0.0285207917962781,0.0137043244720008,-0.149512012856955,-0.131686656095248,0.473934221832509,0.47375748155095,14.46,1
30496,35953.0,-4.84437152213983,5.64943864783758,-6.73039574613665,5.25284201867297,-4.4095661499774,-1.74076745609347,-6.31169852901067,3.44916731253577,-5.41628435913526,-7.8335555711125,3.6573495649865,-7.7814479532704,1.50772042676786,-8.60475886835984,0.0105926875670707,-6.55397325691037,-12.6243936527694,-4.98990973846596,1.64541389333247,0.284555090358885,1.19488835625662,-0.845752531858704,0.190673885417928,-0.216443252531192,-0.325033100382822,-0.270327592956951,0.210214051535782,0.391854886292055,111.7,1
31002,36170.0,-5.68501341827133,5.77651621042963,-7.06497672861513,5.90271545151069,-4.71556383098609,-1.75563332378958,-6.95867914257843,3.87779518702774,-5.54152882782373,-7.50211219093686,3.67670318691664,-7.64298306727846,1.68986512270453,-8.29965953059956,0.646996364810759,-6.79279505972775,-12.075932061394,-4.88217964265137,2.62662452479163,0.299488632233821,1.12864107441301,-0.962959729230981,-0.110045083655872,-0.177733240766768,-0.0891754157062679,-0.049446723229275,0.303444581632884,0.219380438614266,111.7,1
33276,37167.0,-7.92389070083426,-5.19836019923329,-3.00002392240282,4.42066620155728,2.27219396451756,-3.39448342909715,-5.28343533467969,0.131618922476372,0.658176428693037,-0.794993881662565,3.26606601582438,-2.71918495125522,-0.124103963275087,-5.274865818881,0.638575002552638,-2.99583037811248,-4.69843344927136,-1.71187122467509,3.02526099185501,-2.16981089222224,-0.734307916555449,-0.59992625988411,-4.90830117586834,0.410170234644792,-1.16766024989313,0.520507647303451,1.93742140287106,-1.55259283870249,12.31,1
39183,39729.0,-0.964567282813312,-1.64354066791439,-0.187726849232163,1.15825311047012,-2.45833564593802,0.852221660377025,2.78516254594393,-0.30360853861401,0.94000553101046,-1.96530880945923,0.159743522312315,-0.490697387341298,-1.1819769933833,-1.95887596969497,1.15274328622613,-1.34126935794233,2.49832484974359,0.777831088916474,1.4060448737262,1.78444933498197,0.447180121733859,0.536203895046365,1.63406050110051,0.203838849073356,0.218748854725954,-0.221885828382479,-0.308554718022245,-0.164500017914328,776.83,1
40085,40086.0,1.08369268125484,1.17950120574809,-1.34615039129229,1.99882440095464,0.818034176163642,-0.771419407716543,0.230307373480955,0.0936831311994367,-0.167594341704434,-1.95980925751416,2.80433477984687,0.312424168769405,-0.595976467281167,-4.66257695501824,-0.299515020029103,1.00141391934549,3.90282478361756,1.61960922680862,-0.888087464222472,-0.0601585380014646,-0.311999618117422,-0.639699711353317,-0.120249014807271,-0.180217694458199,0.609282565276013,-0.339524442352566,0.0967012906089022,0.114971915513805,1.0,1
40525,40276.0,1.15937314510686,2.84479469928473,-4.05067950821309,4.77770088131929,2.94898004123771,-2.01036111013216,1.74408581794948,-0.410286521869204,-2.45019774688553,-2.04216786301424,1.84409317018026,-2.42593281501277,-1.5842751343556,-7.2083115791564,0.459828383286257,2.37529619792022,6.4435098643744,2.59184606301795,-2.88977035831304,-0.059264385833904,-0.176541018596848,-0.433469859425429,-0.529323202003731,-0.597019604985794,1.33595405267787,0.547092070642555,0.0099789442639121,0.160769150049196,1.0,1
41395,40662.0,-4.44684654752268,-0.0147931576652609,-5.12630699550863,6.94512997633611,5.26925534782033,-4.29717716297717,-2.59124168468427,0.342670615268881,-3.88066304488519,-3.97652513857503,5.73008435556377,-5.03186814827248,-1.13543910933334,-10.7870505700202,0.265456230525684,-1.10421746262461,0.636412737308571,0.994101368746143,-0.688720555143152,-0.108006422684084,0.247912823388783,-0.0495861794607239,-0.226016961592253,-0.401235601042542,0.856123603036307,0.661272426708284,0.492559738814261,0.971834350005126,1.0,1
41569,40742.0,-2.37753280180283,0.520539361927579,-8.09413945532841,8.00535147326105,2.64075021376276,-3.38158645291742,-1.93437244067366,0.562322111872781,-3.10402718606356,-3.05121035544102,5.73576265915634,-4.74769250131792,-0.784223284478966,-10.7163393018774,0.656516978131348,-1.14246727231018,0.91859080878698,1.12633522330277,0.0929734778841175,-0.634747080915274,0.148284201590387,0.7210995412337,2.66129069804724,-0.508619933518595,-0.401656629278738,0.587611216267645,0.500326371108344,0.551759687906722,1.0,1
41943,40892.0,-2.14051149219032,4.10487145129475,-8.99685940156949,4.02839095079544,-5.13135934640223,-4.15356844523859,-9.36009513383968,1.92207487977653,-4.02618037499445,-13.6913151328525,9.09528815249629,-14.1681208819376,-0.140455389751523,-17.6206343516773,1.48274041096936,-13.2568330912778,-21.675483501012,-7.82346881553754,2.9951111673215,1.72557761649372,1.85426666080646,-0.165533725878965,-0.339938978813788,0.296313762529247,1.36422533027428,-0.518995630979066,2.35233346525926,1.13062483533989,0.76,1
42007,40918.0,-3.14025953779538,3.36734230912012,-2.77893140701488,3.85970067435928,-1.15951836286203,-0.721552487906327,-4.19534154281433,-0.59834584749232,-2.87014477203106,-5.29061006200618,3.82376208408163,-7.49227616878309,-1.52436747989794,-8.52767862203589,-0.391214524543396,-6.18087991000233,-9.6988394108884,-4.81823334077503,-0.871581688476025,0.0777814455070256,2.45233850455703,-0.292962575086153,-0.189330326319261,-0.166482104307702,0.0380396237066075,-0.0154765350217125,0.776691265853111,0.397557490298277,0.76,1
42009,40919.0,-2.74048250153169,3.65809481979987,-4.11063552027473,5.34024166876747,-2.66677476000958,-0.0927818149405728,-4.38869880914515,-0.280132705503576,-2.82189458229917,-4.46628416302479,3.96979981229186,-7.34671678644283,-1.16331176961366,-8.22556891234807,0.82500183194645,-6.77286703365235,-8.81578542555918,-4.56885928410549,1.12659865645629,0.185325269832133,2.41749541196206,-0.0977119508973041,0.382154506973307,-0.154756519767143,-0.40395592644091,0.277894930235294,0.830061638644528,0.218690442242457,112.33,1
42473,41116.0,-3.60054350412378,4.51904694695796,-6.34088353532231,6.21476727765717,-5.829557636648,-2.4780949557906,-9.93841155861772,2.83008605053969,-5.65916161145799,-11.2981564915382,7.2529532268294,-14.2750918465127,0.18890328374228,-14.5559572107641,-0.338288547453357,-12.1465401437589,-25.1627993693248,-9.04284515066473,0.787578807808201,1.38474276211824,2.26377035551642,0.620749345000528,-0.094068667085379,0.536719087381271,0.398142307216228,0.008276586749878,2.05352425334029,0.835749002954128,3.79,1
42528,41138.0,-4.59561704249556,5.08369023030901,-7.58101461744265,7.54603279503791,-6.94916456384443,-1.72918492987346,-8.19019171984817,2.71466961013434,-7.08316933143187,-11.1412776902967,7.38185937432083,-14.4686550955305,0.299659909360646,-13.602211465597,0.516112699650764,-13.5632729563133,-23.8156358284126,-9.17055721888169,3.66952343976659,1.68216030642087,2.24897122592187,0.566843572297808,0.0337440528595468,0.591783408003629,0.334228764687698,0.386801106292112,2.16389776726335,0.983103834042297,340.11,1
42549,41147.0,-5.31417320646342,4.14594361146639,-8.53252245892907,8.34439167363678,-5.71800820787464,-3.04353608094129,-10.9891846672722,3.40412865609659,-6.16723364181153,-11.435623996076,7.67453383416429,-14.2960914258331,0.526938923712363,-15.4450258118019,0.991651201275811,-12.3913460034009,-22.5416517287861,-7.98672065349455,2.99255446334225,1.15001731865814,2.33146580801509,0.862996305559532,-0.614453237551036,0.523647877136623,-0.712593271662611,0.324637964828057,2.24509146635599,0.497320848969724,88.23,1
42590,41164.0,-5.93277795485543,4.57174320411303,-9.42724692838332,6.57705643811276,-6.11521812544893,-3.66179789602346,-10.8940785545016,3.70921000751656,-5.85952387304171,-12.981619145004,8.26529460055417,-14.1541653609607,0.479842781966758,-16.3375959447735,1.64604527960375,-12.3753974432385,-21.090612716108,-7.7245457358645,3.85637474254372,1.19107830456005,2.01427156558263,-0.167416617986259,0.0499675298711021,0.384429719031746,-0.0778835668224832,0.56549290579318,1.79201191700266,0.371007021212136,5.3,1
42609,41170.0,-6.49808616880785,4.75051466030858,-8.96655783136602,7.09885431317009,-6.9583762227814,-2.82212618665779,-10.3334056561063,4.03190730189525,-6.64877821018697,-11.6344144245911,6.87757089846463,-13.6976856184689,0.463040401836978,-13.0441824003561,-0.309229265664683,-12.3175797238757,-24.0190985475902,-9.33519307905321,1.95189049542104,0.568338010653019,2.15814308370257,0.1115103626317,0.216413836254987,0.584661255488016,0.760359507805524,0.0819723426822078,1.41506751068321,0.0351241448009389,83.38,1
42635,41181.0,-7.33434102050082,4.96089229123138,-8.45140959148547,8.1748251681484,-7.23746372952055,-2.38271066458273,-11.5088418575552,4.63579753722901,-6.55776036636164,-11.5198609264142,6.45582813287588,-13.3802218737527,0.545279226790884,-13.0268638593173,-0.453594543596495,-13.2515419788937,-22.8839985767803,-9.28783221397402,4.03823050489431,0.723313822249839,2.15375502636012,0.0339216178167887,-0.0140949200284419,0.625249955306557,-0.0533903339689031,0.164708739959664,1.41104749421382,0.315644799820923,11.38,1
42674,41194.0,-7.89688615307576,5.38101952251685,-8.45116161458266,7.96392808742307,-7.86241943013129,-2.37681997521459,-11.9497234569249,5.05135567269165,-6.91207600938549,-11.589748311433,6.64520072606617,-13.542095596465,0.888247918839909,-12.623316046432,1.00275519562895,-12.4322791426353,-23.2415971479491,-8.49529893803197,3.45394255518458,0.645974321869431,2.55794395644985,0.926277883497588,0.0327949396062788,0.638072585685807,0.361887213739485,0.444576520477986,1.10192314818996,0.205958012508108,1.52,1
42696,41203.0,-8.42681446458936,6.24165891255794,-9.94646974501132,8.19961393161759,-8.21309336768256,-2.52204605104398,-11.6430282742756,5.33950009801351,-7.05101582770698,-12.2653238444006,7.04773274001302,-13.7429528415799,0.821627223133927,-14.1074642630375,1.02047093981622,-11.8478871921138,-21.6739867132891,-7.78404247450965,3.20430921695579,0.563869352833826,2.42746037443776,0.692666548056743,0.0203051671536146,0.499809093124917,0.467593621860553,0.483161969665241,1.19567086957704,0.198294350072086,88.23,1
42700,41204.0,-8.44028396323147,6.14765332384605,-11.6837061588856,6.70277957100753,-8.15583929706995,-3.71626415558662,-12.4073130564101,5.62657129554302,-6.23216089363823,-13.3866834395246,7.60555947435276,-13.351815018081,0.827049642773684,-14.9794773489142,1.53281308437662,-11.7714969677127,-20.2992165093576,-7.60911006016911,3.80913643570604,0.520732330180873,2.19285541971989,-0.282596814624446,0.0080684981124645,0.403858336982018,-0.0187883930291726,0.522721636106603,0.792690689790115,0.0677895462043786,30.26,1
42741,41227.0,-9.00135134450649,6.61328394324752,-12.4236347238918,7.51992923163014,-10.2662546389665,-2.11320754204122,-9.98428744767688,5.54194143253089,-7.38370453522347,-13.2151722995049,6.89518136811315,-13.2796997105282,0.755263578785977,-13.4170122721265,-0.210774362111057,-10.9226551270595,-21.90649321637,-8.82981976595275,1.85246698871594,-0.645393857931055,1.7758908996538,-1.22475761150578,0.0825935414630254,0.452088727391883,0.463827332847796,-0.296928065001458,0.526505578079938,-0.450890488772313,459.07,1
42756,41233.0,-10.6457996485752,5.9183066586857,-11.6710425949575,8.80736917876038,-7.97550136587277,-3.58680634405361,-13.6167970541448,6.42816934590602,-7.36845129274034,-12.8881582878915,6.85495311388866,-13.2116950297251,1.03561234332246,-13.7789556397675,1.04044835530024,-11.2903278082585,-20.5780220491922,-7.54782411219534,3.11847976563045,-0.0461701790327979,2.57196959291347,0.206809359357246,-1.66780140024191,0.558418754024331,-0.0278978765982558,0.354253781525514,0.273328726801416,-0.152908080809092,0.0,1
42769,41237.0,-10.2817840384715,6.30238478416897,-13.271718028752,8.92511547634157,-9.97557831146449,-2.83251346361162,-12.7032526593299,6.70684583868978,-7.07842395823848,-12.8056831898117,6.78605830197451,-13.0642398936784,1.1795245105938,-13.694873039573,0.951479176238826,-10.9542857275047,-20.5835927904158,-7.51726213169106,2.87235363605874,-0.247647527731929,2.47941350799644,0.366932842343897,0.0428046480276363,0.478278891799746,0.157770817898023,0.329900959238367,0.163504340964582,-0.485552212695879,118.3,1
42784,41243.0,-10.9407391093978,6.26158585106885,-14.1823387841287,7.18360208606589,-9.95136334372547,-3.86082033664669,-13.5473021949163,7.09647164642187,-6.29402944276594,-13.6081431627279,7.12716532148781,-12.6110036871047,1.21455639781013,-13.9062968240505,1.51406990634864,-11.1257390593549,-19.7162573051191,-7.5527890897252,3.65678707068496,-0.0883420818722748,2.26744826134981,-0.492029167950335,-0.239302865923644,0.454368210214217,-0.101611062526814,0.446996732737119,0.062292646721181,-0.439769899530758,45.49,1
42856,41273.0,-11.6822148930584,6.33288209288301,-13.2971092469499,7.69077191542072,-10.8898905208867,-2.79236003834138,-12.5617825809497,7.28712220991134,-7.57032240879292,-12.8357376825339,5.80470785195987,-12.15623949431,1.18498466280471,-10.4686770874209,-0.41674319706657,-10.999792348619,-22.6088681905866,-9.49874592104677,2.10273540686125,-1.00931993766307,2.13345628394787,-1.27150896701449,-0.0353038871622371,0.615053695038953,0.349023768265454,-0.428922796793546,-0.694935387398427,-0.818970428930229,173.07,1
42887,41285.0,-12.8357595817777,6.57461542943546,-12.7884624825347,8.7862568391843,-10.7231209172666,-2.81353585641993,-14.2488465310891,7.96052082227957,-7.71875064933864,-13.0740681657723,5.97513066688423,-12.375374654316,1.47220511856229,-11.4706925061593,0.993143253686908,-10.9738046181506,-21.047629901985,-7.99078328442082,3.33103902941017,-0.617296150458597,2.67949007049737,-0.0473351062766089,-0.836982346024597,0.625349328179101,0.125864937720446,0.177623612238763,-0.817680255865793,-0.521029795905738,37.32,1
42936,41305.0,-12.9809425647533,6.72050777097643,-13.4556359425571,8.69861009281133,-11.4795517833437,-2.68151865053833,-14.0192907576919,8.21819051252864,-7.93089996826719,-12.6959474039839,5.58936163192341,-11.9608660326622,1.53867076186333,-9.88721406724695,0.6339792179337,-11.3502438549644,-21.7101876525534,-8.85945192496352,3.62971365041526,-0.84330261969681,2.54962823474498,-0.532227763596568,-0.235096473604284,0.673209169467055,0.22659797207791,-0.0061678581900246,-1.18569550568181,-0.747361321404312,59.68,1
42945,41308.0,-13.6807603221285,6.99038924197379,-13.7700011356219,8.694896899191,-11.4269679730732,-2.91984498997907,-14.5945615876748,8.62290473620712,-8.09069700355941,-12.7806339362021,5.3306013514672,-11.898065148453,1.59599290197592,-9.56016927087188,0.596403762858148,-11.3809956026059,-21.5368016259059,-8.48535580519493,3.51761050964655,-0.877391609905133,2.98955250855903,0.497598716647637,-0.509290299460639,0.732503456665873,0.280527953637944,0.280037142108891,-1.40668683562971,-0.663643363595055,0.76,1
42958,41313.0,-13.8972058704019,6.34428045616839,-14.2816664432471,5.58100899740718,-12.8871331616131,-3.1461763671985,-15.450467216827,9.06028147442157,-5.48612077680694,-14.6764702497464,5.1483517210937,-10.7495919949504,1.58548896754337,-9.79801207658904,0.733276999106463,-12.675268899047,-20.7406637223494,-8.15366802624724,5.2283417900513,-1.02522792390103,3.05808183846397,0.941180290424241,-0.232710298333368,0.763508019302571,0.0754562386388435,-0.453839571774416,-1.50896825698328,-0.686835738780169,9.99,1
43061,41353.0,-15.0209806030789,8.07523975163174,-16.2980905380446,5.66482005292134,-11.9181533731348,-4.24695712395156,-14.7166675516611,9.43508432139337,-6.7953981269244,-15.1241628144947,6.03766622940467,-11.6767222367813,1.32697878633103,-12.3816058947985,-0.0716392778020956,-9.48414337021449,-19.6718814509262,-7.64327282087749,1.16906441801605,-0.995786857833133,2.52511546344786,-0.832074336953531,-0.186116823393738,0.429780833741005,0.697102812320081,0.0560310740941657,-1.31088762047629,-0.707402991270252,34.12,1
43160,41397.0,-14.9703456545046,8.40142101040258,-16.8672384869515,8.25233430637468,-13.5651304873758,-2.78243755853826,-14.2637353490007,9.64341914576661,-7.70149868394332,-14.2266980575287,5.61099879659254,-11.7939788348294,1.59838653001563,-11.6069703760766,-0.0441804437896824,-9.28695473739369,-19.8997264249367,-7.518050849236,1.24351749943488,-1.61466005601289,2.71404480183882,-0.101355310559619,-0.439665974014017,0.519513861479409,0.789327982433797,0.0643574266343142,-1.62138568643941,-1.10481920857705,273.01,1
43204,41413.0,-15.1404496225073,7.37804241221284,-16.356367356494,9.19493491430021,-13.4661632895942,-2.95843050082103,-16.1655386244192,10.0752539455532,-7.90182112627786,-13.0094028057641,4.82823533219729,-11.0584014244364,1.99812557552295,-8.59204740189288,0.540385309176116,-10.6157452968661,-21.0178983428443,-8.39739305199317,3.18355894967976,-1.69148198782553,3.14742810473234,0.341677595071206,-1.15016247089952,0.795189734964946,-0.194542181109758,0.145963568626439,-2.45868034756574,-1.18988788135128,106.55,1
43428,41505.0,-16.5265065691231,8.58497179585822,-18.6498531851945,9.50559351508723,-13.7938185270957,-2.83240429939747,-16.701694296045,7.51734390370987,-8.50705863675898,-14.1101844415457,5.29923634963938,-10.8340064814734,1.67112025332681,-9.37385858364976,0.360805641631617,-9.89924654080666,-19.2362923697613,-8.39855199494575,3.10173536885404,-1.51492343527852,1.19073869481428,-1.12767000902061,-2.3585787697881,0.673461328987237,-1.4136996745882,-0.46276236139933,-2.01857524875161,-1.04280416970881,364.19,1
43624,41582.0,-1.04800528916284,1.30021877705413,-0.180400575706546,2.58984264330545,-1.1647935523262,0.0318234062644092,-2.17577809872951,0.699071737631603,-1.14020827768059,-3.22678710680364,3.49080495043995,-2.45433920979968,0.177189485247745,-5.16060809721957,-0.686114234287445,-3.99614471325468,-4.69556272249452,-1.81916096350279,1.46108031890323,0.644993308471186,0.549014458224783,0.624321410729297,-0.136662719519743,0.131737918713915,0.0309213718346795,-0.176701082429858,0.504897671691263,0.0698824528615783,39.45,1
43681,41607.0,-18.2475132286673,8.71325017095966,-17.8801268207974,9.24945923683651,-14.5412125237225,-1.91156359308197,-18.0146601306809,5.52216218981207,-9.28392451240577,-14.5571590528859,4.39243558567834,-10.3800731219167,1.61182090128819,-6.91763950579126,0.158841037400664,-10.3282423879882,-20.2545556896053,-8.53452256380618,3.25653448060821,-0.526368288315335,0.598842606268504,0.615318868165234,-0.486498927270445,0.739268468431111,-0.236844752247958,-0.0460816699541002,-3.01147328474912,-1.02214746628442,53.95,1
43773,41646.0,-3.24018658731411,2.978121790406,-4.16231393691373,3.86912437879902,-3.64525645477793,-0.12627056104764,-4.74472973694714,-0.06533104369042,-2.16836609501902,-4.75830407509117,3.47109784646449,-6.5331067689397,-0.983468669556775,-6.07398900285949,1.12540670902583,-7.71804240456347,-9.85592743669396,-5.19390789281555,2.04269768780688,-0.224043462894117,2.60144102940002,0.23191011639882,-0.036489849092758,0.0426396452203885,-0.438330345949387,-0.125821080392006,0.421299802439127,0.0031458761215678,172.32,1
44001,41743.0,-2.14441147422114,1.0734990949761,-2.77366294436956,1.38439373061694,-4.01547712730958,0.747235431622141,1.52563753547227,0.192987836205386,-2.43186196584916,-4.15583783449678,4.35477463025116,-2.87240010922107,0.468875462284219,-4.55566674751092,0.699671492981511,-2.90114077639634,-4.67466711122835,-2.21362325223921,1.29616504982889,0.668123787084126,0.14465327974064,-0.885681640451265,0.625098628062992,0.0965268919194303,-0.189454895625625,0.532908314019749,0.423044721673666,-0.210266310409715,802.52,1
44091,41791.0,-7.22273130585545,6.15577293013926,-10.8264598371575,4.1807791786876,-6.12355510135628,-3.11413648152623,-6.89511228298774,5.16151637665229,-2.51647653288733,-6.40337055173194,3.18605794805635,-6.85557098142662,-0.837722614772195,-8.03661487513855,0.956969643768367,-4.55719345408278,-7.65470424350142,-2.58841864362628,0.718555009324824,0.818859416826789,0.91270032192132,-0.630358133073199,0.190886662173033,-0.0612634320139128,0.379774656663009,-0.266845465234688,1.19369457713473,0.257468457389868,99.99,1
44223,41851.0,-19.1397328634111,9.28684735978866,-20.134992104854,7.81867331002574,-15.6522076772063,-1.66834770694329,-21.3404780994803,0.6418997011947,-8.55011032700099,-16.6496281595399,4.81815244707108,-9.44531478308794,1.31705629332341,-7.24346097400378,0.830910291033798,-9.53325705039319,-18.7506411474674,-8.09264877340557,3.32675827497024,0.42720343146936,-2.18269194560955,0.520543072366642,-0.760556415188733,0.662766638397236,-0.948454306235033,0.121795925829793,-3.3818429293561,-1.25652362136258,139.9,1
44270,41870.0,-20.9069081014654,9.84315322329519,-19.947726046163,6.15578864849515,-15.142013159868,-2.239565648142,-21.2344631540976,1.15179506554623,-8.73967037069304,-18.2711681738888,4.67734929657245,-9.58356643737056,1.03516582361622,-8.19969002891841,-0.32651888245129,-8.37643882097816,-18.4854603221489,-7.58997395860914,1.1266403652792,0.396654845079575,-1.97719619445615,0.652931885295435,-0.519776859411322,0.541701730134149,-0.0538607606750096,0.112670774311131,-3.76537100922261,-1.07123831223447,1.0,1
44556,41991.0,-4.56634156694274,3.35345148012501,-4.57202780762531,3.61611930403552,-2.49313810882875,-1.0899997127127,-5.55143306976649,0.44778308394893,-2.42441402571208,-5.69992228265959,3.58682418337431,-6.63622904939297,-1.1281764439465,-7.24554959537009,0.638325536245456,-6.85681003898144,-8.85187850534679,-4.5918832274368,0.936939858866071,-0.249127726683026,2.67446587862872,-0.0208799797343963,-0.302447083877198,-0.0863964000107124,-0.516059779833395,-0.295102234035121,0.195985145691014,0.141115102721758,1.0,1
45203,42247.0,-2.52401156950864,2.09815186657166,-4.94607520997003,6.45658840962748,3.17392137712693,-3.05880605463133,-0.184709664717417,-0.390419986932457,-3.64981179874133,-4.07758540918968,4.38921350258246,-5.84955800710779,-0.750964374574877,-11.5838983872121,0.838750052957938,-1.4610292465747,0.635694232941605,0.390150149131876,-1.06302761603247,-0.162797482259592,0.0279349679314103,0.2203664412615,0.976347942245667,-0.290539415419797,1.1610017911475,0.663953624390758,0.456022723280535,-0.405682084802192,1.0,1
45732,42474.0,-3.84300903438536,3.37511020399082,-5.49289319668564,6.13637764344382,2.79719546082743,-2.64616226518954,-1.66893106391951,-2.61755205155675,-3.94584260288362,-4.56525209408734,4.09721607443527,-5.4509164388957,-0.965692752165388,-10.9044588731508,0.526947764497797,-1.13975413041553,0.835639563488731,0.389774231161906,-1.43960797610281,0.0547955667305956,-1.2778115827927,0.719652000906672,0.451125175067876,-0.25809365058648,0.656129466667281,0.556676326289228,0.739383212515096,-0.203049673816441,1.0,1
46909,42985.0,-4.07597468486268,0.963031254092613,-5.07607019842086,4.9559633578155,-0.161436852450419,-2.83266299767191,-7.619765445461,1.61889544068454,-2.99209215744034,-7.14219911358407,6.27866584548672,-9.40706094796316,-1.81887396082411,-10.7395718907673,0.224206083734093,-8.42708279627514,-13.5021528919623,-4.71296758855481,2.6304759946371,0.0588612515023862,1.03073825203134,0.165327776328984,-1.01750231442165,-0.477983380813876,-0.304986825039416,-0.106089275128594,1.89971434181658,0.51146170682063,1.0,1
46918,42988.0,-4.42350762703846,1.64804777413239,-6.93438785672913,4.89460056642244,-5.07813111998958,0.0108488776042783,-3.40909567897227,1.40929050029893,-3.26067152936237,-7.78135276287243,6.28337707847689,-9.65660635996176,-1.61913485478932,-10.7321089251086,0.288220764475555,-7.89812205175049,-13.5706825019333,-4.59023530005094,2.59017338411194,-0.562264103606392,0.698359061079766,0.487477720585547,1.22869827965959,-0.535217333195035,0.388278095984062,-0.0094656471517041,2.300164247557,0.0812314897144668,648.0,1
46998,43028.0,-1.10964552515211,0.811069300236989,-1.13813532731484,0.935264670223385,-2.33024787785051,-0.11610605479739,-1.62198623466478,0.458027900124116,-0.912189159098001,-2.96199570179906,2.77896789639267,-2.37959961108923,0.918962784041379,-4.01578678027745,-0.530009790602772,-2.81588776765893,-6.6493577879714,-1.74611328389964,1.08340676372199,0.168890572541282,0.641593528333926,0.841754904759402,0.176727750810022,0.0810041184974676,-0.258898742565752,0.707654245320429,0.418648658517389,0.0807557537005394,204.27,1
47802,43369.0,-3.36531852073793,2.42650326490524,-3.75222652688429,0.27601659835291,-2.30587029698066,-1.9615783188747,-3.029283444673,-1.67446174770883,0.183961286375875,-4.98092843827312,3.65788166668826,-6.40982235504524,-1.0873102947816,-8.50943318717532,1.43257178733402,-5.36989001074152,-9.06907940021057,-2.81980659631422,0.874542948076265,-0.0368373256714411,2.07000816413804,-0.512625728150551,-0.248501692422131,0.126549624264963,0.104166256940212,-1.05599732614735,-1.20016496678239,-1.01206584314534,88.0,1
48094,43494.0,-1.27813773524814,0.716241580332591,-1.14327922918382,0.217804800631468,-1.29389046969973,-1.16895152511977,-2.56418198278833,0.204532467641239,-1.61115462297744,-1.25028553742691,3.36736102310858,-4.58309584545642,-0.806939683730076,-5.20830522179452,0.525823682164556,-1.81591431259746,-5.24911146794949,-2.19669120679566,2.10905264474381,0.817203155491914,0.490182667533974,0.470427403079725,-0.126261344339209,-0.126644458784455,-0.661907559467122,-0.349792996571914,0.454851068382725,0.137843477172283,24.9,1
50211,44393.0,-4.61746102917986,3.66339525318756,-5.29744641020372,3.88095965427288,-3.26355091342907,-0.918546733700683,-5.7152620778107,0.831039550183167,-2.45703377841015,-5.72681709632961,3.52572598717089,-6.48911156043177,-1.01279063167124,-7.05231095228929,0.78444540329242,-6.77397674966222,-8.58807007314333,-4.51089174541971,1.14787783834912,-0.34645583270524,2.69817489528664,-0.0270808907137453,0.366775230313112,-0.123011441662663,-0.300456526768528,-0.239996239629945,-0.183463054061235,-0.0733597031884566,1.0,1
50537,44532.0,-0.234922308660103,0.355412643473604,1.97218278594888,-1.2555927126284,-0.681386509254345,-0.665731671302037,0.059110489686438,-0.0031532770910343,1.12245113562848,-1.48124586053984,-0.473852105914046,0.9221844195147,0.913513839827119,-0.499349578859305,0.933898442932603,-0.560471962989049,-0.207706529097452,0.380541571066627,0.574335960915453,-0.0034694628125566,0.220670430492642,0.912107214037724,-0.286337679755902,0.451208246513352,0.188315252003614,-0.531845781256926,0.123184687838547,0.0395806345060398,1.0,1
52466,45463.0,-1.47689343619361,2.12231379246165,-1.22946956041319,1.20184879823143,-0.343264387787516,-1.31770390932283,-1.52814215893659,-0.620953383361586,-1.21304032250238,-2.97526724837752,3.53221960237349,-3.68263987014104,-1.15477748628793,-5.16522922685485,-0.240091425455286,-2.40492728839102,-5.67173864053893,-0.99429395124741,-0.289935891439032,0.276893466308702,1.18603560532412,-0.0402148700651311,-0.238930086824211,0.110144325976026,0.0454183699836296,-0.56923231725429,0.481018701576887,-0.0475554426964208,1.0,1
52521,45501.0,1.00199171536791,0.047938380305255,-0.349001552412107,1.49395843665091,0.186938875230095,0.190965634380865,-0.0011121042259357,0.147140194715723,0.580415339651519,-0.792937990748917,-0.984171728067149,-0.567380064895921,-1.10559224967424,-1.38121354248053,0.405490421163411,0.279890165223202,1.1321602098483,0.0929929763441439,-0.298920455435975,0.016003673251105,-0.334417439439,-1.01431467260935,-0.128427315817252,-0.946241837638308,0.456090274720588,-0.453205972393371,0.0466270924243456,0.0646983543716214,105.99,1
52584,45541.0,-1.51924353075082,2.30849245367643,-1.50359931953802,2.06410058377601,-1.00084505842829,-1.01689703316417,-2.05973051990126,-0.275166374590629,-1.56220609694371,-2.75579692797163,3.43824825990431,-3.52152936013651,-0.918761288376486,-4.45210024854037,0.499313753853031,-2.90790343439971,-5.24864639527919,-0.936814652613817,1.16012029433585,0.175018552247898,1.30787143187069,0.102825644139183,-0.0177462832428156,0.149695925673219,-0.0966024680642115,-0.369114567720136,-0.0192440931269227,-0.20831909164279,1.0,1
53591,46057.0,-1.3094413460044,1.78649494921925,-1.37107024042555,1.21433549160762,-0.336642221570741,-1.39011986486896,-1.7091091066305,0.667747590382643,-1.69980879955917,-3.84391103993778,2.96259879138962,-3.95604520140947,-1.53923191944683,-4.63463139323434,-0.248403490673103,-2.05855138409951,-5.63549400383391,-0.775271204300359,-0.23930965408033,0.253464129147281,0.533521286327158,-0.0221799534199139,-0.299555851230085,-0.226416167090146,0.364360460778096,-0.47510178544057,0.571426303828437,0.293425836896259,1.0,1
53794,46149.0,-1.34650881762975,2.13243062687771,-1.85435531823997,2.11699770636107,-1.07037837875552,-1.09267135682306,-2.23098606430574,1.03642490791919,-1.89551573571367,-3.36401057980002,2.88704787664695,-3.78445965821089,-1.28890425847532,-3.98562600822203,0.531838297985603,-2.60370264991872,-5.15759639749234,-0.696010004579956,1.28596139472532,0.221918669151309,0.609508181503446,0.202874284952422,-0.0607913872259794,-0.186733353366053,-0.0174012274970924,-0.283751034119116,0.395451049081013,0.233138575967241,1.0,1
55401,46925.0,-0.481531150954278,1.05954227713479,0.647117402910268,0.905586233912649,0.81936824001549,-0.0911835663506086,0.504134851323607,0.161064336313081,-0.765053776949662,-0.55054534794377,1.48028602025778,-0.105359122514952,-0.804841454759319,-0.819901849432008,0.916881766469427,0.201150538864914,0.874890632270019,0.941476678511478,0.272698476205832,-0.0425151328862889,0.0706328691882125,0.192490772493404,-0.174659253437827,-0.438908072947488,0.239258996609831,-0.217823405004998,-0.0728522476980958,0.0104633125817071,1.0,1
56703,47545.0,1.17671575912859,0.557090903443645,-0.490799622910899,0.756424293386678,0.2491915585394,-0.781870546568533,0.228750322026116,-0.0408400791377636,-0.432110564245139,-0.585778431385528,2.28193937592012,0.654566719272309,-0.310379432324912,-1.04370522504569,0.513750399321109,0.399177755263914,1.14313007770305,0.256013886486252,-0.511210088142662,-0.10277180482264,-0.0621660000083396,-0.128168129786567,-0.0401759895545737,0.110040347467026,0.437891432381746,0.368808854483266,-0.0182873480981415,0.0311734033163997,0.76,1
57248,47826.0,-0.887286905534409,1.39000150924187,1.21968581996397,1.66142517591961,1.00922783931161,-0.733908444749524,0.855828927220991,7.68462281197611e-05,-1.27563149417191,-0.433393925731893,0.141178993422237,-0.46034845602669,-0.367867931021877,-1.16833941780754,0.152107630618373,0.882231823726865,0.601804858067329,-0.304092391463557,-2.19176427800358,-0.268347371086252,-0.0837343767453397,-0.346930257215667,-0.0506187067885922,0.23104442462061,-0.450759875468406,-0.376205380931623,0.0345043694610426,0.157775320404088,7.58,1
57470,47923.0,0.364376991240021,1.44352346510311,-2.2209073739296,2.03698508634993,-1.23705503097364,-1.72816100636381,-2.05858236489925,0.358895084111675,-1.39330570864802,-3.50579032571994,2.81431415481622,-3.34217599575955,-0.150269366634614,-4.82032224395007,1.10260955786246,-3.15703267184314,-4.40585022452865,-2.55882785118576,-0.208809536741974,0.310979602822284,0.402729680639885,-0.132128891527171,-0.0329771760409112,0.460860836846427,0.560403798330262,0.409366102366135,0.539668285308506,0.296918378210685,0.76,1
57615,47982.0,-1.23280412810524,2.24411874456383,-1.70382579275654,1.49253586483501,-1.19298516971563,-1.68611021267902,-1.86461150490967,0.856122313785725,-1.97353527775248,-3.94238290411726,2.40165068027699,-3.39426561777896,-0.145161724970334,-4.32979551307589,0.758760885824274,-3.19904647594093,-4.48018356526203,-2.48566878350317,-0.0958074336903356,0.207889301735382,0.560475065574211,0.165681717805126,-0.0137535165177887,0.474935180269258,-0.218725074414735,0.302809125708237,0.46603094153746,0.250133538809307,0.76,1
58422,48380.0,-2.79077103894771,-1.46426898705405,1.03116500769674,1.9213560843992,-0.0900138203463016,-0.483871347899329,0.780731181206493,-0.348775795673106,0.609133451935087,0.225933803313285,-1.06453419450651,-0.787372737955552,-1.57646958451914,-0.126756361711439,0.367012281940972,-0.635321654596588,0.327006411459276,0.0438160872305435,1.40357376229763,-1.37672077946455,-0.392667221970544,0.440019838749267,0.777659196131864,0.418551935584405,0.244563185949918,-0.159360689127314,0.0605395343366452,0.356958362771354,208.58,1
58761,48533.0,1.24384844934819,0.524525772902587,-0.538883626044331,1.20919597418592,0.479537596763788,-0.19742873374782,0.0491662598481355,0.0377916321310988,0.128118590882765,-0.552902906422504,-0.668358831257417,-0.818803693746743,-0.883832091051869,-0.994580854433906,1.50684875024006,0.62400331534091,0.705794271683871,0.524181774270524,-0.73174984602915,-0.171540654731681,-0.0516598862539047,-0.0840894090242923,-0.192846388954053,-0.917391985542652,0.681952813037122,-0.194418574345634,0.0459171449577401,0.0401359980627264,1.0,1
59539,48884.0,-2.13905055735992,1.39436766175691,-0.612034894995233,1.04932705568948,-1.1621019076536,-0.768219363115428,-1.99723740081007,0.574996543366778,-0.98083177624058,-2.49561924548174,2.5555891530874,-3.53043627008024,-1.01623381526368,-3.45519657744236,-0.0563633864076254,-2.46773703008032,-7.14032596614864,-1.27128002161365,-0.0017219235416342,0.0254265126136498,0.696954881120808,0.740003045389771,-0.15511524943514,-0.0506074460808317,0.268368293338874,-0.469432841163864,-0.405813768055179,-0.152170846988601,19.73,1
61787,49985.0,-1.55421636788274,1.69422928947167,-0.903333638062708,2.42543608490852,-2.89978748492542,0.133028430446298,-0.286225919411127,0.555944559014401,-1.39491838156524,-2.89261176082088,1.96223597455109,-2.38526266137636,0.458337202321203,-3.72454345377605,1.84397832505056,-2.01392370780293,-2.81560029569659,-1.09229027232613,0.139687230416985,-0.0323343863075664,0.493436338989664,0.733393182273647,0.202349959595007,0.492053700892718,-0.183790909215829,-0.19991711985608,0.395200622125666,0.0276930320930062,360.0,1
63421,50706.0,-8.46184470133154,6.86619841481805,-11.8382692206767,4.19421096699453,-6.92309709702798,-3.22114664850055,-7.55349651116055,6.015618186942,-2.4661434402463,-6.24624318477127,2.94398521977131,-6.51238933713471,-0.698175946764313,-7.54364593187217,0.92645528395257,-4.3302948063467,-7.33969796421674,-2.55090085394741,0.645904895509124,0.814710155897088,0.918244480856236,-0.715366336614015,0.210747336284603,-0.0602114737129364,0.509534595479059,-0.257283692851139,1.17002651560613,0.229300914797861,99.99,1
63634,50808.0,-9.16978982388629,7.09219680097303,-12.3540368689178,4.24306897383907,-7.1764377547738,-3.38661804868541,-8.05801194656602,6.44290866379074,-2.41298660229065,-6.13490688724113,2.82667122820047,-6.30984277729399,-0.623002385785158,-7.27986921938704,0.924233225976226,-4.21553713481175,-7.17167241498026,-2.55033668458713,0.596364320528384,0.816651661759946,0.926156961108813,-0.817706132334589,-0.150434415715838,-0.039383059739641,0.485639753958673,-0.264324608977439,1.1596904600617,0.232758088392131,99.99,1
64329,51112.0,-9.84877583247984,7.36554648639464,-12.8985382309124,4.27332307326376,-7.61199101126967,-3.4270452374345,-8.35080815251842,6.86360392236365,-2.3875673251028,-6.06578236274727,2.70785640511515,-6.13603446645473,-0.545976095807375,-7.02898027290706,0.916068574603162,-4.09288449351717,-7.01462170672071,-2.5309672589153,0.554027499068527,0.832398066019608,0.931958309450931,-0.87446736131737,-0.192639469446569,-0.0354260265633338,0.538665050436448,-0.263933516556866,1.13409509350836,0.225973163975667,99.99,1
64411,51135.0,-10.5273044341626,7.63974510878724,-13.4431145027514,4.30340291762786,-8.04820986720506,-3.46699653575204,-8.64319279153494,7.28410530047069,-2.36209663777244,-5.99659592015915,2.5891035399443,-5.9622614216576,-0.468955402702701,-6.77818372152522,0.907946622048306,-3.97013003226966,-6.85761265464239,-2.51173568202806,0.511761951503497,0.847085223070639,0.937415595523653,-0.931178206442092,-0.235696693319785,-0.0313933540844794,0.591558276561224,-0.263516323288921,1.10889729755393,0.219021143211497,99.99,1
64460,51155.0,-11.2054613927303,7.91463349246877,-13.9877516388388,4.33334117975523,-8.48496952268505,-3.50656117309394,-8.93524303241605,7.70444915069923,-2.33658417970129,-5.92735916911943,2.47040101557896,-5.7885170305197,-0.391939257057427,-6.52746224116063,0.899859362283244,-3.84729284231041,-6.70063744821132,-2.49261610727828,0.469554313978012,0.860911741764656,0.942593331002491,-0.987848114682141,-0.279446305433771,-0.0272992246723051,0.644344195524188,-0.263077923082484,1.08402252771111,0.211933356664813,99.99,1
68067,52814.0,-1.10184700698197,-1.63244121283891,0.901066556872515,0.847752885502341,-1.24909072939532,0.654936785498635,1.44886782586722,0.0233079125519542,-0.136742416820243,-0.150129182778684,1.17235508293037,-0.795988136674965,-2.13695096583302,0.578869439330842,1.4121147225086,0.0134668068434063,-0.119204381070058,0.826814373772222,0.476859902488945,1.23027784051309,0.610653920616913,0.835795006603528,1.17995542066426,-0.0290908864225033,-0.300895693792436,0.699174952578756,-0.33607170899039,-0.177586827857027,519.9,1
68320,52934.0,1.03663855772541,0.407227280182074,0.75770616494457,3.16182144737059,-0.568122226356034,0.202180695126505,-0.68980405626803,0.41137993906161,0.336769232300548,-0.283731283967387,0.90311745288141,-0.158825775049249,-1.93070901899978,-2.37665364067708,-1.8101724846962,0.935791272330693,1.59150614830401,1.25947071382768,-0.666806394320072,-0.219461074162075,-0.0501076222906236,0.123760575662397,-0.132567901550036,0.350230553629671,0.507701400813083,0.189620904934317,0.0610156660255082,0.0631412801847289,0.76,1
68522,53031.0,0.206075454303215,1.38735982061524,-1.045286987034,4.22868619369076,-1.64754917421782,-0.180896946218666,-2.94367757476862,0.859155533266087,-1.18174300683428,-3.09650359868717,3.20091235546057,-2.45083242908802,0.316619878616412,-6.39717031528651,-2.12972836543767,-2.42737307534442,-4.44847225233098,-1.21222044988735,0.0346554556282822,0.351484399563241,0.46919942584802,0.344930464195865,-0.203799378001586,0.376640378487856,0.715485489514387,0.226002880910544,0.628544616302757,0.319917987612491,0.76,1
68633,53076.0,1.29623080363477,0.417447287721689,0.193963067987499,0.901644194576026,0.13053136701763,-0.371634020776762,0.158125823740231,-0.202668656827626,-0.0795117562857989,-0.0450882478448673,-0.876737591678351,0.687487636238951,1.5747177026257,-0.0077912302905812,0.948315691837591,0.37715383740261,-0.868182736046053,-0.0671351121445059,-0.0644929660672327,-0.0295593500917474,-0.112113509551068,-0.2200020323662,-0.121021883862135,-0.440454448442227,0.671540040565908,-0.413518433654353,0.0328380408333744,0.0206001971066775,1.18,1
69498,53451.0,0.385108461103674,1.2176203228402,-1.95387216540948,2.08707599095328,-1.14422540643716,-0.57688799482478,-2.58286504391682,0.643229999334504,-1.19123269237613,-3.09509360697848,2.82114488798301,-3.1005456578695,0.146199374342408,-4.51012391529804,0.574490022660784,-2.12346278453199,-6.05331938825344,-0.70637615273475,0.572791028207014,0.380545212283106,0.594623132460925,0.372143665842342,-0.310455791389476,-0.624065148802846,0.840216130296559,-0.159451766672991,0.599482364663208,0.288915549852885,8.0,1
69980,53658.0,-1.73934096431325,1.34452078912347,-0.534379047474665,3.19529149873811,-0.416196142475576,-1.26196066822182,-2.34099093949748,0.713003645507275,-1.41626499933122,-2.9966693020716,0.747478135782509,-4.59661151187479,-1.92775970193864,-4.75707449850737,-1.2478148188713,-2.53549425081321,-5.35646454386042,-1.97474852459452,-0.603726269220942,0.0027494784537285,0.38318010845642,-0.21395221812466,-0.336639824887574,0.23707630076775,0.246002931555889,-0.044227636498999,0.510729074882634,0.22095159365596,0.0,1
70141,53727.0,-1.64927881611351,1.26397355628777,-1.05082567399718,2.23799063903423,-2.52788923751396,-0.889939993137591,-2.35525367110661,0.85465864123984,-1.28124261677782,-2.70501138232752,1.17447506014201,-4.38191956749248,-1.22666589816604,-2.95382425341893,1.99416119386347,-3.30425391022094,-5.58579436647491,-1.64370403169872,2.11863332532912,0.0874063699474628,0.679176431149171,0.731907051356776,0.333045475501739,0.392505235969248,-0.274197297543759,0.802348667525187,0.390808552793314,0.11214553148245,112.45,1
70589,53937.0,-2.04260819938332,1.57357807373238,-2.37265243271278,-0.572676430720841,-2.09735276458226,-0.174142123011242,-3.03951978687359,-1.63423295064356,-0.594808638750073,-5.45960189444545,2.37853722491518,-2.33027064686235,-0.24623272486659,-4.05852343611281,-0.316983146603949,-2.52266081131673,-5.60340034818128,-0.778439963776289,0.860211793588662,0.825565985313424,-0.723326195587733,0.501221637302624,-0.696892260580304,-0.600513726439022,0.127547028812739,-0.786072220292301,0.606097322391548,0.171696507911815,261.87,1
72757,54846.0,-2.98646550822273,-0.0008912294816884,0.605886830263541,0.338337780759695,0.685448451171472,-1.58195443740193,0.504206377175919,-0.233402618007887,0.636767742518801,1.01029102209398,0.0045179679664243,0.0443966388940644,0.420853062352676,-0.931614224984722,1.14797368277192,0.48306309357216,-0.152470829644753,-0.285666258848129,0.0725498490088206,-0.764274258309323,-0.875146363670133,-0.509848660993286,1.31391790371009,0.355064731381086,0.448551563224067,0.193489780350156,1.21458768687535,-0.0139228973515758,1.79,1
73784,55279.0,-5.75385192191905,0.577609830544052,-6.31278151817008,5.15940136394611,-1.69831984974091,-2.68328644007023,-7.93438913772177,2.37354992013064,-3.07307886895315,-7.14513662527302,6.25006758982915,-9.15082268467043,-1.37614146959781,-9.98258470738767,1.2022169675584,-7.56504249195105,-13.691474448179,-4.36686728138342,2.18142273556017,0.0175000205275833,1.17785240817647,0.175331359039045,-1.21112332108691,-0.446891081681294,-0.405520352964176,-0.165797490498776,1.50551591304239,0.359492050360598,1.0,1
73857,55311.0,-6.15960693036327,1.46871292315117,-6.85088814665684,5.17470627250374,-2.98670392387712,-1.795054145699,-6.54507152628193,2.62123613805269,-3.60587012643541,-8.12216107491307,6.02903256317613,-9.22585530778592,-1.54675863096913,-10.3093341893072,0.308062393533042,-7.78732622111619,-12.8221770045808,-4.36767713342358,2.64398422133793,-0.289829585956863,1.06131418230601,0.125737468595024,0.589592331660844,-0.568730604518481,0.582824720935876,-0.0425826450995479,0.951130233081124,0.158996023697089,0.83,1
74496,55614.0,-7.34795494690262,2.39704134824746,-7.57235581757844,5.17781925521834,-2.85483828261718,-1.79523877381611,-8.78323473517424,0.437156561210431,-3.74059750992972,-8.33286306292127,5.76318940883843,-8.70787929219866,-1.71694948774786,-9.57719439289905,0.146369002626258,-7.58649078643175,-12.5039309695675,-4.37563101237668,2.46519487038601,0.0731637913502985,-0.175273369741836,0.543325051876651,-0.547955067054245,-0.503721690122004,-0.31093277648824,-0.16398601754964,1.19789504657005,0.378186688214491,0.83,1
74507,55618.0,-7.4279242314783,2.94820920837905,-8.67855038407896,5.18530347959595,-4.76108997261691,-0.95709501604379,-7.77337978477431,0.717309273781191,-3.68235923846278,-8.40315026242229,5.70520550718269,-8.6407464115182,-1.60292501896209,-9.46613912320431,0.137324186945341,-7.30324272860725,-12.4480392359586,-4.33283424125087,2.35202964025176,-0.123085015912889,-0.299847070706951,0.610478813685703,0.789022761446755,-0.564511939509452,0.201195825477742,-0.111225430586455,1.14459850910478,0.102279545438297,130.44,1
74794,55760.0,-6.00342167645829,-3.93073139597263,-0.0070454551172806,1.71466918264498,3.41466660221529,-2.32958262254194,-1.9015116901208,-2.74611109114189,0.887673207764977,-0.0492328559624844,-0.153131026660117,-0.814309846145704,-1.89479558623308,-0.83148260879597,1.38728869521525,1.18890675852063,0.536817322665437,-0.0514032140040002,-1.23138550165184,-4.12818582871798,1.10167131666753,-0.992493706726384,-0.698258928361953,0.139897673540465,-0.205150795631722,-0.472412262665941,1.77537805651063,-0.104284625925588,311.91,1
75511,56098.0,-1.22966891678814,1.95609915073809,-0.851197959645561,2.79698655025108,-1.91397684079333,-0.0449344462262948,-1.34073935355915,-0.5555479867039,-1.18446766006311,-3.24510859732028,2.33832327000211,-2.82004218823068,0.763325773164453,-5.41958986916794,0.0414327925041231,-4.18075778829053,-4.2850705920981,-2.53645157282245,0.93023918577297,0.270459255150975,1.20805425987967,0.277611797272191,0.0192658003152734,0.508528831195383,-0.201182897226566,-0.249600419347595,0.562238742839488,0.0753085014191344,170.92,1
76555,56624.0,-7.90142134976781,2.72047248689249,-7.88593567244075,6.34833355148109,-5.48011903551053,-0.333059239585013,-8.68237644547782,1.16443107786426,-4.54244738562489,-7.74848004950582,5.26658587269696,-8.67967880327782,-1.1663656781569,-8.10797466085831,0.701364761025326,-6.28830575777651,-13.7531307979331,-4.32923927421315,1.50425021091709,-0.614719344485925,0.0777390506575033,1.0924365947863,0.320132727437797,-0.434642552856739,-0.380687072327338,0.213630359032603,0.423620329379796,-0.105168533503988,153.46,1
76609,56650.0,-8.7620833940977,2.79103028235041,-7.68276685719257,6.99121396498416,-5.23069545140333,-0.357387950702527,-9.68562145610769,1.74933494530821,-4.49567886484426,-7.86450647898838,4.77414774007074,-8.24589788162945,-1.33349186005079,-7.97425052332349,-0.39879894749855,-7.24434047432354,-12.7600939511044,-4.82474022298701,2.83699299496563,-0.460389538640294,-0.0905267878788197,0.34858962816605,0.0511323900482543,-0.41542987238242,0.219665266254896,0.330020364891881,-0.0282517554687547,-0.156270272972183,7.52,1
76929,56806.0,0.0168278084833761,2.40082554709233,-4.220359820602,3.46221746352071,-0.624142188342754,-1.29430258598001,-2.98602831443748,0.751882724799937,-1.60667229891344,-5.97492543825504,3.26492215161104,-5.09503162409832,0.307807541258315,-10.0181060613614,0.273282636641356,-3.56253351747421,-4.37710568381017,-1.79263494349375,0.0802807729992116,0.590418382570863,0.285831617664336,-0.771508088806938,-0.265199774294598,-0.873077150100989,0.939776315964547,-0.219084743497804,0.874493632152321,0.470434221788752,1.0,1
77099,56887.0,-0.0754834663888726,1.81235458422751,-2.56698081016962,4.12754860722303,-1.62853157024518,-0.805895445766318,-3.39013454458215,1.01935326231828,-2.45125125188341,-3.55583492739064,4.31571103012142,-5.47980167679906,-2.11550315600957,-5.5887855765974,0.280108069299552,-3.50723062361012,-7.45709493793125,-2.32549168188332,-0.440434552920779,0.338598140549314,0.794372451897782,0.270471232297866,-0.143624140755259,0.0135659145316466,0.634203128800614,0.213693187250942,0.773625466697089,0.387434054572014,5.0,1
77348,57007.0,-1.27124419171437,2.46267526851135,-2.85139500331783,2.3244800653478,-1.37224488981369,-0.948195686538643,-3.06523436172054,1.16692694787211,-2.26877058844813,-4.88114292689057,2.25514748870463,-4.68638689759229,0.652374668512965,-6.17428834800643,0.594379608016446,-4.84969238709652,-6.53652073527011,-3.11909388163881,1.71549441975915,0.560478075726644,0.652941051330455,0.0819309763507574,-0.221347831198339,-0.523582159233306,0.224228161862968,0.756334522703558,0.632800477330469,0.250187092757197,0.01,1
77387,57027.0,-2.33565492855671,2.22537994112476,-3.37945038583039,2.17853822878821,-3.56826371512658,0.316813583664713,-1.73494800330036,1.4491394338594,-1.98003348126993,-5.71150474047788,1.83721490161197,-4.5403416445233,0.747845860345767,-6.28431406964108,-0.128887216546494,-3.5632394063049,-7.36832064555377,-2.69295315786876,-0.450550113544917,0.274027122680488,0.78554012192761,0.29741198434836,0.308536146370564,-0.598415746387816,-0.121850330815637,-0.491018310202025,0.701606041424924,0.206966343288918,444.17,1
77682,57163.0,-10.3630494651588,4.54367201286394,-9.79589773551539,5.50800333404763,-6.03715599427489,-0.133492972364907,-11.7243461176622,-3.19834557193323,-4.76784222430147,-9.33212806886128,5.2241240042156,-7.74312234505579,-1.56034320038539,-7.14041803349475,1.18597782557697,-6.59870406570123,-12.1205390025684,-3.90409153348034,2.51343040062446,0.924396179705582,-2.45714487251707,1.68725664165106,0.977178353536712,-0.543368976583511,-0.289124786926125,-0.107586425389056,0.330641897772597,0.163577149556086,1.0,1
79525,58060.0,-2.63059770314604,5.12575923008793,-6.09225454651378,5.52739306209755,1.60514485494011,-2.31988352953118,-3.20707570564086,-1.48258321071708,-5.07487063178104,-6.77833138248069,5.72525459149638,-6.94917182528041,-3.12779501198771,-11.090424813263,-0.800272569362332,-1.70750085360527,-1.68547301699574,0.274890838662414,-2.02888535240153,0.948863770149954,-0.527474204141788,0.220546094514546,-1.37110989476897,-0.504898994517705,0.382306792598482,0.395527722278956,0.782035950782542,0.62852786395406,1.0,1
79536,58067.0,-0.264868683737295,3.38613996883911,-3.4549969895002,4.36762905773351,3.33606042827178,-2.05391842272465,0.256890458421417,-2.95723544083265,-2.8557972336327,-2.8084555425423,1.84750351109611,-2.4148223375383,-2.57322454244165,-6.5991261303635,0.123470382678038,2.57237180761341,6.60936580903842,2.53066979960508,-3.60265725092653,0.482513022122587,-1.39450379366468,-0.166029306744804,-1.45208118338289,-0.251814670710545,1.24346054282121,0.45278677690471,0.13221807596169,0.42459946550375,1.0,1
79835,58199.0,0.340390790889508,2.01523346310003,-2.77732956104823,3.81202413104427,-0.461729071578821,-1.1520219714746,-2.00195866818811,0.548681056661142,-2.34404166261939,-3.07669858515182,3.55473755027372,-3.96968929955842,-0.932183689489454,-5.87606732124924,-0.0667394504128529,-1.49528077472825,-4.42475717388751,-0.619323237398381,-0.231198386269899,0.326772803133095,0.29976881646527,-0.583282924090166,-0.187696049565752,-0.329255753153177,0.732328138266652,0.0580797142765515,0.55314334331356,0.318832445723953,1.75,1
79874,58217.0,-0.443793956538852,1.27139528958141,1.20617786290079,0.790371244425149,0.418935334538855,-0.848375714713356,0.917690595034239,-0.235511404707869,-0.285692136421657,-0.867899742347565,0.614977120327696,-0.657947690982211,-0.948412031653891,-1.63514452424164,1.26320316314475,0.0685328870737372,1.32579410174258,0.376383480838994,-1.09619645414336,-0.0672050359210024,0.119278777095323,0.513479449681292,-0.264243409026182,0.443311288026016,0.0295163920697956,-0.335141048988331,-0.188814985117408,-0.123391459240302,5.09,1
79883,58222.0,-1.32278906321956,1.55276821126964,-2.27692070362638,2.99211739124618,-1.94706392017319,-0.480288250384527,-1.36238752318047,0.953242226598613,-2.32962885992389,-3.39355348115172,3.1284396921776,-3.57039373078107,-0.595198191474463,-3.98841505479623,0.995905842419722,-2.84378455855144,-4.82624611607161,-0.703883464864473,2.15221455770756,0.988493486888991,0.614968996752659,-0.195199717277462,0.590711261700839,-0.233377663885038,-0.164285286785183,-0.27749787053455,0.428610084734921,0.246393746180351,270.0,1
80760,58642.0,-0.451382569628168,2.22514650025341,-4.95305045271638,4.34222824814605,-3.65619018970243,-0.0201214656089607,-5.40755361778584,-0.748436141338482,-1.36219775131112,-4.17062288702767,3.76230638231684,-4.22622469486547,-2.04669403006077,-4.71049793587464,0.217572360008267,-4.73908378383857,-6.13188675183675,-2.42587063860491,2.31416486951171,0.724381267691587,-0.575924092076688,0.495889440695266,1.15412793921228,-0.0161857864909953,-2.07992826296301,-0.554376906341192,0.455179270612071,0.0013206564598543,113.92,1
81186,58822.0,-4.38422089880268,3.26466481012305,-3.07715801666012,3.40359359659281,-1.93807528041028,-1.2210812776781,-3.3103166090276,-1.11197501012863,-1.97759328056305,-3.28820356526528,2.88609147657536,-6.84897793447677,-1.02923459062256,-7.46010298330266,0.0559060176229105,-4.33478342671028,-9.87456039324105,-3.54190332932228,-0.531558760456647,-0.141533268810834,2.07638272101207,-0.990302787008607,-0.330358452316133,0.158377625833497,0.0063514462492984,-0.493860013315231,-1.53765237842389,-0.994022490842227,45.64,1
81609,59011.0,-2.3269223698887,-3.34843873033788,-3.51340796089061,3.17505971028128,-2.81513703435586,-0.203362788049123,-0.892144430418318,0.333225702638422,-0.8020052289805,-4.35068531246963,3.06424584128211,-2.71873063246571,0.0687877027069899,-5.58687312563725,-0.966076477695954,-2.50204941657576,-4.46049463214891,-0.870525745045081,0.595629103995644,3.20917094389277,1.22664839880046,-0.695902072928095,-1.47849021051453,-0.0615525997443275,0.236155012156618,0.531910616094765,0.302324354380578,0.536375347733134,1389.56,1
82400,59385.0,-7.62692409246447,-6.97642000754641,-2.07791115073952,3.41675415987856,4.45875840248762,-5.08040779918275,-6.57894786782983,1.76034141396682,-0.599508728352202,-4.00174208524931,2.61176184321338,-2.21069105518154,0.145323220628924,-5.28167813117348,-1.44622731547596,-2.34217826208892,-4.44208205885268,-0.812202197039381,0.254771833248553,2.87526030369363,1.22479498325958,-0.656639147267532,-0.330810728527997,-0.0789460153087798,0.270305924800976,0.431119110160139,0.821381426988655,-1.05608777393768,18.98,1
83053,59669.0,0.326006629816884,1.28663756547088,-2.00718128715265,2.41967479633278,-1.53290169734535,-1.43280331503216,-2.45952963994058,0.617737791926574,-1.12586103037287,-3.23678401592309,3.5617949640183,-3.91467935228848,-2.12495645598654,-4.45889502952153,0.578201875425492,-2.3433041192933,-5.07145010804216,-0.749172320846648,0.22842274838649,0.222666683155765,0.556894674408544,0.169775528574355,-0.174357059251063,0.308061323046213,0.710996128051644,-0.23102981819073,0.580495233837149,0.30098403791885,6.27,1
83297,59777.0,-8.25711081724667,-4.81446073955621,-5.36530689032661,1.20422986423394,-3.3474200965739,-1.33160147516446,-1.96789279857039,1.29543781710486,-1.67441524280437,-3.42605225253339,0.144562690111297,-4.28352931016896,-0.24089504151477,-3.65749040377527,0.923104767832095,0.844221069436753,-3.94831185243281,-1.8075159915996,0.105878827218844,-1.23398725720348,0.436390207477188,-0.077552722802211,-3.09162435615504,-0.390200885685448,-0.288688941339997,-0.340004217403437,0.0398191045440342,-1.00790031022705,319.2,1
83417,59840.0,-3.21538175967748,-0.364223121381638,-1.26188334354906,3.79494903930385,0.71120593031272,-1.31647560298004,-5.16514055601052,0.625278383544947,-1.582300584728,-3.25263359468289,5.04075120270381,-5.31444220386187,-0.656470662006063,-6.23304367078495,0.974771279276835,-6.8903177453801,-9.51641148491956,-4.36412771489086,2.59857755637223,0.0196261688931224,0.40134124079647,0.152191258747201,-0.93467547449829,-0.256148382367333,-0.469403308828214,-0.282495914081921,0.86607691066145,-0.433465943783225,5.91,1
84543,60353.0,-3.97521647515777,0.581573270980264,-1.88037210743636,4.31924127992395,-3.02432976021596,1.24079277107972,-1.90955892631241,0.660717557074542,-2.7526105653686,-3.55038539904852,4.83896418696128,-6.04023537903875,-0.374460483695606,-6.22194535944177,0.958758443736388,-5.07364263456328,-10.441008666182,-3.75552460094433,0.606452965011177,-0.656511434265513,0.578984295739867,1.39731081981072,1.04532195036713,-0.303999869268857,0.0052949592507338,0.235435243641064,0.962014797484666,-0.67355739317081,454.82,1
86155,61108.0,-2.7560071191969,0.68382137690334,-1.39016888269883,1.50188726081003,-1.165614355805,-0.13120694925796,-1.47874061646082,-0.246921578045176,-0.100522731731488,-2.30110989675506,1.91445404493049,-3.8309980112302,0.719488566785256,-6.35301985790071,1.43871619241123,-3.29723907467834,-4.86297149937169,-2.00235399924327,1.54523326964355,-0.106944639579729,0.320473875601072,0.61102668559867,0.174863684107414,-0.502151101117601,-0.174712784335661,1.17924208342707,-1.16631532833921,0.821214803121569,101.5,1
87354,61646.0,-1.52230450950001,1.50515204317029,0.372364350808073,2.28686855813503,-0.526518744404641,0.998593092488712,-1.0875560400314,-0.027248402908359,-0.533001251290556,0.169572797878818,2.79039639060721,-2.31695189213093,-0.78253178710191,-3.43173796295146,-0.527701760836688,-3.2935576903327,-3.90149898369755,-2.52544048175208,0.79514422023384,0.412800620721233,0.332216175668172,0.493980864616249,-0.0801982925908616,-0.253327337787628,-0.477799682605952,0.991739677999628,-0.952553959120801,-0.39036399798095,19.04,1
88258,62059.0,-1.64440309669641,3.1298519330804,-2.57697682172296,3.41557336328899,-0.448525407316687,-1.24189285626533,-1.9916521878557,1.00266488963021,-2.8090712430123,-4.15369240632128,1.39818511854919,-5.65326970240352,-1.23369413839885,-6.332512814541,0.458714800173025,-1.98360960777769,-4.92916202340023,-1.03848208531443,-0.133819199948815,0.290186829391141,0.417762091477206,-0.648575871519649,-0.318617393380036,-0.680412931832076,0.389868676205949,0.0557502963989842,0.394681955439504,0.298820725838569,6.62,1
88307,62080.0,-1.59945740179415,2.60772002929222,-2.98719294171061,3.06415614684784,-2.49791431686821,-0.54110279282052,-2.2777862276701,1.26816610842127,-1.99733105335741,-3.83477508791878,1.11335409263987,-4.97692104108215,-0.795530934675206,-4.54955674371782,1.81376325403563,-3.17746049642958,-5.36934877847861,-1.1214541569793,2.03059193793375,0.22533293042937,0.662933039629134,0.184086858369512,-0.0894518031771282,-0.505999935132595,-0.0622588885489331,-0.0527144132804191,0.322854004983613,0.135267636745646,180.0,1
88876,62330.0,1.14086473658976,1.22131743135767,-1.45295546048243,2.06757505760281,0.854742052227546,-0.981222507744598,0.325713913670098,-0.0377214068783676,0.113219371615132,-2.12697274994354,0.915947028928619,-0.468571538051367,-0.523377293666349,-4.86186658087283,0.421013353871263,0.866440624739209,4.08248488419359,1.1963181517001,-1.10076358353881,-0.0677120411898438,-0.377597095255037,-0.79345965987036,-0.132333171548173,-0.33158626897425,0.664877856718148,-0.309312434134138,0.099941947375597,0.122988311929089,1.0,1
88897,62341.0,-5.26775974325256,2.50671895922695,-5.29092481764433,4.8861341982102,-3.34318841087649,-1.10008548506579,-5.81050918581537,1.72634335514407,-0.749277159995058,-4.83482799462627,3.54601225001006,-7.75128547808951,-1.19569394502348,-10.0185024459282,0.29639612212368,-7.47716172698803,-9.78580026201852,-4.24397714797126,2.68112678165858,-0.286043269744833,0.764265624858483,0.473261684078133,0.54848172305712,-0.15685005182413,-0.71018694460215,-0.366422677340972,-1.48676592030738,0.677664104601632,1.1,1
89190,62467.0,-5.34466537543542,-0.285760408166142,-3.83561578178611,5.33704802681048,-7.60990870021268,3.8746680317393,1.28962992438915,0.201741916806601,-3.00353243733788,-3.9905513318108,4.98601380361468,-6.11638322304304,0.0423244061770454,-6.04339314434942,1.82140103177852,-4.7454624675489,-10.0756455907271,-3.6045960155148,1.43529381015392,-1.56216235780532,0.276010822180054,1.34204455689584,-1.01657869464831,-0.0713612973880671,-0.335869334726878,0.441044176004645,1.52061262049821,-1.11593680318009,1402.16,1
91671,63578.0,-0.639191253440691,-0.0855947885921835,1.26545195854416,1.40116573166082,-0.260542078671007,1.00979457835355,1.30199897093176,-0.135257522932592,-0.431520921685507,-0.0913533730643921,-0.921051995675577,-0.61381552858098,0.198913055533638,0.0160870050482155,2.20626377523102,-0.527140627794259,-0.0572786796405291,0.448655661077036,1.16443546519237,0.861306751100051,0.340330752683629,0.76016976216338,0.353376975218638,-0.778892742566353,-0.0706811598435952,-0.0333546437243291,-0.0619624216383359,-0.0626865318467909,290.18,1
92777,64093.0,-6.13398694801985,2.94149944882418,-5.59398556768425,3.25884522291112,-5.31551221858167,-0.637327763117765,-4.47648804491816,1.69599358704814,-1.60674315131804,-5.11725920989043,3.97722223959189,-8.06609609331146,-0.760887591756867,-8.66077095912039,2.22023798968633,-6.23759654204862,-11.0463816554829,-4.15587936834903,1.76361087438004,-0.815086315781228,0.86833985051032,0.793736498280638,0.217346586657621,-0.0219850652442062,0.145881913923651,0.665087660642875,-1.68418604869422,0.31019546302906,294.9,1
93424,64412.0,-1.34804164426498,2.52282067569291,-0.782432259389823,4.08304665188122,-0.662280329645865,-0.598775712530929,-1.94355185121781,-0.329578950885032,-1.85327422572214,-3.16213595485783,1.53319383793753,-4.63512694781183,-1.11357273401976,-6.4358707376348,-0.293191947937035,-2.84993079536978,-3.65425828769231,-1.18303413658687,0.831623853010765,0.348896285038196,1.07987140816824,-0.352026410347836,-0.218357652796912,0.125865683985355,-0.0741801756408069,0.17911552652805,0.612579819202836,0.234206089600607,1.0,1
93486,64443.0,1.07952397806913,0.872988038728802,-0.303850487243895,2.75536885087579,0.301687623167546,-0.350283737195093,-0.0428479677130716,0.246624608381391,-0.779175595769242,-0.157696445821874,1.92856763203456,-0.935863286411531,-2.43144644518658,-1.63347202401986,0.534336652706283,1.42560550367097,1.59352878606579,1.17846784575361,-1.56869755794851,-0.252115099030468,-0.023254784527163,-0.158600833910515,-0.0388061577093773,-0.0603272546840962,0.358338898397498,0.0769835703935526,0.0189358319830432,0.0605741494833015,0.0,1
93788,64585.0,1.08043336974687,0.962830680816555,-0.27806547765439,2.74331806279958,0.412364075681078,-0.320778352962878,0.0412895489552235,0.176170299597767,-0.966951551053629,-0.194120466505581,2.14005681553663,-0.276308752749667,-1.19130573752489,-1.88027540328199,0.398271956336376,1.36743302249318,1.52266169956075,1.02631748255981,-1.57707047840184,-0.172658644566365,-0.008996174092574,-0.0570361435998535,-0.0536915092211487,-0.0263732767799466,0.40029973123052,0.0728277709127376,0.0270429343018625,0.0632375727147923,0.0,1
94218,64785.0,-8.7444146436792,-3.4204679837707,-4.85057473189452,6.60684578567387,-2.80054617200457,0.105511583647205,-3.26980129883546,0.940377922978903,-2.55869060182863,-3.62477471396623,5.26786160380362,-5.58369692598496,0.173895592410693,-6.67997675520914,2.08419914311417,-4.3488914455328,-8.76078602293495,-3.40754854415232,1.33293006548133,-1.81831542477292,0.102912553839685,0.311626102287519,-4.12919549979785,0.0346387321763146,-1.13363123097119,0.272265246225774,1.84130726881613,-1.79636258672205,720.38,1
95534,65358.0,1.1939160689293,-0.571085006532232,0.742522413618004,-0.0145876823031251,-0.624560898094263,0.832161659907577,-0.833350424512102,0.272896998506182,1.16942539891152,-0.371671945168217,-0.245676823310174,1.37594135044076,0.870456831276252,-0.819319364809584,-1.55090356200859,0.125852995600752,-0.397245548944671,0.272377065433488,1.22602219788409,0.062908129152134,-0.0495024276847497,0.207265101065706,-0.265271877292053,-0.67929377017329,0.511811527633814,1.24660443744052,-0.0286711040907993,-0.0061120075977227,31.91,1
95597,65385.0,-2.92382666427262,1.52483716405302,-3.01875803326242,3.28929147538496,-5.75554237361289,2.21827630310359,-0.509995431790455,-3.56944356866613,-1.01659168855188,-4.32053577559936,1.27720226474415,-3.70174966668488,-0.97186959353265,-4.85777667212588,0.0906055221312176,-2.80150199048762,-4.18680753704806,-1.64840609367465,1.1764455977519,-0.447039406719925,-0.511656805196235,-0.12272408639124,-4.28863899895194,0.563796657800838,-0.949451350280346,-0.204532177495445,1.51020648735902,-0.324706012560446,1354.25,1
96341,65728.0,1.22761441351286,-0.668973794096954,-0.271784826118016,-0.589439741635524,-0.604795004349645,-0.350284967097775,-0.486364540645055,-0.0108086285956747,-0.794944156080669,0.264544748886681,0.881268050432366,-0.324703760782435,-0.263263800489225,-1.11273543930467,-0.540849503339651,1.53341124817574,0.831442610720144,-0.473346676550517,1.19012126352217,0.273799209937263,-0.0260547222626376,-0.295254768133076,-0.180458520061445,-0.436538663158256,0.494649059264358,-0.28373826696629,-0.001128278642713,0.0350745013143425,98.01,1
96789,65936.0,-3.5934760029271,0.78144226309285,-1.82244751422669,0.605760683474701,-1.19465586719981,-0.517194856719497,-1.72252312325165,0.128889523769538,0.0149633080909052,-2.85611682977408,1.61826162043188,-3.58137450130299,0.623706919914784,-6.16045662030601,0.494733399107095,-2.54310504010287,-5.30127339068683,-2.19271270602319,-0.09472379272847,-0.478219313417121,0.351792125839819,0.391248950287018,-0.252874890557857,-0.498042480147132,0.0101721931231225,0.909928721553306,-1.47876724603751,0.722673039450917,101.5,1
96994,66037.0,0.286302363835244,1.39934474808556,-1.68250270884931,3.86437703955242,-1.18537340204974,-0.341732013808781,-2.53938012266357,0.768378375007388,-1.54788162780199,-2.65971794652165,2.6215881261205,-3.46236188507757,-1.05430017332918,-4.95582330430277,-1.40027445820489,-2.33994291742419,-5.19779447735003,-1.34281449785555,0.288846910516582,0.270360155086889,0.352456413618901,-0.243677652080658,-0.194078546536702,-0.172201087463232,0.742237197555102,0.127789797006944,0.569730790365159,0.291205858831994,7.53,1
99506,67150.0,-1.82429505976067,0.403326526860602,-1.99412200641801,2.75655816357726,-3.13906432572579,0.408185014718199,-1.20904511871624,1.09563435393431,-1.44722489217345,-3.95100289197434,2.56070020158284,-3.4119829114195,-0.781669619949492,-4.7327675351632,-0.433973654922625,-3.30608841178359,-4.23102187544855,-0.750809770409941,2.69080834203374,1.50368830479002,0.838760421033887,0.341727095787049,0.947506491293615,-0.145493002452622,0.0493257725258454,0.831065451615044,0.33242130393302,0.252712728641008,489.71,1
100623,67571.0,-0.758468652663917,-0.0454102784513458,-0.168438290153528,-1.31327481447103,-1.9017625315847,0.739433414882114,3.07189204639003,-0.483422244220096,0.61820276215476,-1.7690597207318,-0.651414013964987,-0.0054232908009888,-0.517194341398293,0.217469760178719,0.883558824493356,-1.17397764863161,0.24334710955825,-0.342300728238465,0.68705620239513,-0.0324998988871344,0.0426194565214976,0.397223782011498,0.0722288654476503,-0.242275996603303,0.560916469624214,-0.540954584325348,0.150606446374032,-0.117140114799884,549.06,1
101509,67857.0,-1.73933378422429,-1.30465465035444,0.314102907291187,0.0537401062585881,-0.0586957001779964,0.0712595573040713,0.694861852921962,-0.313269934817745,-0.649377114028123,0.517567879914365,-1.35655775612738,-0.238382663867126,0.0695790190825196,-0.431690053731737,-0.674723889299605,-1.65416180710569,-0.0539606012956825,0.520745840192804,-1.55456174696529,-1.46399432399357,-0.665172078751849,-0.632078028662709,-0.421175799634968,-0.400774352865197,-0.001640301894043,-0.495162312868153,0.0316326197006312,0.0662796878513276,320.0,1
102441,68207.0,-13.1926709562391,12.785970638298,-9.90665002092758,3.32033688288942,-4.80117593230105,5.76005855618556,-18.7508891580107,-37.3534426378925,-0.391539743919107,-5.05250236713858,4.40680552357904,-4.61075647740608,-1.90948796970811,-9.07271093398351,-0.226074450896345,-6.21155748212485,-6.24814535335983,-3.14924669470095,0.0515761185277783,-3.49304991519446,27.2028391573154,-8.88701714094871,5.30360690376998,-0.639434802306313,0.263203123457008,-0.108876929971315,1.26956635541013,0.939407362758877,1.0,1
102442,68207.0,-13.1926709562391,12.785970638298,-9.90665002092758,3.32033688288942,-4.80117593230105,5.76005855618556,-18.7508891580107,-37.3534426378925,-0.391539743919107,-5.05250236713858,4.40680552357904,-4.61075647740608,-1.90948796970811,-9.07271093398351,-0.226074450896345,-6.21155748212485,-6.24814535335983,-3.14924669470095,0.0515761185277783,-3.49304991519446,27.2028391573154,-8.88701714094871,5.30360690376998,-0.639434802306313,0.263203123457008,-0.108876929971315,1.26956635541013,0.939407362758877,1.0,1
102443,68207.0,-13.1926709562391,12.785970638298,-9.90665002092758,3.32033688288942,-4.80117593230105,5.76005855618556,-18.7508891580107,-37.3534426378925,-0.391539743919107,-5.05250236713858,4.40680552357904,-4.61075647740608,-1.90948796970811,-9.07271093398351,-0.226074450896345,-6.21155748212485,-6.24814535335983,-3.14924669470095,0.0515761185277783,-3.49304991519446,27.2028391573154,-8.88701714094871,5.30360690376998,-0.639434802306313,0.263203123457008,-0.108876929971315,1.26956635541013,0.939407362758877,1.0,1
102444,68207.0,-13.1926709562391,12.785970638298,-9.90665002092758,3.32033688288942,-4.80117593230105,5.76005855618556,-18.7508891580107,-37.3534426378925,-0.391539743919107,-5.05250236713858,4.40680552357904,-4.61075647740608,-1.90948796970811,-9.07271093398351,-0.226074450896345,-6.21155748212485,-6.24814535335983,-3.14924669470095,0.0515761185277783,-3.49304991519446,27.2028391573154,-8.88701714094871,5.30360690376998,-0.639434802306313,0.263203123457008,-0.108876929971315,1.26956635541013,0.939407362758877,1.0,1
102445,68207.0,-13.1926709562391,12.785970638298,-9.90665002092758,3.32033688288942,-4.80117593230105,5.76005855618556,-18.7508891580107,-37.3534426378925,-0.391539743919107,-5.05250236713858,4.40680552357904,-4.61075647740608,-1.90948796970811,-9.07271093398351,-0.226074450896345,-6.21155748212485,-6.24814535335983,-3.14924669470095,0.0515761185277783,-3.49304991519446,27.2028391573154,-8.88701714094871,5.30360690376998,-0.639434802306313,0.263203123457008,-0.108876929971315,1.26956635541013,0.939407362758877,1.0,1
102446,68207.0,-13.1926709562391,12.785970638298,-9.90665002092758,3.32033688288942,-4.80117593230105,5.76005855618556,-18.7508891580107,-37.3534426378925,-0.391539743919107,-5.05250236713858,4.40680552357904,-4.61075647740608,-1.90948796970811,-9.07271093398351,-0.226074450896345,-6.21155748212485,-6.24814535335983,-3.14924669470095,0.0515761185277783,-3.49304991519446,27.2028391573154,-8.88701714094871,5.30360690376998,-0.639434802306313,0.263203123457008,-0.108876929971315,1.26956635541013,0.939407362758877,1.0,1
102782,68357.0,1.23260446981971,-0.548931183157109,1.08787266901823,0.894081819978967,-1.43305489904701,-0.356797142170886,-0.717492197160233,0.003166531089953,-0.100396732730679,0.54318725600578,-1.03941706835478,0.285261608751792,-0.206006567752438,-0.498521775750102,-1.06410845071827,-2.1560365431533,0.564761098405632,0.837856659648528,-0.728989760343786,-0.576274061414969,-0.448670516618872,-0.517567967949267,0.0128333352729761,0.699216728009832,0.527257980520248,-0.322606503047991,0.080805437438631,0.0354271820131481,19.59,1
105178,69394.0,1.14043132434726,1.13424300279892,-1.42945474072655,2.01222598912655,0.622800198240135,-1.1529230868157,0.22115947772768,0.0373717733484629,0.0344859259841517,-1.87964382107016,2.19166507997652,-0.487849732811135,-1.75713709936308,-4.46105120749925,-0.402884205654366,1.4109171085787,3.61925125200524,2.28492676267757,-0.443999191918561,-0.0997118777920308,-0.367136001490949,-0.891627120817809,-0.160578066799212,-0.10832596200032,0.668374321480191,-0.352393242949003,0.0719927692746503,0.113684370071235,1.0,1
106679,70071.0,-0.440095203221886,1.13723897606434,-3.22707975693117,3.24229293383089,-2.03399815309639,-1.61841464754635,-3.02801259904704,0.764554819893569,-1.8019372093973,-4.7117686842189,4.66325458481107,-5.17173460782892,-1.62407024790733,-6.71387819491558,0.607986267670607,-3.27520749888835,-6.8238312134789,-1.35530868624906,0.291250739005026,0.895840844006848,0.764186724577691,-0.275577693085964,-0.343571526478397,0.233084829252444,0.606433640125543,-0.315433462199896,0.768290751269875,0.459623327730251,227.3,1
106998,70229.0,0.315641749332386,1.63677796226183,-1.51964988293973,4.02857099852445,-1.18679426720391,-0.789813099852487,-2.27980740468004,0.472987926704315,-1.65763500271185,-2.89499040084744,1.60198538284757,-2.82494562476694,1.26920363552044,-5.59136368933409,-0.974827287131074,-2.73779549628906,-4.9615343155062,-2.22479740778771,-0.136117269757132,0.388884849068478,0.345920750226663,-0.1080015945344,-0.165441941824109,0.279894580016653,0.808783092569154,0.117362632970147,0.58959490284462,0.30906407378289,3.79,1
107067,70270.0,-1.51251575792702,1.13313858781029,-1.60105247993576,2.81340096831714,-2.66450340578315,-0.310371093924795,-1.52089516380539,0.852995775116439,-1.49649450564954,-4.05629261571005,1.55375586796783,-2.74355135914945,1.50454067059684,-5.42878849870488,-0.0160171233729703,-3.72718761269833,-3.94629958919926,-1.68028644319238,2.30361261010114,1.24958556268985,0.729827756052255,0.48528591471162,0.567005413227757,0.323585691602658,0.0408708540928058,0.825813553299941,0.41448227186994,0.267265082454707,318.11,1
107637,70536.0,-2.27175453696818,-0.457654560738072,-2.58905463865543,2.23077826688105,-4.27898250263823,0.388610079538804,0.102485457456358,0.813127838070308,-1.0929208385062,-5.03202838566819,3.51034756034463,-2.22739840581069,0.656823927974733,-5.19918574342056,-0.128311029598493,-3.94352099869908,-3.82052232662867,-0.570821093891663,2.78338340771804,2.28575790271371,1.09634200952947,0.658398654570846,1.71167573455248,0.333540036403021,0.538591373646869,-0.193528512332835,0.258194100840055,0.247269213953463,824.83,1
108258,70828.0,0.196706751987779,1.18975728641634,0.704882217511495,2.89138777331251,0.0455553693851548,1.24573045976205,-1.19871420021049,-2.42161641083942,-1.23208864617238,0.324238886093679,-1.27393508028395,-0.868686295319925,-1.18194465496857,1.0275841718551,1.68813234484864,0.256215978185418,0.120608339589106,-0.0523460171330233,0.329826631850516,0.646616407050903,-1.32813178943378,0.189310618105111,-0.005524183595721,-0.814707739467747,0.400924279960331,0.286281378755055,0.135214945600326,0.257314769060283,0.76,1
108708,71033.0,-3.17081841545902,0.185734554774403,-3.39985157931162,3.76115529034876,-2.14804702797609,-1.59894442520531,-2.51956531805231,1.31621501070214,-2.40010611621824,-4.99341703829647,4.44719176626515,-5.29376010254684,-1.41957829927441,-6.42527621352443,0.914083034195792,-3.51519716625381,-6.34745330751181,-0.90351216582405,1.19160626766329,1.93225372509724,1.09205113380931,-0.0410804286307278,0.904395217733676,0.180015601586537,0.0499703397242655,-0.257099837784436,0.859281566487016,0.225924185725605,426.4,1
111690,72327.0,-4.19873460983989,0.194120636801706,-3.91758567828042,3.92074784640417,-1.87548574659158,-2.11893292738694,-3.61444510993627,1.68788446543007,-2.18987113590881,-4.68423332514029,4.37690666362302,-5.00744082816051,-1.30474507803596,-6.19247526385522,1.00240426741391,-3.31693430074553,-6.18883415213498,-1.04041264854272,1.23304434947994,1.0033504305956,0.801312235949018,-0.183000576489906,-0.440386862411508,0.292539411877521,-0.144967421927777,-0.251743981877142,1.24941367428483,-0.131524643545312,238.9,1
112840,72824.0,-1.11149523246612,-0.257575207100777,2.25020963478583,1.15267090326627,0.432904474488939,1.25412602800986,-0.58416279009186,-0.609681605347911,1.01460246273104,0.334532824069685,0.82637484441332,0.196886900487791,-1.88599349809323,-0.472025637126337,-0.578141395688259,-1.24300710102788,0.570459827436018,-0.159056766164096,0.407187527410462,-0.510613591931657,0.862912790109336,0.927825035064447,-0.343058085886885,-0.256268230425974,-0.600742165862083,-0.18033128765631,0.0267622260788268,-0.358335321215398,45.03,1
114271,73408.0,-2.86979494599423,1.33566696241079,-1.00953019777159,1.69388472852407,-0.741479894623347,-0.796772696354505,-2.61424187718441,1.06663646767929,-1.13549652218517,-3.9433368210052,2.57283021584331,-2.28866350030302,0.562084177710423,-5.33871420959882,-1.85325189141529,-2.619233053885,-5.23142512742468,-1.23485373672039,0.397308037124058,0.0115572104606548,0.528421372720921,0.228027080989586,-0.749297963439339,-0.0671789627433331,0.215792485177395,-0.453651011768872,0.349191042793996,0.198862268219404,16.48,1
116139,74159.0,-1.54878809850026,1.80869795041448,-0.953509033832342,2.21308539346999,-2.01572779170327,-0.913456844516923,-2.35601298316433,1.19716896702387,-1.67837405659509,-3.53865023182429,3.1020899271543,-3.99337305447702,-1.93741062327519,-3.82289410599595,0.830970110708369,-2.47535885382925,-5.21187516766885,-0.413871678166879,0.933262164554872,0.390785963777347,0.855138263312025,0.77474482148342,0.0590371520063436,0.343199807900813,-0.468937928609185,-0.278337986906642,0.625922215184372,0.395573378256676,76.94,1
116404,74262.0,-2.25053480921229,2.36575487772312,-2.95549117924385,0.0897905975142065,-2.83074456678034,-0.844461639207772,-0.174061560679368,-0.407138137833787,0.174216293591102,-2.9989262562074,2.60516857519668,-3.67771661422902,-0.961254636207547,-4.62948099682303,1.94218161282,-4.18037888438458,-4.60568646763486,-2.55718413666009,1.58958220191211,-0.48653714178381,0.256559618287662,-0.466245243122949,0.291104927494009,0.242566552797207,-1.27909371150404,-1.12353433717278,-0.630976512544474,0.326839204012689,311.28,1
118308,75033.0,-0.430330205681344,0.985632693552081,0.645789437298841,0.317131047127407,0.616332206255463,-1.34746245720975,1.0782335690849,-0.161518267508932,-0.492855874580938,-1.03963769713185,-0.39560772252726,-0.664683930228673,-0.985700496668287,-0.660967626671015,0.344105202877093,0.530852433867815,0.278141865207384,0.355529916892446,-1.08122326117298,-0.115281935429531,-0.0163780179250957,-0.207609058231514,-0.164119225784612,0.255280162145255,0.454797817761532,-0.505032215885219,-0.0394559687978208,-0.006357582233934,30.14,1
119714,75556.0,-0.734303155037818,0.435519332206195,-0.530865546585229,-0.471119606930407,0.643214386605141,0.713832369657908,-1.23457207133269,-2.55141159871634,-2.05772382572102,0.166830707878014,0.567551954604602,-0.85805991589575,-0.448067929957678,-0.264936238828755,0.88886293915465,0.838120616560385,1.42505965449185,-0.169664182600728,2.50202738858443,0.864536120628702,-1.00487737851609,1.15035358786928,-0.152555282700309,-1.38674463324096,0.0047160148280004,0.21914583821982,-0.0582573076118087,0.158047988697071,29.95,1
119781,75581.0,-2.86636370525907,2.34694943137396,-4.05330668845935,3.98335888025187,-3.46318571327039,-1.28095301603103,-4.47476383461874,1.21665528478137,-2.30982869782019,-5.51550707258062,3.04839203447565,-7.12825076846601,0.0059558009251745,-7.49518733635876,-0.25108802193356,-7.5680148993231,-12.2236328477344,-4.89517519350497,2.52496746940249,0.270013154062001,1.04973156228305,0.475840283409025,0.404480059350581,0.282029789710327,-0.506901095688855,-0.371741093052833,0.615256964379468,0.803162841917988,124.53,1
120505,75851.0,-4.79366743133161,3.41891065333381,-5.07444453285381,4.03598694267746,-3.52787459906065,-1.92324150219959,-5.06598083804842,1.99688475994042,-3.09737916358313,-6.44720227383046,3.77557843937585,-7.49878345527601,0.231306922054262,-8.65826843157538,1.34330765668858,-6.17333085967808,-10.7080182544535,-3.50489419159365,1.88404425730219,0.342122343012083,1.16861781897539,0.289530903898366,-0.371888203724815,0.144761276597316,0.0847348250689305,-0.19743147093529,0.328671522253493,0.835394921353057,99.85,1
120837,75978.0,-5.14072311805277,3.56875123426923,-5.89624545735196,4.16471993013258,-4.09119263947502,-1.98996029061886,-5.47243601705169,2.42282066166249,-2.90973525837833,-6.28780335064533,3.70431215185119,-7.26754953396678,0.329269938095914,-8.45897495556967,1.35448720090917,-5.9762209822112,-10.5760149147501,-3.52516124688807,1.73797600497073,0.318995199686566,1.13113028151049,0.118021510216711,-0.332704205017834,0.139940733895169,0.324757896441424,-0.180769130367976,0.177810382911191,0.661555355551591,99.9,1
122479,76575.0,-5.62246941906299,3.48062317879011,-6.20067659397487,4.31123366835313,-5.22628632428769,-1.34176357284987,-5.22094094197327,2.68284353707778,-2.92148438224053,-6.56125741097377,3.21126387844398,-6.86166051434144,0.326461834627394,-7.7552536640417,0.50465219263742,-6.27661678567251,-10.6117146970978,-4.14677374512684,2.19728771323892,-0.156288522686099,0.949568986169808,-0.428985749759671,-0.35067550041691,0.197549503550848,0.15923422951036,-0.377790861014248,-0.213561786254573,0.459528918054306,219.8,1
123141,76826.0,-6.61629292560656,3.56342789803106,-7.05890129814843,4.28434595524384,-5.09629887292392,-1.76861780360559,-4.93755412732933,2.74845954534783,-3.79675959454545,-6.8254901042394,3.25959475409854,-6.94389061823948,0.43597516308899,-6.94701030902337,1.01100406527995,-6.16683742461485,-10.564346602529,-4.01018815310236,2.14350179519978,-0.54163415582255,1.21597610572025,0.0411777442210425,-1.05909770217904,0.275662062254882,0.057424927985318,-0.265838484019501,-0.514636936427821,0.388590269335523,254.76,1
123201,76845.0,1.141572041228,1.29119504187036,-1.43290045302393,2.05820222243243,0.940823737515849,-0.958273875563986,0.391154204412105,-0.0925192025989645,-0.0328285936060586,-2.15530254380865,1.0804386160969,0.0444153214634158,0.441176590070526,-5.05382476474338,0.315185256694669,0.821195361600931,4.02736603913411,1.07797898032715,-1.10727585500251,-0.0059125766066523,-0.366507064917023,-0.714464900739845,-0.14391066716844,-0.305177619493244,0.697514060032721,-0.312544722619217,0.106247471401345,0.125059863331359,1.0,1
123238,76857.0,1.14020795371139,1.15643107873873,-1.47157796740819,2.07627840454674,0.774809058745551,-1.00253195191231,0.264947929409663,0.0131622605764724,0.248835339320523,-2.10066651278309,0.763204840843787,-0.94491647902938,-1.41903447142202,-4.68361969585018,0.51928230124953,0.908454083367609,4.13366666889167,1.30620452511785,-1.09471647432252,-0.125097258302807,-0.387894980568907,-0.866811936205838,-0.121582639900783,-0.356108586349469,0.634572810783188,-0.306311023397994,0.0940868179231164,0.121064728484123,1.0,1
123270,76867.0,1.08256623409747,1.09486151295003,-1.36702004784737,2.01255429562949,0.708142047645968,-0.807712094137058,0.151952109111841,0.158352530916403,0.0098722842273316,-1.92527812380296,2.60593702345612,-0.309218873424363,-1.76754891562268,-4.42919458671376,-0.171939794624445,1.05551393649543,3.9705869371836,1.76224857169611,-0.880812102847679,-0.135789404251701,-0.32528376499397,-0.734343617700577,-0.106725343342181,-0.224999064492694,0.569167327221417,-0.33503264926341,0.0891401408869493,0.11233722000597,1.0,1
123301,76876.0,-1.29835900258265,1.07967115744319,-0.180677930886891,1.28783908383189,1.85827347944352,-2.22369500209375,0.525166986044906,-0.0968743110676978,-0.168893374133313,-2.544410418956,0.706999574201444,-0.835695915134352,-1.02211731659325,-4.99399178918475,-0.455706843211384,1.31536513941655,3.63919954823548,1.62342609471098,-1.53933883157799,-0.18757199362802,-0.332983053581271,-0.851270427572191,-0.370799798865314,0.29824168728035,0.442929877216587,-0.522832450531743,0.0001048565072203,0.135698346061769,1.0,1
124036,77154.0,-0.715413746430203,0.608590312773943,1.15550089022062,-0.267565092666965,-0.563747540811752,-0.618897959603515,0.698307698659261,0.0698369023541396,-0.133341030527008,-1.02533539256113,1.50062918076179,-0.417898026653376,-1.59029515148629,-1.07499904137371,0.288234297659522,1.37776850908719,0.22388685433899,1.31107267514226,-0.896071786353489,-0.186977992930248,0.130748607589043,0.239389294462508,-0.0902274074581911,0.411572390517299,-0.216125965872995,0.353896329216255,-0.0623612631790606,0.0084330017316634,129.0,1
124087,77171.0,1.11855963468941,1.29185826269199,-1.29880532614411,2.13577170090141,0.77220369761071,-1.14729144173341,0.390577698285265,-0.107072317539989,-0.0383392686455211,-2.15251889070952,1.35275258963919,0.092848590126307,0.273152694590986,-5.01220235869184,0.303552415334761,0.731437272149243,4.15208557256771,0.985358288437165,-1.22925431837217,-0.0235757902669068,-0.346373779572415,-0.663587986293548,-0.102325808556082,0.0179105750224893,0.650301613577378,-0.332365629546077,0.105948676665863,0.12812372864866,1.0,1
124115,77182.0,-1.41085190223088,2.26827061391536,-2.29755364869312,1.87133052690782,0.248957097554545,-1.20879869131782,-1.35864849113679,1.10291613180529,-1.31736377078276,-4.62691916410905,3.35763973653551,-2.99881490434833,-1.95678634545881,-6.76663337149207,-0.869899592420961,-0.868576751992314,-0.370333268936992,0.419265507331837,-0.894893657235367,0.0580625903425241,0.155380926745126,-0.614880421672272,-0.196125537805858,-0.464375543427361,0.118473100986687,-0.484537034984231,0.373595915880442,0.187657248903867,1.0,1
124176,77202.0,-0.356326154090313,1.43530513012275,-0.813563965472736,1.99311717679272,2.0558775401316,-0.54357866590526,0.487691066602944,0.0854488054265826,-0.536351998021526,-2.23120932812687,0.273983570211148,-0.535839387011391,0.595677221650834,-5.14182349291966,0.732366764261792,0.623912780633594,4.09098324669186,1.63408402811385,0.26084733041578,0.303261648412104,-0.312862941766726,-0.687873797330169,-0.267002508610821,-1.15848006325515,0.271459963711122,-0.155397186179697,0.114328416432227,0.101525594435204,1.0,1
125342,77627.0,-7.13906006793885,2.77308160372497,-6.75784506920828,4.44645597412376,-5.46442818500108,-1.7134014508064,-6.48536540922127,3.40939479860676,-3.05349271362056,-6.26070551479114,2.39416766551329,-6.16353737959229,0.60285052085239,-5.60634642932959,0.206621733749977,-6.52508103976033,-11.4083675448063,-4.69397773642436,2.43127449162965,-0.616949301183343,1.30325030896469,-0.0161181523663711,-0.876669888453567,0.382229800649027,-1.05462388774771,-0.614606036944453,-0.766848111948171,0.409423944116944,106.9,1
128479,78725.0,-4.31247908052279,1.88647569827836,-2.33863356144698,-0.475242891532036,-1.18544386151204,-2.1120788975769,-2.12279296550593,0.272565132222544,0.290273064048255,-3.8337413849476,2.50978140392157,-3.61123136485112,-1.02429952994167,-5.29192495475268,1.6498073488757,-3.26265841898301,-4.33311795972043,-1.86304896791862,-0.0095336065683719,-0.718705614884897,0.550540662080627,-0.0678702198276179,-1.11469186343039,0.269069433187685,-0.0205724593187757,-0.963488862263668,-0.918888353795928,0.0014535621767338,60.0,1
131272,79540.0,-0.114360703589856,1.03612940153875,1.98440526119199,3.12824327369048,-0.740343559582751,1.54861869623,-1.70128395465886,-2.20384174839674,-1.24226477538834,0.269561809170344,1.29341829662131,0.933215784460268,-0.135325960632637,0.521483689902165,0.386884188055331,0.0598689535627266,0.306339379229928,0.265051988857439,0.223718288348024,0.732852498432027,-1.03293465200213,1.19642831010463,-0.112856718234204,0.254718993156121,0.69666788609654,0.482370416673402,0.129969314476127,0.223924333790406,0.2,1
135718,81372.0,-0.88525408859895,1.79064923163963,-0.945148961205205,3.85343274655953,-1.54351007486649,0.188582114329739,-2.98838275644296,1.34405855095688,-2.29453470924744,-1.88617599041763,1.90428359307622,-4.00241403073237,-0.936955588407958,-2.80191542309724,0.798328052783254,-2.34873992555213,-6.42673430721498,-0.827308425201024,1.73238175785046,0.370040520565647,0.746159905151139,0.550802011985416,-0.0348823420887786,-0.56760840448119,-0.528317952733951,0.258782456503747,0.506892694941992,0.176735548819463,7.57,1
137705,82289.0,-1.46489654758402,1.97552752738073,-1.07714453940265,2.81919063998449,0.069850228405671,-0.789043629709432,-1.19610144945515,0.673654375004339,-1.36372387646135,-2.9328952580311,0.301368829965399,-3.24614143685335,-0.465640147552938,-5.42936187944371,-1.30498291640657,-0.953623442669269,-2.72734300093373,-0.63643691865914,-0.927124072666602,0.048968800272123,0.174099465690177,-0.272505290211891,-0.0315494503920774,-0.406165929676999,0.157768979757404,-0.104392920359594,0.0737955599806211,-0.0415702518454821,1.0,1
140786,83934.0,-0.433222446537596,2.42837911824053,-3.99645439738162,4.87129854095106,-1.7963078560437,-0.586867589935922,-4.65454261848565,1.28522967071729,-2.74353881589949,-5.63894131284807,4.3437434980468,-6.65573446968769,-0.293108662762872,-9.50514082568186,-1.39614905931922,-4.85032315924603,-10.0062528282393,-2.78959811229388,0.98258385892977,0.745029329890697,0.713558821786954,-0.408953595906886,-0.320889532152165,-0.804230275167984,0.962851575679124,0.199558010666927,1.09453318209808,0.541147567735467,1.0,1
141257,84204.0,-0.937843305478391,3.46288948991687,-6.44510395393435,4.9321986662268,-2.23398306982245,-2.29156112129773,-5.69559392853253,1.33882463362261,-4.32237655329329,-8.0991193981365,7.18296700883659,-9.44594338249901,-0.314619967520224,-12.9914655817567,-0.136358931959623,-6.36752437517144,-12.7343938853776,-3.84512965889743,1.00766725992114,1.12953228130351,1.06655024941577,-0.521657289347299,-0.319917292909547,-0.405859088093617,0.906802159957716,1.16578389011737,1.37449533233535,0.729889341911333,0.0,1
141258,84204.0,-0.937843305478391,3.46288948991687,-6.44510395393435,4.9321986662268,-2.23398306982245,-2.29156112129773,-5.69559392853253,1.33882463362261,-4.32237655329329,-8.0991193981365,7.18296700883659,-9.44594338249901,-0.314619967520224,-12.9914655817567,-0.136358931959623,-6.36752437517144,-12.7343938853776,-3.84512965889743,1.00766725992114,1.12953228130351,1.06655024941577,-0.521657289347299,-0.319917292909547,-0.405859088093617,0.906802159957716,1.16578389011737,1.37449533233535,0.729889341911333,0.0,1
141259,84204.0,-1.92745281973369,1.82762056700016,-7.01949468454197,5.34830323951426,-2.73918788004738,-2.10721929638307,-5.01584797563431,1.20586815982046,-4.38271250852199,-8.33770697381781,7.19030608944843,-9.42484446049178,-0.223292646427513,-12.8754942229841,-0.071918160688794,-6.2999613976222,-12.719207160428,-3.74017615583058,0.844059610296466,2.17270905626492,1.37693832294098,-0.792016725563067,-0.771414187530036,-0.379574271539528,0.718716522008066,1.11115125599517,1.27770725705846,0.819081152045361,512.25,1
141260,84204.0,-1.92745281973369,1.82762056700016,-7.01949468454197,5.34830323951426,-2.73918788004738,-2.10721929638307,-5.01584797563431,1.20586815982046,-4.38271250852199,-8.33770697381781,7.19030608944843,-9.42484446049178,-0.223292646427513,-12.8754942229841,-0.071918160688794,-6.2999613976222,-12.719207160428,-3.74017615583058,0.844059610296466,2.17270905626492,1.37693832294098,-0.792016725563067,-0.771414187530036,-0.379574271539528,0.718716522008066,1.11115125599517,1.27770725705846,0.819081152045361,512.25,1
142405,84694.0,-4.86810843844627,1.26441977404559,-5.16788542660662,3.19364784504611,-3.04562137708228,-2.09616609885545,-6.44561018266068,2.4225355920307,-3.2140554159387,-8.74597261185534,5.41604190908794,-8.16412507731485,-0.165010607208302,-10.1935303551514,-1.89521031032574,-7.36047460938421,-14.6687710766351,-4.87711900477519,1.38560952778492,0.66730977994879,1.26920538901712,0.0576572516592633,0.629307399675982,-0.168431773502721,0.443743902404587,0.276539471570389,1.44127396787951,-0.127943726430018,12.31,1
142557,84789.0,-1.43086372778891,-0.802528699267131,1.12332029999445,0.389760264731692,-0.281213534404278,-0.055123492429819,1.32623248909333,0.195699815379613,-0.546889550453909,-0.71347376073502,1.27462907751277,0.0236821347785728,-1.52169610821701,0.727242085814848,0.166504662441577,0.348037591565135,-0.5663900830288,0.216016101767291,-1.14037564250718,0.634184289933654,0.325575470468413,0.0140018451191784,0.844946015847872,0.114962884542335,0.156364810543393,-0.619437446641754,-0.120351072821334,0.0355941733717493,354.33,1
143188,85181.0,-3.00345942213401,2.09615030972986,-0.487030347865578,3.06945315960973,-1.77432868427117,0.251804209642436,-4.32877649482139,-2.42547814428288,-0.985222033510513,-3.99521073403213,1.8806015528528,-2.32517912777326,0.636458662971611,-5.41749934539643,-0.262909464785021,-3.81808566437699,-3.70070702592749,-1.99141207812339,0.779950535234061,0.692537380835205,0.163966694003732,1.24564832133152,-0.269241340185825,0.537102119409512,-0.220756683145222,-0.0595547732936557,0.460709677482052,-0.0335506071081744,2.0,1
143333,85285.0,-7.03030814445441,3.42199090467553,-9.52507177254752,5.27089100906596,-4.02463027558805,-2.86568161775739,-6.98919473439446,3.79155093755913,-4.62273033596451,-8.40966487562735,6.30904400603177,-8.57676143258937,0.246746716929862,-11.5340460181508,-0.3642651387587,-5.45249465771382,-11.8875700201872,-3.56358481007011,0.876018768156628,0.545698040621445,1.10339774484256,-0.541854751589521,0.0369432219896495,-0.355519004066217,0.353634382097,1.04245799282131,1.35951563156376,-0.272188101257294,0.0,1
143334,85285.0,-7.03030814445441,3.42199090467553,-9.52507177254752,5.27089100906596,-4.02463027558805,-2.86568161775739,-6.98919473439446,3.79155093755913,-4.62273033596451,-8.40966487562735,6.30904400603177,-8.57676143258937,0.246746716929862,-11.5340460181508,-0.3642651387587,-5.45249465771382,-11.8875700201872,-3.56358481007011,0.876018768156628,0.545698040621445,1.10339774484256,-0.541854751589521,0.0369432219896495,-0.355519004066217,0.353634382097,1.04245799282131,1.35951563156376,-0.272188101257294,0.0,1
143335,85285.0,-6.71340697159693,3.92110415204576,-9.74667821737542,5.14826254938013,-5.15156271985187,-2.09938865681113,-5.93776683170198,3.57877960420447,-4.6849517505833,-8.53775768653457,6.34897930341209,-8.68160893168352,0.251179384774619,-11.6080022570993,-0.351568782034355,-5.36356643348466,-11.9390915052116,-3.58360287020043,0.897402406121681,0.135711322729059,0.954272201927517,-0.45108644858101,0.127214424071711,-0.339449869297565,0.394095513633807,1.07529509891805,1.6499059092424,-0.394905372194808,252.92,1
143336,85285.0,-6.71340697159693,3.92110415204576,-9.74667821737542,5.14826254938013,-5.15156271985187,-2.09938865681113,-5.93776683170198,3.57877960420447,-4.6849517505833,-8.53775768653457,6.34897930341209,-8.68160893168352,0.251179384774619,-11.6080022570993,-0.351568782034355,-5.36356643348466,-11.9390915052116,-3.58360287020043,0.897402406121681,0.135711322729059,0.954272201927517,-0.45108644858101,0.127214424071711,-0.339449869297565,0.394095513633807,1.07529509891805,1.6499059092424,-0.394905372194808,252.92,1
143728,85573.0,-1.7567118508365,3.26657425418237,-4.15338789695403,3.92452561357555,-1.7537718434176,-1.0057867792296,-4.31321717578502,1.56071190324579,-3.29567366751075,-6.2133552491157,4.52299197543382,-6.6528440527591,-0.12468523386066,-8.60448620191387,0.110359314846888,-5.94548061159606,-9.33893779428438,-2.39019258818085,3.18415235636348,0.874720103498016,0.911427441871296,0.0530612807310541,-0.367700953962814,-0.776337755840596,0.292093831084717,0.025999713844171,1.0629681996854,0.501148168228208,1.0,1
143731,85576.0,-2.20763091845218,3.25907610397605,-5.43636546967173,3.68473739367705,-3.06640091036945,-0.671323195313701,-3.69617839443207,1.8222724578951,-3.04965272773018,-6.35388725151755,4.35148149710451,-6.4532473302497,-0.0614319367541572,-8.44287285721034,-0.328820639839654,-5.44079518325917,-9.5180378916264,-2.43806861829455,2.33675362049059,0.808336360421968,0.920899033968287,0.0376745089378149,0.026753977510545,-0.791488823729947,0.176492777047381,-0.136312279131778,1.08758482385547,0.373833528935625,240.77,1
144104,85864.0,-3.36526491864606,2.92854110729003,-5.66099919906905,3.89115992835328,-1.84037510965314,-1.80088720390662,-5.55867935318221,2.40232168278639,-2.84892272106495,-5.99567612703198,4.22130410784879,-6.11966735264192,0.0230135705891201,-8.14932178394224,-0.301351931335019,-5.37528289323615,-9.31500138499105,-2.48756256913711,2.35591891159776,0.57637946532203,0.875260063301294,-0.102501391250503,-0.606282749133978,-0.743164794295893,0.096318936065612,-0.135060497401362,1.23869473001415,0.0998237563444676,1.0,1
144108,85867.0,-3.58696386180132,2.60912703784891,-5.56857720803735,3.63194695349796,-4.54358971050144,-0.15789907530677,-4.08912766842153,2.41730514407718,-3.23990097529344,-5.822449155685,3.36918605153883,-5.69192578583088,0.287371390782189,-5.41378669142638,-0.555549924912204,-5.86366171303999,-11.1432410242579,-3.48093955285599,2.79433340410919,-0.178533964286313,1.02442283357462,0.428756482022381,0.182032121144153,-0.534597882665306,0.16893349468844,-0.149843614233619,0.685517241438814,-0.299728379437129,310.42,1
144754,86376.0,-0.670238130057305,0.94520635153406,0.610050626297701,2.64006508673377,-2.70777462644103,1.95261056051566,-1.62460819938343,-5.22990786160988,0.21020202822781,-2.06990438955593,-0.529805728295342,0.999716276092526,-0.0861120244186652,-1.50855714024168,-0.450669492347937,-0.328387382736473,2.27027117814029,0.709666017682026,0.913175997078955,1.4749287568126,-2.50445018690737,1.43647237841825,0.351542386126581,0.648466904268149,0.579681417358758,0.0757375933335965,0.346717084034013,0.282208626038179,323.77,1
145800,87202.0,-0.41982017420894,-1.15597800832635,-2.09251550244986,2.78675032975706,0.736296592040403,-0.167291965690249,1.60002746290919,-0.117426851332358,-0.796953814299879,-0.133950251206468,1.03303201224459,-0.284367998317494,-1.20827980965211,-0.429211904447448,0.248945360461687,-0.928921529997167,1.67998551904683,1.31533886586358,2.22616065557659,1.27535802653094,0.48063971759843,0.533516931196614,1.28464540597639,0.516131270391061,-0.60294109971583,-0.305023689896282,-0.0213631449369425,0.129096385608294,451.27,1
146790,87883.0,-1.36029263351035,-0.45806896998712,-0.700403917726715,2.73722917151503,-1.00510597388675,2.89139936351597,5.80253735302589,-1.93319735249124,-1.01771714252211,1.987861862693,0.504116141204789,-0.863430853145281,-0.184450076491427,-1.01691553500414,-1.55941019827384,1.15431268558106,-2.04385766822656,-0.151698807119589,-0.94351353548825,-1.49340137472525,-0.936989532415364,-0.0538115862306455,0.580105893889531,0.216927302487974,0.151642929701357,-0.33211456915886,-0.469800301881959,-1.495005896766,829.41,1
147548,88672.0,-3.85988078691481,2.63288131193679,-5.2642653095088,3.44611314661501,-0.675231056544998,-1.90495945391597,-3.2910408690196,-0.985766040904484,-1.16811416733417,-3.93629417027159,4.25656448730292,-6.60065448140166,0.0056263764660214,-9.9585309187018,2.47135790380837,-5.7001414199952,-6.38809273753128,-1.83815930102503,2.99317350708135,-0.178626358366056,1.66411901528299,0.785075271950043,0.0684124857414983,0.778960915978384,-0.863165919910699,-0.0068096144164965,-1.06573404007904,1.77332644564776,1.18,1
147605,88737.0,1.91782653091941,0.951966571156228,-2.05920551344214,3.83399771227534,1.66819219140891,0.769825697337707,0.23246305671161,0.107940567202011,-1.14364568858013,0.541699242973355,0.301977229683697,0.257697090947377,0.709147651977866,-2.420715975085,-1.99774018079568,1.50669615001484,0.799832475247662,1.16276426158317,-1.15062735713932,-0.115922317627863,0.0152553539964535,0.239994342022941,-0.111915984520572,-0.380575889863537,0.370994788995014,0.189116547062326,-0.0058232806791896,-0.0121050906997506,9.21,1
149145,90676.0,-2.40558049004183,3.73823496480673,-2.31784304058402,1.36744244056479,0.39400112765787,1.91993798476143,-3.10694204753682,-10.7644025337266,3.3535248599039,0.369936028027435,0.382172176843061,-2.26293253493218,1.21060458321664,-1.88061870491121,-0.934160416330735,0.235476804417352,3.32156931100987,1.90627082950488,-0.581355690647057,-2.14087382269319,10.0059980130045,-2.45496409501601,1.68495694696092,0.118263083149952,-1.53138011163519,-0.695307571119466,-0.152501562016877,-0.138866256312262,6.99,1
149357,91075.0,-1.85506070184998,1.55496360697718,-1.40580882850107,0.669327345741316,-0.280229520106465,1.17865246733203,-3.45997906611492,-2.81515495312599,1.24222876512242,-4.15635447965382,2.20944075185923,-5.12231410931103,0.66129710617156,-3.10393771952109,-2.41086973192388,-2.42501563217886,-3.96062268909989,-0.125017788038036,0.60039728842723,0.536916458029193,-0.0953083066630984,0.94662891847112,-0.297402959067305,-0.368343891207103,0.198731156287359,-0.0785905919566464,0.366709355889324,0.0737667168278096,38.76,1
149522,91407.0,-3.95120850670532,2.88180518239049,-6.42149029451106,2.43418142416554,-1.32732453838007,-2.12210598673342,-3.2275333300383,-0.68556047558208,0.775985124963588,-4.72309174576035,4.921657447038,-8.75277008726404,1.52019774197935,-8.5520227319441,0.351975957711389,-4.5340297530839,-6.46540863418339,-1.89030997911689,0.174840185624481,-0.669351428982036,1.41047856462921,0.279402820830601,0.570821171370176,0.65627101478476,-0.298600548903483,-0.407571358894306,-1.37870253026193,1.37913029153249,52.69,1
149577,91502.0,0.0073790751145725,2.36518252886777,-2.60028738169342,1.11160176466249,3.2764413263667,-1.7761407852846,2.11453088108345,-0.830084106599812,0.900489974281822,-3.37617706712688,2.05681205985716,-3.9842567303491,1.02196791340796,-5.96790496861639,-1.15160831490592,1.67973960141233,5.58611468683053,2.78913115591619,-2.24107485298106,-0.0063884972816308,-0.563944162060269,-0.902099515410175,-0.404382448597275,-0.0129439005065412,0.589836154947909,-0.734449052212668,-0.447529183217452,-0.362374775122343,1.0,1
149587,91524.0,1.95485173775774,1.63005630331209,-4.33719968092597,2.37836729179698,2.11334786136033,-1.58385066673113,0.65374545254113,-0.192892012453504,1.21760825458778,-2.8290982053899,3.50456779253823,-3.9181998797616,-1.01579192974001,-4.7045087050312,-0.968553075532043,1.85477191713001,6.02439676670687,3.53125033477791,-1.1962847755939,-0.230640095367639,-0.474437304644058,-0.974624666273666,-0.0481545042172499,-0.0235242678879109,0.362192024107476,-0.570709266940076,0.0256187202949634,0.0818803891570235,1.0,1
149600,91554.0,-5.10025566317088,3.63344238024837,-3.84391862443125,0.183208447320966,-1.18399737637674,1.6021393332506,-3.00595315203476,-8.64503780175356,1.28545810732477,-3.71748137540216,3.71921153916465,-5.03402974701745,0.918999158233287,-4.22036591807154,-1.05049995739584,-1.69104526842648,-2.37242320724166,0.450098503348706,0.407805060819919,-2.80630192287329,8.28043932580154,-2.79714954096118,1.09070659271567,-0.159259597476933,0.532156369375709,-0.497125808167425,0.943621624807946,0.553580691756943,261.22,1
149869,92092.0,-1.10847821852891,3.44895257232738,-6.21697180605649,3.02105161812575,-0.529900931709915,-2.55137517507643,-2.00174290819286,1.09243237369483,-0.836098368778531,-4.09564897273592,2.42595071598052,-6.06726194524698,1.83243272022382,-3.50170251648822,-1.00400820464185,-3.5012811030282,-2.941876323532,-1.12574106196719,0.37371480785248,-0.0685983809223332,0.825951491439622,1.14416978988846,0.208559481945769,-0.295497424488562,-0.690232196243341,-0.364749075788586,0.229327220125504,0.208829891689567,18.0,1
149874,92102.0,-1.66293711018596,3.25389242362715,-7.0404847120185,2.26645647990886,-4.17764891282786,-0.746924828187599,-0.248336733243902,1.09115651568673,-0.307137450847617,-5.56794705115052,2.71273940377591,-5.94840312668093,2.14472605490538,-4.21175592358692,-0.137195538810617,-2.63940913979839,-2.53235540606601,-0.667067027160165,0.626059293435215,-0.842178336511866,0.450381285220709,0.521161529635377,0.308325446158517,-0.318011840652356,-1.25536156975299,-0.691963403718384,0.264878381232973,-0.130444804408444,600.73,1
150601,93742.0,-3.29112509261551,4.4011941515981,-8.39421162258901,4.45357956949695,-4.79005451824953,-4.24018208232724,-9.21900099642753,1.97402995723142,-2.91294270907847,-13.540168238225,9.41303953977606,-18.0475965708216,-0.728186553999085,-15.3930448312636,0.3494850489774,-13.30388757707,-21.2979057823155,-7.26231079476482,2.27422550991903,1.4908691418867,2.10234346771868,0.597370314627801,-0.328086184026121,0.445752402449364,0.585280580866405,-0.399005421878678,2.11600444233121,1.05074380386505,1.0,1
150644,93823.0,-3.82193880087939,5.66724730913206,-9.24496345774236,8.24614693395311,-4.36828608664298,-3.45073451820581,-8.42737802930292,2.30560850484611,-5.33807918394682,-12.0111608836062,8.62125508140256,-18.6837146333443,-0.962073428413392,-15.2976561861343,-2.41413212341002,-12.105602245184,-21.3381950868483,-8.04543571561822,0.15601503277122,1.11524688892983,1.99051970513882,0.0833533215963405,-0.0622635530228708,0.390187802079359,0.329883884451897,0.0980170825531413,1.86957016296191,1.00084956292018,75.86,1
150647,93824.0,-3.63280894927825,5.43726336227612,-9.13652148062595,10.3072263079132,-5.42183029451154,-2.86481514933136,-10.6340876212042,3.01812657999175,-4.89164032107494,-11.2350479111446,8.78878366710272,-18.5536970096458,-0.339533407676443,-15.6231873302985,-0.188978574214972,-12.4279613630565,-20.1590474539227,-6.88889109280947,2.58609321670737,1.35406479520345,2.30988016889674,0.978660126299279,-0.0961301444473713,0.432376722544823,-0.435627929953396,0.65089278643537,1.69360750804844,0.857685371687245,8.54,1
150654,93834.0,-3.7656801220835,5.8907352377921,-10.2022676310229,10.2590359766218,-5.61144841660942,-3.23537557925717,-10.6326834778618,3.27271632618119,-5.26890524285018,-11.1821254546586,8.87947566765026,-18.4311310279993,-0.232822027713119,-15.0216572999306,0.141186252914787,-12.1863624982841,-20.1655673800665,-7.05165135326307,2.50082720798487,1.19413732146866,2.24560593428534,0.546320674537693,0.381853427747185,0.382024544024505,-0.82103649456311,0.394355120127285,1.4129609931535,0.782407053763083,0.01,1
150660,93853.0,-6.18585747765758,7.10298492227346,-13.0304552638937,8.01082339822486,-7.88523736131971,-3.97454999359808,-12.2296077786617,4.9712317023058,-4.24830701294998,-12.9654812039222,8.68830799242781,-17.1829184301947,0.0695769150313325,-14.1161560074304,0.959031717400206,-12.3753337375636,-18.716764511809,-6.52201457322122,3.51795494036344,0.483930108481186,2.50277241039945,0.481691289576756,0.480957977547458,0.360318638811951,-0.293354295977635,-0.199193157971208,-0.203917328209747,0.398927185850218,44.9,1
150661,93853.0,-6.18585747765758,7.10298492227346,-13.0304552638937,8.01082339822486,-7.88523736131971,-3.97454999359808,-12.2296077786617,4.9712317023058,-4.24830701294998,-12.9654812039222,8.68830799242781,-17.1829184301947,0.0695769150313325,-14.1161560074304,0.959031717400206,-12.3753337375636,-18.716764511809,-6.52201457322122,3.51795494036344,0.483930108481186,2.50277241039945,0.481691289576756,0.480957977547458,0.360318638811951,-0.293354295977635,-0.199193157971208,-0.203917328209747,0.398927185850218,44.9,1
150662,93853.0,-5.83919161928092,7.1515323543223,-12.8167600806187,7.03111476501099,-9.6512721679897,-2.93842725771624,-11.5432071690832,4.84362653179436,-3.49427572506535,-13.3207888671784,8.46024444901677,-17.003289445516,0.101556614891384,-14.094451660329,0.747030766392512,-12.6616957230679,-18.9124938172188,-6.62697484523061,4.00892074227194,0.0556838813863639,2.46205591127559,1.05486518382957,0.530480596078193,0.472669814042592,-0.275997967880675,0.282435024801752,0.104886020210564,0.254417096767513,316.06,1
150663,93853.0,-5.83919161928092,7.1515323543223,-12.8167600806187,7.03111476501099,-9.6512721679897,-2.93842725771624,-11.5432071690832,4.84362653179436,-3.49427572506535,-13.3207888671784,8.46024444901677,-17.003289445516,0.101556614891384,-14.094451660329,0.747030766392512,-12.6616957230679,-18.9124938172188,-6.62697484523061,4.00892074227194,0.0556838813863639,2.46205591127559,1.05486518382957,0.530480596078193,0.472669814042592,-0.275997967880675,0.282435024801752,0.104886020210564,0.254417096767513,316.06,1
150665,93856.0,-6.75050851563533,5.36741605145469,-10.0546349530569,9.06447791765316,-7.96811808353808,-2.26379841398236,-10.317566180676,4.23766573099145,-5.32410880613734,-11.0923923688428,7.15408284221914,-17.1504052507291,-0.0953992277686904,-11.0301103643432,-1.95905455483077,-12.4485623424367,-22.6679054064789,-9.26460873295655,1.9823563171714,-0.0812198922441237,1.90903201764938,-0.34873973066671,0.425000563135111,0.674908669807175,-0.784208393488163,-0.247422102935353,1.1595813739152,0.197817874685768,209.65,1
150666,93860.0,-10.8502815883108,6.72746568826853,-16.760583409542,8.42583167857118,-10.2526968683093,-4.19217104406337,-14.0770860104531,7.16828793346092,-3.68324217370244,-15.2399619587112,8.03070840755191,-16.0603057628826,0.270529742348469,-14.9529810390579,-0.241094883743813,-11.866730636746,-15.4869899240937,-5.74865155747378,4.1300314273319,-0.646818272966729,2.5416369467068,0.135534921100722,-1.02396689219897,0.40626452579196,0.106592778669641,-0.0262323892202069,-1.46463002356247,-0.411681819907858,78.0,1
150667,93860.0,-10.8502815883108,6.72746568826853,-16.760583409542,8.42583167857118,-10.2526968683093,-4.19217104406337,-14.0770860104531,7.16828793346092,-3.68324217370244,-15.2399619587112,8.03070840755191,-16.0603057628826,0.270529742348469,-14.9529810390579,-0.241094883743813,-11.866730636746,-15.4869899240937,-5.74865155747378,4.1300314273319,-0.646818272966729,2.5416369467068,0.135534921100722,-1.02396689219897,0.40626452579196,0.106592778669641,-0.0262323892202069,-1.46463002356247,-0.411681819907858,78.0,1
150668,93860.0,-10.6323749061596,7.25193622855414,-17.6810718207918,8.20414440620562,-10.1665907519072,-4.51034377036334,-12.9816061559658,6.78358879797499,-4.65932958355558,-14.9246547735487,8.38914233451929,-16.4655039422141,0.33851695978655,-14.224403603167,0.556584472572111,-11.683998043525,-15.8416159780561,-5.75319975278369,3.81304079276336,-0.810146481561289,2.71535704420309,0.695602689761576,-1.13812206664164,0.459442241911828,0.386337323495895,0.522438449202614,-1.41660373652915,-0.488307035713995,188.52,1
150669,93860.0,-10.6323749061596,7.25193622855414,-17.6810718207918,8.20414440620562,-10.1665907519072,-4.51034377036334,-12.9816061559658,6.78358879797499,-4.65932958355558,-14.9246547735487,8.38914233451929,-16.4655039422141,0.33851695978655,-14.224403603167,0.556584472572111,-11.683998043525,-15.8416159780561,-5.75319975278369,3.81304079276336,-0.810146481561289,2.71535704420309,0.695602689761576,-1.13812206664164,0.459442241911828,0.386337323495895,0.522438449202614,-1.41660373652915,-0.488307035713995,188.52,1
150677,93879.0,-13.0865194204794,7.35214833905529,-18.256576111808,10.6485054461688,-11.7314764509112,-3.65916740569145,-14.8736579646075,8.81047267511276,-5.4182040716445,-13.2025771482197,6.35722736343626,-15.5316111795156,0.659694875353275,-11.4123295951252,-2.44757607431839,-9.83374302098841,-18.1746174349071,-7.269904593126,0.623796611777714,-1.37629840858733,2.7611570593153,-0.266161809571132,-0.412860724865388,0.519952215674181,-0.743908960008006,-0.167808225140728,-2.498300252188,-0.711066151912636,30.31,1
150678,93879.0,-13.0865194204794,7.35214833905529,-18.256576111808,10.6485054461688,-11.7314764509112,-3.65916740569145,-14.8736579646075,8.81047267511276,-5.4182040716445,-13.2025771482197,6.35722736343626,-15.5316111795156,0.659694875353275,-11.4123295951252,-2.44757607431839,-9.83374302098841,-18.1746174349071,-7.269904593126,0.623796611777714,-1.37629840858733,2.7611570593153,-0.266161809571132,-0.412860724865388,0.519952215674181,-0.743908960008006,-0.167808225140728,-2.498300252188,-0.711066151912636,30.31,1
150679,93879.0,-12.8336314219519,7.50878980635543,-20.4919522106577,7.46577999198461,-11.5753037055975,-5.14099947650773,-14.0205637048257,8.33212047126021,-4.33771253089739,-15.5637913387301,7.61081978841573,-15.5923232225286,0.504789055226229,-13.2478885958622,-0.796526030140245,-10.3423283585648,-16.0445243414767,-5.8821359384126,1.57369789640089,-1.37892322363159,2.96684240389381,0.615344322057327,-0.766494757432984,0.431261005079751,-0.104974994617143,-0.0100913270781415,-2.4008113496639,-0.720556600051925,104.03,1
150680,93879.0,-12.8336314219519,7.50878980635543,-20.4919522106577,7.46577999198461,-11.5753037055975,-5.14099947650773,-14.0205637048257,8.33212047126021,-4.33771253089739,-15.5637913387301,7.61081978841573,-15.5923232225286,0.504789055226229,-13.2478885958622,-0.796526030140245,-10.3423283585648,-16.0445243414767,-5.8821359384126,1.57369789640089,-1.37892322363159,2.96684240389381,0.615344322057327,-0.766494757432984,0.431261005079751,-0.104974994617143,-0.0100913270781415,-2.4008113496639,-0.720556600051925,104.03,1
150684,93888.0,-10.0406314557065,6.1391827154247,-12.9729718943545,7.74055544506762,-8.68470452840193,-3.83742916671056,-11.9077019040753,5.83327300056002,-5.73105424359056,-12.4389449056023,6.98988561330738,-16.218610393127,0.25330336584704,-8.72864506518152,-0.147529091109699,-14.1298545174931,-20.6850275533272,-8.48444905730181,4.85125513655685,-0.0822752254211996,2.82343143164188,1.15300501339169,-0.567342849673059,0.843011621641402,0.549937644887907,0.113891875585392,-0.30737499959267,0.0616306406149363,1.0,1
150687,93897.0,-10.3008197578448,6.48309458751086,-15.0763627200288,6.55419115286706,-8.88025172157215,-4.47167242014489,-14.900688599735,3.84017023811699,-4.35844142237671,-14.5331616869738,7.58874088021049,-15.8357188077344,0.135035383391472,-11.5670059165135,-0.077026912374336,-11.4674297370042,-19.1729963590355,-6.96985638421183,2.21175583268581,0.113244363257218,1.50874842459643,1.04164209875775,-0.682789602968657,0.573543946252624,-1.6023889741646,-0.393520821299559,-0.468892515546761,0.105920160381125,1.0,1
150692,93904.0,-11.3206331107815,7.1919501426236,-13.1790825454686,9.09955188204157,-10.094748875094,-2.44011507020033,-14.1843372950953,4.45250293397358,-6.24196000276902,-12.618162687238,6.05731930477932,-15.7176066468772,0.117817409556609,-8.65374335706751,-2.50255377627617,-11.2313644545234,-21.5851521412337,-9.09089206099764,1.17118873250237,-0.180934725269677,1.08223532776525,-0.350562500439559,0.483043945803059,0.661132920850802,-0.396521511995203,-0.413315388408682,-0.997547797965388,-0.235035882545031,37.93,1
150697,93920.0,-12.3810482122443,8.21302215295327,-16.9625296493409,7.11609059812684,-9.77282635905051,-3.66683564785878,-16.1473633736285,2.07870595319163,-4.25065683444105,-16.7460441053944,7.42580096307482,-15.5648376012203,-0.426338420425742,-14.0295376738875,-1.68188923012087,-11.1337609764854,-15.8335888785336,-5.74853293843859,2.27108150670047,0.53779490001906,0.1677033350947,1.5034133341063,-0.767755381526479,0.371951476263823,-1.41563947948017,-0.517022160118675,-0.434620522533755,0.292721057342818,97.0,1
150715,93965.0,-11.3977267217611,7.76395304621262,-18.572307456296,6.71185525207739,-10.1742155991554,-4.39591833120843,-15.8937882429266,2.08301258152135,-4.9888371802491,-15.3460988468775,7.09318207259894,-14.9797547574476,-0.148288045224015,-9.93567958156078,-1.16199939019334,-11.6468338293624,-18.3838524599849,-7.40273080415809,1.94169681013401,0.208879130047717,0.339007373241803,1.34292261443867,0.239217367154604,0.534644166424257,-0.174964905765612,-0.500240426616998,-1.72206026726614,-0.574339363297002,11.4,1
150925,94141.0,-13.5120737201635,8.21517673687939,-16.5826057272747,6.20736889019759,-11.3184715177058,-2.99720698778128,-17.6404704062016,0.0403490750758574,-5.62023218946632,-15.1237521803455,5.93465734341534,-14.1750301634055,-0.169044491655796,-6.55255368427192,-1.57000723316824,-12.1725530183154,-20.1645422294456,-8.66881519685045,2.55087034384644,0.694574465326517,-0.907905601256761,1.5140282763652,-0.141879203311202,0.789185965955202,-0.0313427677694401,-0.255056581600699,-1.86583088908172,-0.442204311521227,45.48,1
151006,94362.0,-26.4577446501446,16.497471901867,-30.1773174564996,8.90415677106517,-17.8925996927224,-1.22790388102871,-31.1973285494605,-11.43892041491,-9.46257260540015,-22.1870885620007,4.41999660154863,-10.5923050053728,-0.703795803703315,-3.92620731586873,-2.40024649210124,-6.80988994039049,-12.4623149481086,-5.50105078380738,-0.567939572890149,2.81224110932946,-8.75569832116533,3.46089334478551,0.896537503959012,0.254835536763482,-0.738096558530353,-0.966564233789852,-7.26348214633855,-1.32488430656137,1.0,1
151007,94362.0,-26.4577446501446,16.497471901867,-30.1773174564996,8.90415677106517,-17.8925996927224,-1.22790388102871,-31.1973285494605,-11.43892041491,-9.46257260540015,-22.1870885620007,4.41999660154863,-10.5923050053728,-0.703795803703315,-3.92620731586873,-2.40024649210124,-6.80988994039049,-12.4623149481086,-5.50105078380738,-0.567939572890149,2.81224110932946,-8.75569832116533,3.46089334478551,0.896537503959012,0.254835536763482,-0.738096558530353,-0.966564233789852,-7.26348214633855,-1.32488430656137,1.0,1
151008,94362.0,-26.4577446501446,16.497471901867,-30.1773174564996,8.90415677106517,-17.8925996927224,-1.22790388102871,-31.1973285494605,-11.43892041491,-9.46257260540015,-22.1870885620007,4.41999660154863,-10.5923050053728,-0.703795803703315,-3.92620731586873,-2.40024649210124,-6.80988994039049,-12.4623149481086,-5.50105078380738,-0.567939572890149,2.81224110932946,-8.75569832116533,3.46089334478551,0.896537503959012,0.254835536763482,-0.738096558530353,-0.966564233789852,-7.26348214633855,-1.32488430656137,1.0,1
151009,94362.0,-26.4577446501446,16.497471901867,-30.1773174564996,8.90415677106517,-17.8925996927224,-1.22790388102871,-31.1973285494605,-11.43892041491,-9.46257260540015,-22.1870885620007,4.41999660154863,-10.5923050053728,-0.703795803703315,-3.92620731586873,-2.40024649210124,-6.80988994039049,-12.4623149481086,-5.50105078380738,-0.567939572890149,2.81224110932946,-8.75569832116533,3.46089334478551,0.896537503959012,0.254835536763482,-0.738096558530353,-0.966564233789852,-7.26348214633855,-1.32488430656137,1.0,1
151011,94364.0,-15.1920640113629,10.4325276778611,-19.6295152518171,8.04607504591293,-12.8381666152727,-1.87585874614533,-21.3597382791388,-3.71784952676935,-5.96978174909567,-17.1415136412892,5.90239975502551,-13.5801472568557,-0.45140689941267,-8.33476258691073,-2.02514468652193,-10.1963336944105,-17.2709851692259,-7.07909577930568,1.51769533116994,1.65747618417276,-3.47409650326971,1.76544551266317,1.70125678162665,0.381586805077026,-1.41341748729956,-1.0230778939005,-2.63476129227348,-0.463930546269812,1.0,1
151103,94625.0,1.70785693746472,0.0248807914815549,-0.488140038578959,3.78754815533943,1.13945148482475,2.91467262159314,-0.743357877946301,0.699135879021363,1.0084706473096,0.912806096143303,0.7653541419638,-2.04386838674929,1.00154733873148,1.32288725448265,-2.72007696175136,-0.153429555378718,0.752610596119435,-0.755785824269169,-1.91256263382671,-0.368014254987192,0.0108651916304298,0.548257831746395,0.0912182952145324,-1.00795946020642,-0.0821828177765288,0.179709188704528,0.0077377190320074,-0.0688413102470406,33.76,1
151196,94952.0,0.842025258809961,-0.365518405631879,-2.46406333105633,4.82088596439253,0.775505434320733,-0.614784604613805,1.36802439952459,-0.526261741999926,-0.121356446796038,-0.357616193093852,0.637766685379952,-2.81888227036892,2.36059541417279,-1.10869894034456,-1.44995109474769,1.57373987380152,2.20265154365361,0.800471466568041,-2.10358290329291,0.944915098074741,-0.110621878759425,-1.25780002613606,-0.324418362936717,-0.420020001036393,-0.219501077925226,-0.268872635957687,-0.144582319033867,0.104464060190998,571.48,1
151462,95559.0,-16.308650062507,11.6148005425867,-19.7393862972953,10.4638662754002,-12.599145656022,-1.2023933184963,-23.3805078207357,-5.78113300512982,-7.81102238181602,-16.3035376590131,5.57362527301538,-13.6352161247268,-0.483236243869236,-7.35279224297253,-2.39268418895092,-8.72814239367754,-17.5988535455879,-7.45595632935304,0.169740705598221,2.10603387120175,-4.88498262418118,1.14091043558273,1.39295263139548,0.348996604820014,-2.16750975079914,-0.798753537981903,-2.94277507305079,-0.462679619023024,1.63,1
151519,95628.0,-17.5189091261484,12.5721178535385,-19.0385383213549,11.1908946558522,-13.5547207079601,-0.41192361337145,-23.189396512394,-5.30141221815132,-8.63039030596902,-16.2556117491401,5.70211147983179,-13.8124040899594,-0.306815322507812,-7.01360737195925,-1.18229035380557,-9.3601791927531,-16.6683693822389,-7.14746777723207,2.16209864550609,2.52851232971436,-4.96947772242457,0.976124822110751,1.8412479337881,0.334417748210128,-0.720128461316563,-0.232603423065217,-3.02199247294556,-0.478158234859683,1.63,1
151730,96135.0,-1.95293262584861,3.54138524292281,-1.31056140773257,5.95566359407,-1.00399266347247,0.983049267722507,-4.58723460197373,-4.89218360319852,-2.51675203271071,-2.85032390160027,2.02467408050134,-6.48774641306604,2.37646259977422,-2.24151634571345,-0.566869734947616,-3.93685691797738,-6.12719357199364,-2.32855196140235,1.56212955232854,1.96502978343686,-1.99809122812016,1.13370623369264,-0.041460872197789,-0.215378738296157,-0.865598577097396,0.212544577403768,0.532896738259478,0.357891632792824,18.96,1
151807,96291.0,-3.55217282034342,5.42646054559111,-3.73181031980956,6.67906180701896,-2.18754337884152,2.43394023761172,-8.74811035885579,-12.1082840970182,-2.8563585144669,-5.66586179854092,2.54083553206878,-6.14705358343033,1.79689064160126,-4.32898899462283,-0.150037374792615,-1.83900466547168,-3.35463814070962,-0.282307261175205,0.148592393859995,3.79266672675409,-5.68899027177143,2.51097955615894,0.953932861684676,-0.542506228224687,-0.620152015985956,0.406012866709306,0.0230251633862463,0.164740605977244,33.59,1
152019,96717.0,-3.7058559456413,4.10787318567637,-3.80365599543613,1.71031444791959,-3.58246604635748,1.4697289395611,-9.62156012711908,-11.9131046925977,-0.322296771337166,-6.62569249371823,2.17523030559549,-4.38107755793604,2.06329870945929,-0.673818453194249,1.40076321660287,-4.25492662033392,-5.16021301572915,-1.30252591599748,2.59445276115475,3.63960274068724,-5.49877168010629,2.94147540326902,0.916235852911927,-0.25550447969595,-0.18383483865098,-0.584538952417976,-0.315483570351021,-0.0972228121259146,1.0,1
152223,97121.0,-17.9762660516057,12.864988563015,-19.5750661905691,11.3451198184298,-13.9986456031027,-0.35489996091484,-23.7834698823143,-4.87235340557097,-8.50428479375643,-16.6011969664137,5.56925817499418,-13.9322487527403,-0.204854827407058,-7.58102324741972,-1.01361239001659,-9.01481328062598,-16.0920320589503,-6.05014766257303,1.66102935873752,2.41992113013135,-4.30043186631826,2.8657718597682,1.48930201538756,0.386039288843108,-0.232391836340479,0.413826703027495,-3.25598090607432,-0.538963227046118,8.64,1
152295,97235.0,-17.5375916846763,12.3525186682391,-20.1346128135864,11.1227714331133,-14.5710801396343,-0.381622313270995,-23.9286610291615,-4.72492103304407,-8.6030380974132,-15.2318333653018,4.41705461009659,-12.8935202086054,-0.10962845638889,-3.54722989444144,-2.17782399757845,-10.4020683266181,-18.3720191223339,-8.31409231206699,2.43582348553379,1.9251025961188,-4.35221313065903,2.38904092140055,2.01912792631133,0.627191869568278,-1.08599721239039,-0.0718032360759346,-3.83819790404877,-0.802564460951448,9.82,1
153823,100223.0,-19.6418567335974,14.7063346696674,-22.8012376947782,12.1146718424589,-14.898112530969,0.840777704221173,-28.0112929096778,-11.9196388199434,-8.9609216998511,-18.9132433348732,4.971248707036,-12.6863075224956,-1.07144311342478,-7.38337003956967,-2.99243029925503,-8.58230865037102,-13.8065681285297,-6.00035879778826,1.42263161326029,3.83464904792346,-8.22887409813848,3.31817776987025,2.58521234602075,0.195008569338351,-1.19480304002391,0.0384229399473607,-4.12674625203028,-0.645329219040983,2.28,1
153835,100298.0,-22.3418888868038,15.53613332478,-22.8652284959099,7.04337354768731,-14.1831291919342,-0.463144880408286,-28.2151120538009,-14.6077905214735,-9.48145633401495,-20.9491915543611,4.73958247105186,-11.9249546896802,-1.50141102577851,-3.83678146634435,-2.72032883823594,-8.88010567222989,-15.8251362851177,-6.75042522352437,-0.129188144339879,4.10001904830367,-9.11042257588182,4.15889482041313,1.41292844456256,0.38280067392155,0.447153952515532,-0.632816336434319,-4.38015425911661,-0.467862869164174,1.0,1
153885,100501.0,-6.9852674861123,5.15109356872598,-4.59933777342036,4.53447860064768,0.849053978611719,-0.210701203278644,-4.42522968507474,-5.13452515572624,0.0693205728889109,-0.870997150804889,5.20081516878268,-7.80222778971281,0.0339124179895287,-7.56013197197136,-1.01465193469311,-1.50792960088674,-3.41027456780471,0.107544007359072,-1.37551765637273,-1.24699631854492,5.45367185347674,-2.05617714358307,-0.280333720590026,0.120771472511766,0.569357720918146,0.145971466001576,0.300193469284684,1.77936385243205,0.76,1
154234,100924.0,-23.9847466495794,16.6978316913154,-22.209874815521,9.5849686202149,-16.2304387891461,2.59633265752887,-33.2393281671892,-21.5600394546929,-10.8425258685569,-19.836148851696,3.22323270290842,-10.8951335063028,-1.52345240330584,0.116303256118652,-3.09880532704263,-7.60642457511483,-18.1082610229766,-7.51186615794432,-1.24328515722898,5.80455066066397,-12.6150228644215,5.77408726884239,2.7502214496329,0.513411099654255,-1.60880380395117,-0.459624387540527,-4.62612660780224,-0.334560720645878,1.0,1
154286,101051.0,-1.46531575579616,-1.09337687781209,-0.0597678482279439,1.06478463530602,11.0950886001596,-5.43097128323669,-9.37802517086658,-0.446456139679101,1.99210961400888,1.78592177154007,1.36858453419511,-1.47169658834377,-0.72475884619705,3.44242199594215,-0.957403224855046,-1.62612941891216,1.41821495932655,-1.41791682839858,-1.65176618071699,-1.4576102135585,1.16062328833533,-1.2596968082996,-15.9816491909559,-0.883669935248733,-3.53671623161143,-0.59296488849027,0.675524833181225,0.424849351792902,0.92,1
154371,101313.0,-25.825982149082,19.1672390103062,-25.3902293121699,11.1254347149714,-16.6826439195391,3.93369943022963,-37.0603114554112,-28.7597989339836,-11.1266235224579,-23.2282548357516,3.7859770496129,-10.5224940129243,-2.65749636392801,-3.79279543594993,-4.49894467676621,-6.55787310177539,-12.8672447953713,-5.80459047549908,-1.25446534452587,7.90737812724062,-16.9220157786505,5.70368400806478,3.51001884069223,0.0543302268964685,-0.671983312405663,-0.209431359115655,-4.95002186384908,-0.448412770754799,2.28,1
154454,101597.0,0.91311613528992,1.1453810871791,-4.60287793273505,2.09180337375362,-0.473223859280585,-2.0854358325571,-1.67124403232231,0.0943965856348779,0.337798765397573,-4.4318096317282,4.87197985976052,-5.39522117678937,1.33250215621937,-4.60379669207464,-0.77731354811867,-2.57189156103509,-3.00361530529652,-0.225441388417525,0.252273565031692,0.50898474829098,0.40141574109896,-0.0849334160429759,-0.197684434494785,-0.283271078982557,0.387597335722074,-0.553526986386025,0.516274456782261,0.270828187083758,147.87,1
154587,102114.0,-28.2550528932108,21.4672029942752,-26.8713387797136,11.7374361361796,-17.9996302850189,6.0659013519233,-41.5067960832574,-38.9872627434095,-13.4340663182301,-24.4031849699728,3.40932261990014,-9.60826735632918,-3.07631796817408,0.240060357919937,-2.83667693195872,-6.594756991638,-12.9575309948449,-5.61352195004329,-0.248828402209821,10.4407179813405,-21.4537362781468,8.36198519168435,4.90911112135878,0.0983279449493119,-1.50873912052995,0.0087112904784173,-5.4078236392388,-0.183811044930697,0.0,1
154633,102318.0,-1.02063166582361,1.49695912243222,-4.49093711758335,1.83672705849852,0.627318467501556,-2.73556861001066,-1.54627364241291,0.459821576439238,-0.68274140597399,-4.36310219273296,4.28702087961434,-5.40376835689762,1.26026230900043,-3.08774290682652,-1.31748806297981,-3.53705628406879,-3.17202752176385,-0.52988508450368,1.01162645030639,0.443488532055906,0.773630966413973,0.86061818130652,-0.304666447555476,-0.155499583027691,0.41216629075428,-0.220079647308722,0.392337584118175,-0.0200894870934853,22.04,1
154668,102480.0,-1.92959692675373,4.0664132778545,-4.86518400996861,5.89860229319899,-0.552492585328532,-1.55596245330906,-3.83362344068736,0.679511648528001,-3.46376549143694,-6.68368922880726,7.02127774818005,-11.1024933822497,1.71175507363653,-10.447632938235,-2.79907615915518,-6.26174085045904,-11.6471577741668,-3.45143614190286,-0.507536514254236,0.942488941965831,1.13721164676769,0.674245235425331,-0.531765489027487,-0.433409350510738,0.378658562357166,0.198107291025294,0.869694411928137,0.228047851815119,0.0,1
154670,102489.0,-2.29698749921502,4.06404334190313,-5.95770634516933,4.68000806392241,-2.08093759960382,-1.46327216002463,-4.49084686931735,1.02924628254192,-1.59324925133839,-8.99381088354112,7.86446740028511,-10.6498396512844,1.82659101647783,-12.9136317373077,-0.766330314740752,-7.95409770929125,-7.80963509977466,-1.71851117214548,3.83298514230067,1.26495379665956,1.08908418394041,0.975397809530551,-0.62553033358642,-0.535180928107126,0.247435028956319,0.160399507909509,0.969581605226584,0.335041293733825,104.0,1
154676,102542.0,-1.45687631770562,3.74030556080113,-7.40451844591174,7.44096403590735,-1.5498779534738,-1.66169686169337,-5.75721301357641,1.61501101078404,-2.19488072574389,-6.80713525144464,6.82579316213884,-10.3997491177692,1.83644883978883,-11.872845098188,-3.6423925983095,-6.0441031440521,-9.75077638654123,-3.11637225405711,0.0653171492484702,0.529557330911833,0.957897451629944,0.145339479676781,-0.0447039008346728,-0.544961671329029,-0.757756535554721,-0.005352369235898,0.318152285707546,-0.323553622642371,2.28,1
154684,102572.0,-28.7092292541793,22.0577289904909,-27.8558111336212,11.8450129100508,-18.9838125824286,6.47411462748849,-43.5572415712451,-41.0442609210741,-13.3201546920984,-24.5882624372475,3.48195180343701,-9.12834128617468,-3.00825547830858,0.796579962453559,-2.1022985205307,-5.66036644069929,-13.0327849564566,-5.39234917412895,-0.901040817847599,11.0590042933942,-22.7976039055519,8.31627543891357,5.46622995370963,0.0238542303884927,-1.52714472319428,-0.145225187134896,-5.68233823990698,-0.439133675051458,0.01,1
154693,102619.0,-2.48836288474016,4.35901910783724,-7.77640985018266,5.36402677044258,-1.82387723220959,-2.44514013600669,-4.96422092061784,1.48489015991725,-2.94789885841072,-7.17534972178322,7.34365210856032,-10.178995535122,2.14215063066493,-8.98305216762269,-0.473746033414928,-8.14334226244301,-9.78567719982127,-3.08651950539248,3.37971333584943,0.792274684105994,1.32567239039937,1.02122620503862,-0.266476205063069,-0.370880444896658,0.365535186093547,0.081372023747405,0.184983040876449,-0.211582455539506,1.0,1
154694,102622.0,-2.87717642607719,4.56964856472544,-9.55306876711684,4.44107935434428,-3.65396138652409,-1.87798085259887,-3.5143534876061,1.5476079597065,-2.50330396990855,-7.57563437993936,7.00213577397937,-9.95919399367656,2.12207206066581,-8.88487177224851,-1.64485747819635,-7.18992618738758,-10.4451050316273,-3.2719075376306,1.48227743472618,0.105615110186545,1.27289634389685,1.30026844858483,-0.0039501335186852,-0.36084777781177,-0.597525997544942,-0.390901228489311,0.592196918920005,-0.241010152850381,346.94,1
154697,102625.0,-4.22122078925031,2.87112058054735,-5.8887158872207,6.89095207502484,-3.40489435037622,-1.15439396843915,-7.73992801001653,2.85136330092288,-2.50756869395709,-5.11072764247853,5.35088988417692,-9.29980722738699,2.79314035729228,-6.10655192524523,-2.10694702580884,-6.25062921491661,-13.5663252216994,-4.19278019670633,0.510570181831806,-0.227881506131312,1.62059124560534,1.56794700869044,-0.578007459600926,-0.0590448081819941,-1.82916881940751,-0.0724287202294822,0.136734308772186,-0.599847542493268,7.59,1
154718,102669.0,-5.60369027985602,5.22219270751471,-7.51682997724608,8.11772427554261,-2.75685795265464,-1.57456462233583,-6.33034325040366,2.99841888080239,-4.50816689310713,-7.33437708370839,7.18872396524447,-10.6551809118898,2.59467986078199,-10.242859083204,-0.191158119172494,-5.50433407013933,-8.69777741257031,-1.93422536185434,1.95874993153475,0.227525994742654,1.24289620552409,0.428408392466797,-0.101183595116722,-0.520199121186447,-0.176937756589733,0.461449982566097,-0.106625180749266,-0.479661947808134,0.0,1
154719,102671.0,-4.99175779387947,5.2133398229232,-9.11132629809104,8.43198635177602,-3.4355156720863,-1.8275651016855,-7.11430284412379,3.43120663145462,-3.87564287029742,-6.86850850672582,7.15062516950116,-10.2629840447185,2.73308493575221,-10.1275247811671,-0.262783621001749,-5.19027103814098,-8.6557110398096,-2.02444347438745,1.5604792800844,0.0981321924634143,1.18942283937597,0.247858476295777,0.294448330047117,-0.548503502162266,-0.174616566570794,0.406702503092405,-0.40233927269736,-0.882885795448957,0.0,1
154720,102676.0,-5.55212217135236,5.67813391258695,-9.77552798040134,8.41629539413803,-4.40984381923171,-1.50623535484733,-6.89983879692634,3.75044289681131,-3.8797925578861,-6.86416435989436,7.05106508958574,-10.1375291936462,2.81543981456255,-9.90916805374299,-0.262229551498562,-5.02255717747726,-8.52297487191683,-2.01293906157489,1.52573244095261,-0.0647801372282915,1.12847223060537,0.228484046768752,0.286257667302864,-0.536294098099933,-0.104924889157331,0.420919229293903,-0.297556884880609,-0.946184387308798,119.74,1
154960,103808.0,-4.51734375344642,2.50022390414582,-4.01392753708116,1.18945163355882,-2.48686063585833,-1.41347553285281,-4.24570662259591,1.26508694822894,1.16882778968781,-4.51390660472333,3.69471123994721,-6.11044323287235,-0.110521636054475,-4.18455528093394,-0.93103463417672,-1.61471832598223,-3.35318018239636,0.236762036968587,0.0038960221310578,-1.05616226010439,1.32694422202396,0.102998961106284,0.508166904438541,-0.278017536127694,0.139721094971637,0.0646100247346309,-0.972358289293076,0.351359561196795,2.27,1
156988,109297.0,0.745153216872909,2.80929887414381,-5.82540635746786,5.83556642595055,0.512319881201007,-0.615622343185995,-2.91657564356736,0.776710041712962,-1.87883185000296,-4.54693575081085,4.69879549591235,-8.50778570734412,0.718249309268122,-7.62871014660448,-2.24957848303647,-2.55866861696795,-5.30462366328046,-0.956938449028105,-0.585321852047277,0.40283675391689,0.284840710005163,-0.874383479410998,-0.0839950451669313,-0.651441658316508,0.454593823671078,0.0503758982755266,0.756952562644727,0.383868938615243,0.0,1
156990,109298.0,-1.00061051985933,3.34685000184439,-5.53449117133595,6.83580203854396,-0.299803293657807,0.0959512989990878,-2.44041927394713,1.28630119597073,-2.7664382829404,-4.45800770078481,4.69653339192897,-8.76211333956078,0.985826601093264,-7.32027202211023,-1.06384045772504,-3.37112471078725,-4.25115786762875,-0.43005729986925,1.80401333906519,1.18981379228675,0.439756764345897,-0.694099203587273,0.299660329499667,-0.657600627722995,0.101647558980344,0.430457439169415,0.824685450418745,0.326952273050223,186.13,1
157585,110087.0,1.93494645561548,0.650677737498259,-0.286957048622899,3.98782809057201,0.316051835129206,-0.0994493763543019,-0.0214831582313935,-0.172327298889228,0.508730034701461,1.07295520625891,-0.427567391481657,-2.777649223895,1.63714014878874,1.5710801214626,-1.44536681818908,0.908649625166723,-0.122016068028642,-0.104109917156777,-1.6840216339214,-0.344452123814994,-0.173601631022283,-0.190973581696087,0.219975571293889,-0.216596550704603,-0.136691885594352,-0.129953649978571,-0.0500768352982461,-0.0510818960798855,1.0,1
157868,110547.0,-1.53281036094493,2.23275183861699,-5.92310007493809,3.38670841159996,-0.15344334000728,-1.41974768064009,-3.8785763388613,1.44465586239817,-1.46554214173397,-5.20833459337633,4.54630106888309,-7.76119403219115,1.15954032168956,-5.23161145654992,-0.171642119460071,-4.71982949844975,-4.84799196061678,-1.13432874514983,3.52773827223549,0.520839865969216,0.632504705856676,-0.070837950713368,-0.490291315112446,-0.359983126080465,0.0506775325943162,1.09567132878655,0.471741401676933,-0.106667140739625,0.76,1
157871,110552.0,-2.45036662540267,2.10772866087808,-5.14066303982343,1.41130357398271,-1.69077950338918,-0.736427202926685,-3.65794634761755,1.94490590423047,-0.788387529063343,-5.62467713431414,3.51964234486905,-7.221590004268,1.20172802326675,-3.8114281425371,-1.70142802210083,-3.57140837935336,-7.31140729142311,-1.75435460658485,0.795448867520342,-0.130438203342561,0.800538093373868,0.364616671021501,0.233607611774679,-0.282077578211224,-0.320310972669244,0.49291998915127,0.35997644954193,-0.115471009476069,80.22,1
157918,110617.0,-1.10103546371767,-1.67492805871463,-0.573388195590639,5.6175556662941,0.765556412634615,0.440607080848915,1.93474047501363,-1.01978754945585,-0.19324423129657,1.7837390603636,0.606910821999133,-2.85427542751023,2.37947304553589,1.26814661675691,-0.28361908940932,-0.482192055998123,0.8110054093379,-0.357910684579857,0.752760921550722,-0.0383141473363703,-0.412525822025647,-0.208823118913215,0.344832725150856,1.09143473162108,-0.686512742633337,0.0758089204336296,0.0338647378770195,-0.83285502022751,635.1,1
163149,115691.0,-1.55027271502021,1.08868850191044,-2.39338766218981,1.00873271714408,-1.0875618874048,-1.10460238189499,-2.67050327670088,0.147654676391109,-0.978625549290056,-3.51413330486723,3.58604242366444,-4.05335784837839,0.862426024955809,-5.76582302154173,-0.507511029549388,-4.92186514350783,-9.56726769048681,-2.77297411117016,1.71709526842855,0.327490457262181,0.802316031461701,1.03710478869922,0.0958154204904633,-0.320190913384423,-0.0807306312824349,0.0910116872058309,0.0249284934943241,-0.0778199786198624,17.06,1
163586,116067.0,0.949240654782111,1.33351901279168,-4.85540201400676,1.83500588341825,-1.05324529225553,-2.56282606985029,-2.2869856262026,0.260906489976679,-0.895365545923127,-4.54261203828437,2.45371037821171,-4.92519869522976,-1.20041197086128,-6.42437211273331,1.01489749133407,-3.12942132163446,-5.14703878335167,-1.81543652928925,0.520496923051347,0.424608328846183,0.306598169644708,-0.854626651528392,0.101176995923819,-0.281497410249515,0.0244439388949186,-0.107944111820021,0.625288550407281,0.315677390712111,65.0,1
167184,118532.0,-5.96145725181683,5.31338185985134,-6.67432045600546,6.02897499089959,-1.38755992793501,0.670638451870295,-4.12898748860167,-4.76589378950457,-1.00525917075425,0.453505060416619,4.43173633655471,-5.14273660303602,-1.18169206554319,-8.7554491326517,1.00435568809085,-2.06502561211988,-3.26143516010375,0.12522332026716,0.936966154656013,-1.11658092121725,5.55664239133643,-1.50180765840879,1.35517244397724,0.141093214148711,0.0779134112043686,0.473988340387306,0.28712879038893,1.46865341855998,105.89,1
167305,118603.0,-6.67721162487866,5.52929920087665,-7.19327456474359,6.08132107951892,-1.63607097105033,0.500609583298219,-4.64077020758754,-4.33983969614375,-0.950036405131991,0.566679814004086,4.3150759158968,-4.93828359985114,-1.10570973729343,-8.49081262174082,1.00362574598099,-1.94912326096651,-3.09301268981888,0.124087074705575,0.886746966076448,-1.11868675540655,5.56330066446813,-1.60827196122017,0.965321595694456,0.16371797930961,0.0475308707267175,0.466164782963216,0.278546743051982,1.47198811731278,105.89,1
172787,121238.0,-2.62892199481027,2.2756363708417,-3.74536934909195,1.22694819658893,-1.13296649495042,-1.25635309994595,-1.75241984877631,0.281736387178617,-1.7923429718137,-4.82077941422469,4.17609762346479,-4.61900987976999,0.742689541505504,-7.63696288811138,-0.197887605182768,-4.14039566725884,-7.60471483249934,-1.52450539738207,1.27132193138436,0.133106474791523,0.870729582435536,1.26947278909845,-0.265494007565328,-0.480548610900827,0.169665130870596,0.0960810570397914,0.0700362725602789,0.0637683649579152,144.62,1
176049,122608.0,-2.00345953080582,-7.15904171709445,-4.05097631587393,1.30957974749918,-2.05810158798669,-0.0986209270722274,2.88008272715204,-0.727484046608914,1.4603805509699,-1.53160798206082,-1.39432826167269,-0.220718797789479,-1.53099043146804,1.0752476539262,0.388383209307268,-0.660655352312646,0.0933209955444861,0.335742221574637,0.0575510393537501,3.97321702726744,1.24428677489095,-1.01523228673153,-1.80098486605048,0.657585626965743,-0.435617246752788,-0.894508922176968,-0.39755738695085,0.314261714087509,2125.87,1
177195,123078.0,-1.07381997038354,0.415616496914758,-2.2739767978925,1.53684419661661,-0.758696869170268,-1.67038051440345,-2.37713981352061,0.0903704457603509,0.0048472639499715,-2.77674714436829,1.42841254547618,-4.48267863575862,-0.709519384951049,-4.61013844047447,0.621338168687942,-4.60271264488365,-7.52418833345318,-2.55710412229741,1.31912362938259,0.22705062109278,0.535541841818562,0.863591564127184,0.45074251609585,-0.144227844430684,-0.20560879925391,-0.539072772653385,0.503418437647693,-0.237807129664846,11.0,1
178208,123525.0,-5.90492080575337,4.43991138307409,-8.63180221299529,7.78868440738042,-4.98957980058454,-1.20014396478769,-7.6740599401754,4.12576101681016,-5.31577802250603,-4.89115620289902,4.22041859352387,-6.40830067684822,1.32800326739361,-5.853545070898,-0.928337066900246,-7.08579817642873,-12.62385610867,-4.74522383798077,2.79789150183086,-0.505607961764415,1.77502979034156,1.26644115239936,-0.199409588840669,0.0149600028407991,-1.90822653976519e-05,0.544209892335915,-1.16756581297999,-1.20635432583345,45.51,1
181966,125200.0,-0.769171691743673,1.3422122564916,-2.1714541366788,-0.151513299728476,-0.648374467317641,-0.973504253142134,-1.70665765414268,0.313744516691369,-1.98230184657376,-3.15812700566592,1.3415717221686,-3.29947236985172,1.24764737362737,-6.39337284276668,-0.0532048016171774,-3.25804634128955,-3.34889609796046,0.217330714330335,-0.917407954929339,-0.102294252090737,-0.0361222946216654,-0.753591202726119,-0.0471133973013113,0.358492767536875,-0.287406815695466,0.476505957022081,0.250530561357973,0.250987222920341,40.0,1
182992,125612.0,1.88961791435199,1.07309853428207,-1.67801752213825,4.17326819444992,1.01551580609762,-0.0093890345376856,-0.0797056036973578,0.0640708218352963,-0.714516675807338,0.0422275201898101,-0.408402781057003,-0.929370065771482,0.0586863166856154,-3.51284546122181,-0.164612974126633,2.06985302474878,1.7333815808837,1.58075796212324,-2.33518537609962,-0.15357026465285,0.203727978494943,0.733795720552592,-0.0365597489616082,0.334305770703597,0.147171035637962,0.279556488222951,0.0316687807243937,0.0358833226413502,3.22,1
183106,125658.0,0.224414466674279,2.99449857558056,-3.43245819570533,3.98651893184362,3.76023294891974,0.165640145963465,1.09937770884947,-0.654557103379097,-2.43541565257984,-2.27673307339047,1.84607851719332,-1.96119460001748,-0.851166387195622,-7.12231638408937,1.01960490036808,2.13101467212875,6.44364914460203,1.59253819138457,-3.68190355226504,-0.20084628074101,0.491337124801356,-0.984222622736636,-0.421979358037133,-1.0480578940284,0.726411519627846,0.26862463804569,0.283689474052924,0.419101636371901,0.0,1
184379,126219.0,-1.14155893716424,1.92765003845063,-3.9053561494007,-0.0739425941379643,-0.0448578188133647,-1.75699895886989,-1.21741649894761,0.364563278725543,-2.77014774706035,-3.21618771830464,1.28674925677162,-3.27270458494442,1.04221562276303,-5.74894325155799,-0.668136526600605,-3.86597568295345,-2.70505213033344,-0.103907181377394,-0.716811424575637,-0.250582939794953,0.102081332026183,-0.531495912348873,-0.328740974448816,0.393099609976725,0.568434632400261,0.786604529169779,-0.146101643769467,0.0762114890570611,25.0,1
189587,128471.0,0.909123838691231,1.33765782444144,-4.48472766746064,3.24535764512838,-0.417808776149092,-0.762118684149486,-2.5063487752776,0.694163949223675,-0.467555883753771,-4.5652600954372,3.61264534637429,-3.17193661178549,-0.400045818565063,-8.56945415472099,-1.61483120714345,-2.38820756249222,-2.57746443422373,0.0926786705401108,0.0982420128901166,0.445573384128196,0.586829162500182,0.59407754473212,-0.252120311226939,0.325438827876011,0.562765676359647,-0.256278184868886,0.652673806782709,0.319879228007944,67.9,1
189701,128519.0,-4.59944700208203,2.76253994253031,-4.6565298706326,5.20140306725894,-2.47038771213247,-0.357617930345621,-3.7671888274624,0.0614664440276634,-1.83619986278079,-1.4706452575308,2.14393063330902,-5.83973605661705,0.153011630876735,-6.17736456586248,-0.78541565373917,-4.51052273721062,-10.3405128633486,-4.18117755349571,-0.376135682527478,-1.00065772232141,1.58148035659457,0.261332719512975,0.621415022135499,0.994109926998982,-0.687853106052664,-0.337531252843331,-1.61279104641522,1.23142473470435,93.35,1
189878,128595.0,-5.31377384241729,2.66427399774238,-4.25070701802015,0.394707094952515,-0.391383377283543,0.683526139774215,-5.13367100176311,-7.90778989157428,0.215474664930064,-2.29773425918487,1.96148093151336,-1.94444112769897,-0.69255896504056,-4.3463476308633,-1.72692923293524,-1.82040477188062,-3.74648955100281,-0.880399311360603,0.267914551538718,-2.64290184721809,8.66466242953635,-2.71638258812677,0.483559093855452,0.0792347976258407,0.311065240462952,0.555544234123026,0.176740004036668,0.362906575787496,1.0,1
190368,128803.0,-2.27247262312809,2.93522576984167,-4.87139411498144,2.41901198641213,-1.51302177077044,-0.480624709293733,-2.12613615926755,1.88350700101357,-1.29726168422102,-5.48742458295368,2.96924007367485,-3.05540513135176,-0.316543682164901,-7.86280852638766,-2.2028004046908,-1.93231647481301,-2.28474841411287,0.324787267403684,-0.183180903717309,-0.0310853103629951,0.718504287704593,0.893850157785459,-0.031631724472805,0.322912638305837,-0.0584064063189307,-0.411648851141658,0.573803016490166,0.176067285155718,175.9,1
191074,129095.0,-1.83693980524096,-1.64676405421121,-3.38116824152195,0.473353567439937,0.0742428680588724,-0.4467506984682,3.7919065488031,-1.35104516710281,0.0951859632710584,-0.0844995591396119,-1.54230486820434,-0.540534807018906,-0.27207903913702,0.712541142762088,0.234979844917,-0.907666065803548,-0.391051374531861,-0.0347191590047466,1.08428646665042,-1.58614369731197,0.0106634770821352,1.78668137304358,-0.151178223750849,-0.582097763853728,-0.956061535679488,-0.334368991860647,0.715600326403013,0.370449747000955,720.8,1
191267,129186.0,0.290155157802135,0.0492431315858544,-0.740523666102691,2.86546277005979,1.39529391568643,-0.53516327889219,0.142543369971437,-0.222769707020631,-1.46369065190782,1.71353755281029,-1.12757349175133,-0.708657345883242,0.272186077406343,0.27471029150754,0.235191951820748,-0.463552709186313,0.472995390747944,-0.44789915630515,1.79092414652793,0.247579534584332,0.337348848382748,1.01819057752704,0.303550010776752,0.833886119752574,-1.22230609676666,2.7452606721766,-0.220401600319897,0.168232740494181,7.18,1
191359,129222.0,1.17782379154942,2.48710339519253,-5.33060816051087,5.32454683526606,1.15024325844862,-1.28184253527583,-1.17199420002259,0.413778202141836,-2.6598401542684,-2.9716952359177,3.6195974073081,-4.47804406487578,-2.03418448611283,-7.77219735461502,-1.20149274946259,-0.509866916309607,-1.30436979397668,0.495999534593581,-1.35984389291856,0.156057238983783,0.262325116604754,-0.431790202566124,-0.092088065214941,0.145215897986796,0.457788410050576,0.167739067416406,0.451242541470912,0.268421209703893,4.87,1
191544,129308.0,0.0546821522798935,1.8564996040552,-4.075450734554,4.10009796977678,-0.800931346218859,-0.29250182507501,-2.31743139396216,1.18974699460744,-0.786237923620357,-3.90674573293228,2.99348883356357,-3.61312502993317,-1.7272971294619,-7.36463881998297,-0.343295934983382,-2.57763472583711,-0.515302055109939,1.10910710845714,2.35115138243805,0.509558726652881,0.61824776165619,0.800932138498696,0.13001647459447,0.288945953295625,-0.36665802323555,0.0303066561662426,0.431182443382693,0.110698251591246,80.9,1
191690,129371.0,1.1839312092814,3.05725030538059,-6.16199733475256,5.54397248278589,1.6170413698223,-1.84800603824854,-1.00550810079405,0.339936724068817,-2.95980628236377,-3.8517216648754,4.51335526006987,-4.85831164395338,-1.76573419312819,-10.0062434296255,-0.439394416852874,0.574874856691221,0.188469552514539,1.64922352053836,-1.79673863123125,0.252571163759772,0.109184860912105,-0.931071823432774,-0.0641750404544211,-0.0070125201234796,0.345419478643384,0.0645577481719254,0.476629438597504,0.323740180557018,0.0,1
192382,129668.0,0.753356012421118,2.28498795250353,-5.16449200355315,3.8311119987993,-0.0736224923058734,-1.31659594586445,-1.85549544374527,0.83107909886574,-1.56751414502076,-3.22455914814995,3.36955824955852,-3.46854525803227,-1.38357106785405,-6.0205789709702,0.309601855257659,-2.61776696028245,-1.31075238207209,0.409659909693325,2.36229077589933,0.285792259895482,0.382006845522224,0.0339580452530082,0.187696850240103,0.358433465751075,-0.488933827051834,-0.258802387138951,0.296145453458912,-0.0471736659782491,2.0,1
192529,129741.0,-1.39620432643506,2.618584398377,-6.0367702713295,3.55245370976796,1.0300913064513,-2.95035827245882,-1.52850574519993,0.189319000841056,-1.43355448519874,-5.56914249554635,3.27754628526759,-5.89693656310926,-1.27710175970119,-11.2218047709786,0.326026786021776,-2.49734111017829,-1.58833565600268,0.120289372543204,0.170143879416802,0.0317945560061884,0.14317682159778,-0.390175928835842,0.35602946330105,-0.762351548983177,0.0965103406932942,-0.487861395288973,0.0626546228071552,-0.240732349240766,1.0,1
192584,129764.0,-2.4340041522657,3.22594669094366,-6.59628163055385,3.59316052421617,-1.07945204530157,-1.73974070807667,-0.0474200922292621,0.301424475889641,-1.77943359731428,-5.83645272742826,3.24943114650197,-5.96148766039896,-1.15517572861188,-11.0022890615302,0.588286383997409,-2.36580146413215,-1.3519003888026,0.189498486847292,0.524007524087668,-0.280533266400441,-0.0354907261487421,-0.419177640985635,0.157435951107499,-0.714849374336836,0.468859337004353,-0.348522318188906,0.420036479941583,-0.327642696480936,362.55,1
192687,129808.0,1.52207986461923,-0.51942947320952,-2.58168487999205,0.774741045624737,0.206721720660857,-1.43102011805619,0.757011225164691,-0.444418034237894,0.997921025301102,-1.4294901237515,-0.375466188651408,0.17909486429195,-0.148448551372914,-2.13515486441111,-0.0449156938101637,-0.0553327528802965,1.77869660251824,0.671832434178931,-0.00202115788658,0.361168932269551,0.0196494069605455,-0.211678284664816,-0.24745192402646,-0.279471886713974,0.239646122725123,-0.50839814288348,-0.015551488169813,0.0418807020330689,276.17,1
195383,131024.0,0.469749517487831,-1.23755547027318,-1.76734061589655,4.83349012798216,-0.268714558636067,-0.512759848060542,1.14014880560033,-0.341272999527881,-1.04635098398312,0.0856615347524881,-0.0001211803349648,-0.0543808429292316,0.736191603337369,-2.30664478783159,-0.464003364440401,1.67272279973602,1.1657365409567,0.561322707439286,-2.3007976756963,1.27731503401271,0.30390531321967,-0.647075252164857,-0.373013646280577,0.260801138202008,-0.496566411774464,-0.245972762320847,-0.117857668735614,0.144774180519932,723.21,1
197586,132086.0,-0.361427838541789,1.13347191665669,-2.97136044013455,-0.283072525739314,0.371451592836109,-0.574679962140979,4.03151344147581,-0.934397840999575,-0.768254682100259,-2.24811517395215,-0.482409384022894,-0.690550364277623,0.181274905167329,-2.37255179777895,-0.0068680461366328,0.146399068662885,1.75931419392615,1.08303951438991,-0.391047742407487,-0.0258616224927044,0.110814637422018,0.563860612681898,-0.408436059432732,-0.880078912517905,1.40839232295512,-0.137402363335706,-0.001249817072624,-0.18275089691206,480.72,1
198868,132688.0,0.432554461820961,1.86137334473124,-4.31035306214219,2.44808047483365,4.57409367462504,-2.97991207512663,-2.79237913364276,-2.71986651919035,-0.276703666493858,-2.31474716368481,2.22296005779154,-0.407550442912615,-1.65231153851303,-5.87143807802568,-0.427646957092402,1.67987296365444,5.54086531862428,3.20763696362324,-0.559479810847182,0.318852892094648,-1.3844768425902,-0.348903877586001,-3.9799478814166,-0.828156262241172,-2.41944598182275,-0.767069606648857,0.387038910929273,0.319401534511631,1.0,1
199896,133184.0,-1.21268170063531,-2.48482353043406,-6.39718581511927,3.67056244781436,-0.863375060980971,-1.85585473063724,1.01773157976221,-0.54470377516891,-1.70337804998263,-3.73965947930309,1.73812401383737,-2.84444933585435,0.765863961245672,-4.79973713485762,-0.0113354116437183,-2.69316808210374,-3.16695515760391,-1.06780011996093,-0.559132202274595,2.90837394592783,1.39687206274272,0.0920728715219574,-1.49288249863592,-0.204227396265286,0.532510949154644,-0.293871104406878,0.212663059827185,0.431094707976035,1335.0,1
201098,133731.0,1.17663267315551,3.14191813880044,-6.14044483643302,5.5218205893507,1.76851488910857,-1.72718569844821,-0.932428910444584,0.292796545267059,-3.15682655843537,-3.89824038104731,4.77672033006624,-4.15249885001879,-0.472990802974345,-10.2588514782991,-0.533455591604466,0.458138563036142,0.167601789076859,1.4043108943267,-1.87401526330162,0.329567972643983,0.1293716296303,-0.803020814325114,-0.0740983557012839,-0.0310844052836625,0.375366225335466,0.0658967838964971,0.488257738746484,0.325871630319106,0.0,1
201601,133958.0,0.523819919016188,1.53170785726036,-4.17639013427384,3.58461483133399,-1.0239540327136,-0.502471057563059,-1.89196555656987,0.878416852102108,-1.54194215137035,-2.64940583024547,3.21163365301808,-2.58749931359948,0.257070951089721,-4.68380643176166,0.912636545134862,-2.6957897292607,-3.03516584667273,0.0968148690279061,2.06569197047395,0.621803834572887,0.851859435194308,1.17692695536704,0.453553280805087,0.485211207096414,-0.500686838721807,-0.10828410995489,0.269476548870234,-0.0632454644135228,130.21,1
203324,134766.0,-0.0796525365521887,3.22201046223725,-3.7242013893074,6.03734512826846,0.583394746331946,-0.691346179707007,-1.79988483348006,-2.62778128431688,-4.00133786259094,-2.27152578398956,1.51389817939856,-3.68294346446482,0.185830426148668,-4.69278763834241,0.247495674947084,-2.68188105082889,-2.28614467887841,-1.04884490280911,0.994829500437418,1.1985372847387,-0.664694294683722,1.13855644649209,-0.350753364122197,-0.287467300585566,0.808889022979463,0.823961705381379,0.668496565754242,0.595609828713858,1.0,1
203328,134769.0,-0.967767136663499,2.09801863238761,-5.22292946625656,6.5145732431847,-4.18767406818961,2.11417834963073,0.948701404286247,-2.44842689476182,-3.20366608262076,-3.07403431268054,1.05148630261883,-3.47486296690245,0.573371300323787,-5.25425346321937,-0.32638832674693,-1.84859811431832,-2.42153561881163,-0.833344853245289,0.952141057235768,1.14720392040776,-0.843268389452352,0.796738518044592,1.31431234652212,-0.352886653077338,-1.77070558031979,0.0981333585610556,0.95676878112918,0.162777346229732,925.31,1
203700,134928.0,1.20493424160812,3.23806951076392,-6.01032440449142,5.7208466769739,1.54839977751795,-2.3210635159891,-0.78188041273237,0.0766192384971476,-2.97624905100078,-4.07025686324581,3.39415208597649,-4.5477421854241,-0.0636341960877915,-10.5164652105548,0.0532673835219021,0.204079529216049,0.462929331041335,0.841169059044758,-2.2213838533863,0.338160708541917,0.0983414697495961,-0.845865919979824,-0.0312277689973994,0.421146410215972,0.388361411769274,0.0560347438871887,0.491827823256628,0.340846685675318,0.0,1
204064,135095.0,0.232512476136408,0.938943680000523,-4.64777987861917,3.07984368774547,-1.90265531863884,-1.04140751952949,-1.02040664482631,0.547068603184495,-1.10599029357172,-3.52012767367189,2.07411645462861,-3.01077173816878,0.694977689554512,-5.38783122686352,1.778669797797,-2.93580442477364,-2.28557270821558,-0.237055632781029,1.97974707098703,1.14161507545704,0.911372759326949,1.04292865643844,0.999393887913078,0.901260455221573,-0.452093168108936,0.192959213794113,0.180859449380341,-0.0293153378913553,345.0,1
204079,135102.0,1.86210178942007,-0.124051888133202,-1.98975174951054,0.382608915041756,0.473031677376878,-0.674516988454297,0.298621349163879,-0.282415726283542,0.802052524645684,-0.989431189994817,-0.491112318271443,0.903819349613327,1.3665243152114,-1.88616230658692,-0.194861302074369,0.0868367239072255,0.978546240489057,0.0556039737113707,0.189130835579419,0.150726987749903,-0.204158275791025,-0.51144105586203,0.0778741500089749,0.388335120253865,0.0078957284691346,-0.120979613154893,-0.0195787926354923,0.0061547052319409,108.51,1
204503,135314.0,-3.15898973247843,1.7654516187093,-3.39016804993175,0.9874099790721,-1.50993036564483,-1.28095213137771,-2.71955696702151,0.718324816575686,-1.66018323527908,-3.8410981507899,3.28282460993431,-3.90687694585664,0.951367704021229,-4.89818303490097,-0.551999608913709,-4.78744841664753,-9.33432947229458,-2.58024865554763,1.50157346167502,-0.0225898632000452,1.12053278888547,1.60508518555367,-0.618637378199115,-0.251282996939273,-0.240527821958069,-0.0043267561942135,-0.2354773111409,0.0181292220019296,84.28,1
208651,137211.0,0.630578744212506,1.18363142021427,-5.0662827181354,2.17990251484867,-0.703375740890159,-0.10361428842267,-3.49034985781286,1.09473429241599,-0.717418480774938,-5.17993471366321,2.86702850008408,-5.25999613299847,-1.27715142230195,-6.98927231350758,0.690009613250389,-5.49618760977607,-5.99533723596091,-3.9905149275795,-0.167199797868911,0.357369307955279,0.621621663049365,0.0438073846680806,0.102711029430332,-0.601504870194403,0.127371352545737,-0.163009126463793,0.853791839587473,0.356503102101233,39.45,1
212516,138894.0,-1.29844323295373,1.94810044909488,-4.50994688793757,1.30580476704534,-0.0194859272181987,-0.509237783834405,-2.64339761889288,1.28354519416721,-2.51535570266591,-4.50131480977758,2.09307500991474,-5.41888894354848,-1.2470137120242,-3.82826817896473,0.399050336571034,-6.36649950945483,-7.5509680917538,-4.90276666632221,0.152892032043683,0.250415437314689,1.17803195025635,1.3609885807297,-0.272013060161758,-0.325947896160404,0.290702673395833,0.841294588482068,0.643094248950207,0.201155749649851,0.01,1
212644,138942.0,-2.35634817171224,1.74636046414013,-6.37462362059635,1.7722054455123,-3.43929379640843,1.45781106507128,-0.362577080151496,1.44379091605937,-1.92735886131488,-6.56465926230671,2.4507521592725,-5.69407428254804,-1.15546908515323,-7.13215063894307,-0.059627810007784,-4.59657658277775,-5.5220880540876,-3.5290655977144,-0.663370800920003,0.194809814636999,0.857941843268412,0.62120338692579,0.964816561119457,-0.619437275613569,-1.73261275172715,0.108361134584802,1.13082816380553,0.415702789405836,727.91,1
213092,139107.0,-4.66650010041278,-3.95232008590575,0.206093981663422,5.15352461752314,5.22946888229443,0.939039595033364,-0.63503285991319,-0.704506473585122,-0.234785699547585,4.03143505114991,0.983646778914785,-0.578913742704862,-0.199814214445048,-0.729706928009483,1.26671345577549,-0.842769191467021,-0.10294607389286,-0.597597212831086,1.06015422605258,-2.28613708033687,-0.664263125989277,1.82142163463065,0.113562782266408,-0.759673347196958,-0.50230409927918,0.63063883618903,-0.513880222506685,0.729525850100835,22.47,1
213116,139117.0,-3.97593925787714,-1.24493887246577,-3.70741371980754,4.54477220840185,4.05067557270479,-3.40767861716595,-5.06311826997904,1.00704199678733,-3.19015819504631,-4.25071651144568,4.18216236800046,-4.56367473788251,1.18250275143465,-6.96497247579046,1.11533951405808,-4.99733165466689,-6.41953891153561,-1.18359273970866,3.56973257751778,2.1094026874149,1.05973707375805,-0.037394796398813,0.348707142883828,-0.162929482857413,0.410530958112178,-0.123612265343157,0.877423851434985,0.667568429836307,8.3,1
214662,139767.0,0.467991939825149,1.1001181155631,-5.60714499999017,2.20471352581391,-0.578538842835423,-0.174199760931247,-3.45420147180469,1.10282268929697,-1.06501551547524,-5.41603688884657,4.49792897288062,-5.01960988798824,-1.01969120130359,-7.91498900748283,0.669648023350281,-4.47201433366572,-5.8569977597527,-2.2431779037749,-0.17381402447058,0.589574721718141,0.983480729453912,0.899876105807612,-0.285103424654105,-1.92971710448514,0.319868526124677,0.170636428415686,0.851798305715368,0.372098282227753,120.54,1
214775,139816.0,-0.395582180999488,-0.751792062726136,-1.9846657222602,-0.203459370656895,1.90396717621947,-1.43028863275949,-0.0765478971696953,-0.99226038178304,0.756307218859539,0.217630453611954,0.253931337415353,-0.0757071123077077,-2.21552535883192,1.06526242773606,-0.775503007617278,-0.911031401859836,-0.223768268609043,0.768369833954887,0.477521452443793,-1.02771589618176,1.37751532224779,2.15178705623536,0.189224816804228,0.772943278067861,-0.872443190023862,-0.200611549796534,0.356855911523477,0.0321134824802381,0.69,1
215132,139951.0,-2.92194437582996,-0.228062380877632,-5.87728864550113,2.20188352154659,-1.93543987294876,0.631140872429647,-1.24510634194653,1.51134802001741,-1.89998665663916,-6.42823083022309,4.22915426403483,-5.29231414644205,-0.888086758827616,-7.67225031168781,0.547571031984509,-4.30705980241373,-5.70117436362661,-1.7728029372439,-0.193132205838334,2.23073487215795,1.4416222749673,0.895527948704547,1.38551112812,-2.02802422921896,0.50913097167708,0.172642921018111,0.726781012281488,0.234513922496959,723.21,1
215953,140293.0,0.95102521866626,3.2529263650346,-5.03910474036957,4.63241097983647,3.01450127957475,-1.34957013831981,0.980940271596384,-1.81953945591171,-2.09904890456221,-1.34755671450971,2.68057817990216,-1.4629451764881,-0.705397068056644,-7.44529583374444,-0.561331521951524,3.13965565883069,5.66542906834794,3.79031621184375,-1.90979861946686,-0.381443722292837,1.40452405829287,-0.760549175070266,0.358292341700385,-1.18594156446759,-1.28617671637574,0.0003653025161088,0.16966196162803,0.108275693217457,0.77,1
215984,140308.0,-4.86174665742506,-2.72266032465254,-4.6562480902453,2.50200470213773,-2.00834642496284,0.615421803000716,-3.4856795852374,1.87885554354264,-1.11626798693717,-5.11297108805175,2.9456208658257,-4.10212741074135,-0.477202973371762,-4.35043446756499,0.0007163434773255,-5.03744940979325,-8.07801049835537,-3.45798118698593,0.596696430089622,0.285558785827713,1.1388759328635,1.03366434019377,-0.806198897465357,-1.51104641883913,-0.191731402147673,0.0809988303848193,1.21515161370172,-0.923141608648516,592.9,1
218442,141320.0,-6.35233691096656,-2.37033515007664,-4.87539667887196,2.33504453116197,-0.809554897212021,-0.413647316208307,-4.08230817063438,2.23908947335972,-1.98635950470675,-5.16533081830893,2.94293916487767,-4.12572224190365,-0.433094395260294,-3.5181311704857,0.420777387095712,-5.10447983930312,-7.9253889983055,-3.41570671508705,0.71833237368083,0.186898304507656,1.32521840044042,1.22674487561089,-1.4852168616857,-1.47073226048821,-0.240053392971609,0.112972036960476,0.910590643802817,-0.650943712766886,195.66,1
219025,141565.0,0.1149650477972,0.76676154669164,-0.494132199415659,0.116771978233793,0.86816853524791,-0.477982006349535,0.438495665220681,0.0630733402552484,-0.186207089214194,-0.159325098707444,1.20030360709416,0.281744446861465,-0.623844030466212,-0.658246292064356,-0.155888356613225,0.0562273489244218,0.653662125212474,0.33465531172159,1.02892683645358,0.0621985703923592,-0.284412898740297,-0.706865471630836,0.131404855625717,0.600742122018719,-0.604264275304309,0.26293785502267,0.0991446312768992,0.0108097183119463,4.49,1
219892,141925.0,0.120301417641484,1.974141135114,-0.434086817238467,5.39079309979716,1.2896837293754,0.28059002412422,0.22196254547878,0.0678267548690214,-1.38705405307029,-0.0451253297662453,0.195839103876469,-0.629085830718882,0.681222338433862,-4.71552123988097,-0.2878762909762,0.497433587465913,3.87161756353604,1.49239403735728,0.506039978517755,0.20569123217309,-0.0386896154666322,0.204553809417386,-0.167312970794265,0.791547134443901,-0.223675472406085,0.473223170815404,-0.160201937224867,0.0650394520642459,0.76,1
220725,142280.0,-1.16920341321234,1.86341353532436,-2.51513548140496,5.46368064632147,-0.297971322569218,1.36491803995482,0.759218697057941,-0.118860976595472,-2.29392142249704,-0.423783865294484,2.37587561688329,-3.24482729860534,-0.556619004651202,-5.15247483394519,0.0509063245131081,-1.02204502568313,-1.64650484628376,0.126459752723905,1.81901276401306,-0.299374112945613,-0.393089990476079,-0.708692350094872,0.47130870257521,-0.0786160465959469,-0.544654650975683,0.0147767561333222,-0.240929959465545,-0.781055195837041,324.59,1
221018,142394.0,-3.36776957405755,0.0992494427033949,-6.14848744863103,3.40195536781235,0.458306649432465,-1.57162971516015,-1.35870798100218,0.672409368648482,-3.18800116217364,-4.93742665954554,3.72393253444097,-4.60317614883077,1.0191795522313,-6.61909019992345,-0.590223955779135,-4.47254755736649,-7.16504438660351,-1.58112819134185,1.93037970885184,0.264698703752275,0.861308008231813,1.24930138847935,1.85062715893443,-0.117471200405974,1.21981539606006,0.0002506190192774,1.03601138278301,0.0043667546240766,320.01,1
221041,142409.0,-1.17218291948653,1.66171286952217,-3.04963701906308,2.55505843390024,3.66903461419474,-3.16299837227475,-5.98564011625334,-2.17993523861597,-1.12029227657092,-3.07555830950402,0.997448763245357,-3.19191476820242,-1.51485677577243,-4.2672960668817,-0.159553975172285,-2.91646262843242,-2.81990611139418,-1.41723080093652,0.32519494288717,0.548106363466502,-0.812097797287015,-0.295360725931063,-5.98880644277407,0.714380801225346,-1.60002359150788,-0.634782934267927,0.822713228036362,0.494375178430933,2.0,1
222133,142840.0,-3.61385045502803,-0.922135693038651,-4.74988736419275,3.37300132781874,-0.545207025424103,-1.17130106266974,-4.17231457141019,1.51701594293521,-1.77583268078792,-3.75405392305562,2.73157578227581,-3.48937464729063,1.54738008909916,-4.57126773103714,-0.517958568740869,-4.23908653141223,-9.25063451000699,-2.4348278029986,1.98738627690236,-0.320540972806239,0.7867870185412,0.893064859228385,1.03490656705841,0.097671080445461,-1.34555112500186,-0.788328913242689,1.05544197476733,0.0999714026087802,144.8,1
222419,142961.0,0.457845399378466,1.37376948070694,-0.488926009348227,2.80535094114905,1.77738605988168,0.100492060362466,1.29501591974452,-0.135857217631344,-1.69582245589888,0.955004466801798,-1.70222840135659,-0.240056328492088,0.456475052581814,0.139567417265152,-1.89097449251758,0.372379299123525,-0.798201084554281,-0.69706160837415,-1.49715223294239,-0.264704752281373,0.105593015789541,0.371014424417148,0.0511047168873462,0.401524196613955,-0.724765816975051,-0.202880696489224,0.092123881011537,0.0949558537280024,0.0,1
223366,143354.0,1.11833065981936,2.07443887131076,-3.83751827706316,5.44805969239449,0.0718159680535395,-1.02050922759556,-1.8085744418815,0.521743506077524,-2.03263824879436,-2.73279196653765,3.2740753098509,-3.541687479312,-0.946820179878694,-7.55572894101666,-1.7670051458427,-0.642332574056763,-2.11442919291931,0.183327412773884,-1.17779250651196,0.163513485137887,0.289861124197445,-0.172718010367512,-0.0219095177813472,-0.376560088595995,0.192817419134693,0.114107224212598,0.500995608471866,0.259533270224708,1.0,1
223572,143434.0,-2.7294819717688,3.31249456257958,-4.24271044395109,5.03698507739508,-0.376561160600044,-1.53246175254658,-3.44915850302961,1.85683931947767,-3.62333368933656,-5.6536376856402,3.94231582587852,-5.8837243606062,-1.34781373713666,-9.26612018494559,-2.4595563246821,-2.20564448269106,-5.70908680498665,-1.11393664017816,-1.55653021213315,0.164287792503557,0.72741506386268,-0.301431744500987,-0.502433327315861,-0.462308576168739,0.510682747439828,0.0466646930679243,0.514645779891103,0.140998673095746,1.0,1
223578,143438.0,-5.25643383358625,0.364541282922338,-5.41208501568175,2.40003149118237,0.697301198779903,-1.99875502849663,-5.83553244176087,-0.887739383363895,-2.82828664079509,-4.61450773315675,2.71069667870109,-3.15815569757752,1.0836091478793,-3.41515194777416,-1.05387003179712,-3.75103073303678,-9.26164098662644,-2.95516522195402,0.606570797159568,-0.403684910413759,-0.648259076792221,0.511284975320154,-1.11004452267604,0.178986970607497,0.22023534750991,-0.699808550320153,0.580486716857456,-0.173629869645159,8.9,1
223618,143456.0,-2.00658175419571,3.67657741239774,-5.4638107839612,7.23205827524957,-1.62785946243328,-0.996754564165374,-4.29983258601582,2.26886675517902,-3.65106703430768,-4.40092985049667,4.21321289394162,-5.73781516761686,-0.875693366725877,-8.89372633557037,-0.56243377737014,-3.28178373472677,-4.3689859085708,-0.736733764663363,1.60929290421203,0.474414052771714,0.713906864071022,-0.0638675905141125,0.16794731876444,-0.449863968939219,0.0237020976105368,0.536905295464468,0.485864026565305,-0.0423934808851287,1.0,1
226814,144808.0,-2.40520709191687,2.94382338959853,-7.61665422068905,3.53337387196109,-5.4174936280787,-0.112631914902059,-1.32937156302318,1.70941680752813,-2.32271560874193,-6.54098852025393,4.4045784815908,-4.93815929027047,-0.740984640079332,-7.46296062676276,0.534967659651097,-4.67103153190135,-4.47240325411649,-0.982089900241056,3.49006859270908,-0.338706731161814,0.652683371514066,0.414132296621078,0.0238690731255201,-0.260616387490787,0.405316462428397,0.0291067415861135,0.519806551904182,-0.469537113503405,667.55,1
226877,144839.0,-6.42330645645221,1.65851450876035,-5.86643956435658,2.05206440242466,-0.615816842763718,-3.37226571107575,-5.03655575494585,2.64310601464633,-2.27463004673333,-7.04922935969585,3.9168025570096,-4.48127959922503,-1.02747932747206,-7.11387278226069,-0.852775229881616,-3.83955997447082,-5.05600998750159,-1.34449753083319,1.14847293881065,-0.713515810779757,0.641210915884323,-0.256678382381229,-2.33723276414845,-0.158277898470348,1.19879744465828,-0.261257806694643,0.78012548401824,-0.731800816194097,0.0,1
229712,146022.0,0.908636658181293,2.84902401493181,-5.64734296336341,6.00941477810058,0.216656395035464,-2.39701442397293,-1.81930788593969,0.338526987742346,-2.81988277297887,-4.06309810827338,2.94119009271712,-6.15136219091534,-1.98952853525001,-9.15095100562097,-0.604289998808266,-1.95229039984463,-2.89255533222526,-0.912057960709434,-1.56373996709776,0.241921294746754,0.407260461266497,-0.397434852530952,-0.0800058534116311,-0.168596545191964,0.465058497798457,0.210509756241616,0.648704799002062,0.360224330288316,1.18,1
229730,146026.0,1.89403628953056,1.90580604250552,-3.51573007711281,4.50891315092218,2.04446624455689,-1.42046761821774,1.0574804459057,-0.281157347826589,-1.832603814167,-0.628463195272087,2.22079491381924,-0.741087888346352,-0.763719377938258,-4.94261241607845,-1.37829062017508,2.24421577907161,3.70206529090756,2.25681153235938,-1.95006033191067,-0.160163479388821,-0.144713035559334,-0.310108279131596,-0.101530027427529,-0.414960172274656,0.37659685003455,0.15077769870482,-0.0137115779366071,0.0480836587388137,2.22,1
230076,146179.0,-0.0676716213886392,4.25118050159519,-6.54038835224963,7.28365703710757,0.513540870943284,-2.63506638788364,-1.86591081008961,0.780271626602801,-3.86824834701295,-4.85148719411703,3.87116530391397,-6.88763735718558,-1.7905001483675,-11.2723158701978,1.30136314876439,-1.68983647758912,-0.0529325394075147,0.778734824784494,0.242162496030838,0.519403972453402,0.415436545379518,-0.469937601482284,0.0071280404084919,-0.388147290740708,-0.493397940502339,0.466467724945289,0.566369687106408,0.262990466192685,0.77,1
230476,146344.0,-0.0997238993578782,2.79541433019956,-6.42385558221477,3.24751301512342,-1.6322902693315,-2.76666493059313,-2.31222288290759,0.961014122482514,-1.89600096481329,-4.91934829935247,3.05365441815753,-5.29781140208753,-1.46602972848647,-7.03588005080407,1.99713237234969,-3.83618852542499,-2.51518280017187,-0.864578711859257,2.32892697361116,0.340898315660141,0.647714388377444,0.126575864283858,0.203953480088146,0.0084949976311171,-0.174501150725926,0.575294798178312,0.152875890788003,-0.0981728103598323,94.82,1
231978,146998.0,-2.0642397521399,2.62973923034009,-0.748406253034646,0.694992040498764,0.418177985610222,1.39251973416781,-1.69780121912626,-6.33306461223925,1.72418428025944,-0.887241636246378,-1.59425779202416,-0.338775118165825,-0.978064513351916,-3.68882599540221,-1.48708342266887,0.526946020771924,2.34702289955703,1.69122000470716,-0.736110693106424,-1.42448619962422,6.21551399149032,-1.27690859567394,0.459861127330875,-1.05168547489323,0.209178360382973,-0.319859444506001,0.0154338685560936,-0.0501165001659193,8.0,1
233258,147501.0,-1.61187733763361,-0.408409922870926,-3.8297616763406,6.24946176104187,-3.3609216090486,1.14796358238383,1.8584248531717,0.474858318489524,-3.8383988155266,-1.44537495699985,2.11390001406861,-3.25970246526323,-0.315347339360454,-1.80810297319338,-0.741877295217489,-2.98692008764678,-4.81586301103402,-1.27165458831756,1.70168502365985,2.42567742975765,1.24558218578459,0.616382702131439,2.2514388799998,-0.0660963924813517,0.538710327489417,0.541325493308062,-0.136243382191672,-0.0098522563228139,996.27,1
234574,148028.0,-1.05383960928927,4.36280068444382,-6.02353363697249,5.30453432323767,1.48073829836025,-2.19382145195429,-1.53081679187472,0.62685742392939,-4.03702140926181,-6.28542447506796,3.53614548208968,-7.95962843222551,-1.67342852339751,-12.4579989307142,-0.213884790193602,-1.42413127138773,-3.24368593233723,0.0599561084626287,-1.80233249695937,0.531574093184742,0.397954323754442,-0.945401782696661,-0.376137523247608,-0.220480420438516,0.264002964525927,0.0489347748109877,0.847219840332403,0.531931799394904,0.0,1
234632,148053.0,1.26132423719507,2.72680028914035,-5.43501891203698,5.34275900861121,1.44704301840055,-1.44258408548501,-0.898701853990691,0.123061977888509,-2.74849590498127,-3.20243612238872,1.99136063471588,-3.98641621648026,0.577206841836268,-8.48579450596077,-0.794782274727006,-0.66613426737281,-1.37262938444618,-0.10431295585569,-1.46691055321726,0.313331634515096,0.209086136071647,-0.425937610932652,-0.154439525696635,-0.0188195044268996,0.632233951218357,0.192921615175897,0.468180887290157,0.280486470872693,1.59,1
234633,148053.0,1.26132423719507,2.72680028914035,-5.43501891203698,5.34275900861121,1.44704301840055,-1.44258408548501,-0.898701853990691,0.123061977888509,-2.74849590498127,-3.20243612238872,1.99136063471588,-3.98641621648026,0.577206841836268,-8.48579450596077,-0.794782274727006,-0.66613426737281,-1.37262938444618,-0.10431295585569,-1.46691055321726,0.313331634515096,0.209086136071647,-0.425937610932652,-0.154439525696635,-0.0188195044268996,0.632233951218357,0.192921615175897,0.468180887290157,0.280486470872693,1.59,1
234705,148074.0,-2.21921860215056,0.727831411106392,-5.45822994652182,5.92484984705884,3.93246382376344,-3.0859842366267,-1.67786998770016,0.865074610405235,-3.17726028894586,-3.41920738405664,3.69317394224412,-3.97843975507806,-1.71859087457346,-8.63629739365259,-0.242964821455265,1.17488417316765,2.13460635695284,2.59436483300614,-1.25758897993879,0.96477180373471,0.41747174595057,-0.817343384056975,-0.0287524020141088,0.0257225108657227,-0.825835343221856,-0.0130890304987416,0.413291188715315,-0.131387346404896,0.0,1
235616,148468.0,0.218810192243952,2.71585507956703,-5.11165783900784,6.31066097414859,-0.848345064871295,-0.882445799257676,-2.90207924674704,0.939162177941683,-3.62769814154945,-1.87333085278999,1.2038344844503,-6.17262991831307,-0.921364296717084,-3.94196510459461,-0.0622213828788873,-5.241049107605,-8.15282937205818,-3.24343644496687,1.93548375407006,0.381681938895485,1.08364021161907,1.03732380245639,0.0623251382602846,0.532489603801304,-0.149144855297463,0.639579645658501,0.351567637719089,-0.0018165149574627,0.76,1
235634,148476.0,-1.12509160979577,3.68287614423407,-6.55616794880279,4.01673095104413,-0.425570577758505,-2.03120987003802,-2.65013722169089,1.13124935389728,-2.9468895392379,-4.81640080035747,2.15579608547647,-6.28512495176061,-1.12562538784098,-6.80009808768536,0.924933778626226,-5.23960438819297,-5.01790786864794,-1.34930885911419,2.8686028948655,0.452241310921092,1.18557978155236,1.34815612852908,-0.0536855730897001,0.284121984623636,-1.17446918218703,-0.0878322147402313,0.718789577961977,0.676215948809544,0.76,1
235644,148479.0,-1.541678492331,3.8467996764866,-7.60411417332843,3.12145858452036,-1.25492417272895,-2.08487507838532,-2.38502692521029,1.47113982318282,-2.53050724987995,-5.17565967956169,1.92718574923744,-6.01115469172088,-1.19560144211912,-6.74556131619148,-0.0580910805508333,-4.3251322468452,-5.55806727496643,-1.58053122025709,0.971906321717639,0.114760087792356,1.09640466568909,1.0642221648192,0.0653703316207609,0.257209437635477,-0.693653969054163,-0.335701711683891,0.577051520346345,0.398348367999506,122.68,1
237107,149096.0,1.18489112271901,3.15208420536211,-6.13477982463031,5.53125220648323,1.73386651414214,-1.81686146600342,-0.916696277644188,0.265568287019436,-3.15801423516395,-3.89016924226376,4.7365938426554,-4.16211519175474,-0.456696779485289,-10.2667581077355,-0.583018263021109,0.513470571003558,0.113665405648114,1.48862035938935,-1.80557671393198,0.336441865694103,0.124235616370838,-0.823864650327076,-0.0798873559390688,0.0288277898864561,0.389711468856018,0.0601710709421762,0.485186935489591,0.326551571745814,0.0,1
237426,149236.0,-1.37097577264543,-0.0254646126717458,-2.77490691587532,2.65053018469314,4.5113092908958,-3.28934368164807,-0.118841441826044,-0.0142794452575209,-0.932772843574534,-2.63744174460075,2.85877650156878,-0.553179939159781,-0.758491998019469,-6.45502910306118,-0.154020882316443,1.32383297549701,5.5802092523309,3.29368759380439,-0.13769358207354,0.701291826581395,-0.0480610880626297,-0.59935003028155,0.0721929949962486,-0.600351420040195,0.371330623587411,-0.370950985387369,0.0119702494393591,0.145895338821258,1.0,1
238222,149582.0,-4.28058383167792,1.42110000741665,-3.90822884348162,2.94294608011161,-0.0762053360306411,-2.00252600045019,-2.87415473251562,-0.856005441485914,0.963674230223562,-3.23543895742654,3.34180192747217,-7.56286042898412,-1.8474434271558,-11.5714234295766,-1.4815558418284,-6.18091869945618,-9.28518598266033,-3.92172214129965,0.685510860299876,-0.198962780003302,-0.140061995134615,-0.90772022005271,-0.680107948583095,-0.349169892929711,0.0562758915123628,-1.14992266869478,-1.80988612030864,0.723051433275673,1.1,1
238366,149640.0,0.754315925858731,2.37982185248504,-5.13727449343089,3.81839172249665,0.0432026520139663,-1.28545137361934,-1.76668362059541,0.756710661816359,-1.76572209782095,-3.26300672553831,3.59279683214404,-2.77234880583364,-0.0745336542111445,-6.28109364908023,0.165978009089423,-2.67917124597012,-1.38555652893852,0.249056748544312,2.3534526931986,0.369662961829814,0.397057600980957,0.141165218358707,0.171984534755456,0.394273775761011,-0.4446418368392,-0.2631890643687,0.304702950350999,-0.0443622747894533,2.0,1
238466,149676.0,1.83319104756006,0.74533277919767,-1.13300871289587,3.89355597724996,0.85816381687158,0.910234501320998,-0.498200069408129,0.344703185766382,-0.667939095579291,0.398155064675901,0.613867739096179,-0.0225614827826197,0.452018065249222,-2.96920095585607,-0.964967034325346,2.46444980239245,0.671240576431668,1.92102109165871,-1.61692658827377,-0.0855787549071908,0.0392894902587427,0.181651614823537,0.0729809106352829,-0.15529884930206,-0.149891395375819,0.0127924878401756,0.040853819187149,0.0229031158842699,17.39,1
239499,150138.0,-2.15085504470997,2.18791662800118,-3.43051589218087,0.119476214172018,-0.173210022248717,0.290699943542092,-2.80898761953492,-2.67935050574045,-0.556684932588288,-4.48548270396242,1.90399926160786,-2.64421945060054,-0.982272877372442,-4.69115085524464,-0.6930797524851,-2.55325078310516,-3.48343626722796,-0.0648523857005649,1.49032876283779,0.53214542192165,-0.0732053058243562,0.561496277430611,-0.0750342624995709,-0.437619179374193,0.353840756362622,-0.521338535540234,0.144464860203719,0.02658811547881,50.0,1
239501,150139.0,-6.68283191622627,-2.71426804459821,-5.77453045690806,1.44979237466742,-0.66183640822251,-1.14864974026029,0.849686456067088,0.433427022470355,-1.3156463890999,-2.79633153858609,-0.448793725596362,-2.56260240774572,0.243482526844698,-1.18166939064494,0.004372871675287,-2.3025956900034,-4.446191868553,-1.71046314846621,0.982728632705372,-1.92852719254856,0.22052629481591,1.18701320438743,0.335820816532534,0.215682964100827,0.803109991522633,0.0440333423786634,-0.054987627978561,0.0823370925160337,237.26,1
240222,150494.0,1.85288909461877,1.06959286384179,-1.77610127333886,4.61740996943795,0.770412982482834,-0.400859125659044,-0.0409701223190008,0.089510462944554,-0.217705276444853,-0.373927299894818,-0.688453906925825,-1.46320692427849,-1.6241550000894,-4.25246559869278,-1.34017588388911,1.73287279987949,2.93448122378549,1.43719657244596,-1.92330893857582,-0.288392191215266,-0.157868695659099,-0.176243751892623,0.0274369456443017,-0.468006202781987,0.0580627992795879,0.148263059959904,0.0422777637492948,0.0405727519213252,1.0,1
241254,150949.0,-2.42353450165791,1.65909255408015,-3.07142054904521,2.58803264715889,1.13579116985916,-1.89238797008871,-2.58841817664644,-2.22659241059214,-1.67017275749754,-3.50892466189359,1.43932206570096,-1.95992749618623,0.767484552459954,-4.97811801438515,1.05856598037874,-0.99747745136418,-0.817261404200648,0.307797600356998,0.0284845308917937,0.35389820280921,-0.934126824870286,0.922037918088262,-0.180255030944776,-0.281719118183751,0.299285024105003,-0.263801330349534,0.150155943031014,0.292112166465648,9.29,1
241445,151029.0,-3.81821371829341,2.55133767783118,-4.75915831591909,1.63696695878653,-1.16790008391088,-1.67841338780471,-3.14473247208576,1.24510555037845,-1.69254135414833,-4.75993137385013,3.64225693939881,-4.165202322571,0.703069875094878,-7.62431631397779,-1.49801239964762,-4.07999232998846,-6.71717654755023,-1.88754964911755,1.35674828969143,0.164453445972909,0.837685440079622,0.761712127064149,-0.417694265920243,-0.469712471536136,-0.225934235750846,0.586415248500604,-0.348107405939032,0.0877768724326224,10.7,1
243393,151916.0,-5.48803217118325,3.32956068110382,-5.99629608663308,3.6017196361428,-2.02392603601173,-1.73739347660971,-4.39685932040737,0.228394067739377,-1.67588392283112,-3.99178463209724,3.73703768128326,-6.15018666957144,0.28873807103962,-8.76069451926062,2.3446511946564,-5.14563785073948,-6.29347862779442,-2.13718660093444,2.99524475453849,-0.551121114938378,1.71963125994928,0.343209160294469,0.133583641611928,0.833339534034596,-0.839775663207077,0.502009639296227,-1.93747284570186,1.52121837279368,0.01,1
243547,151972.0,-6.61821088302128,3.83594330652809,-6.31645312939344,1.84411148322924,-2.47689242073119,-1.88671810778613,-3.81749461717225,0.613470204441387,-1.48212104737573,-4.86874726825181,3.35972193954249,-5.96916163430263,0.0511899909273825,-8.72449560202264,0.776390603031746,-3.93938374023711,-7.16443030217363,-2.43467181629124,0.235226841085862,-0.953826982523315,1.63662230588548,0.0387273057562163,0.27821816645377,0.786670356804443,0.063894559165062,0.154707097104458,-2.04240272642132,1.40514055826157,57.73,1
243699,152036.0,-4.32060921481281,3.19993870654465,-5.79973605389345,6.50233023566696,0.378479252807864,-1.94824637096657,-2.16785950480668,-0.728206711605414,-1.97723831745674,-3.47341070390428,4.56919375212135,-9.32115263136084,-1.59251765115386,-14.2668362798028,0.467776602458787,-4.06620855488173,-6.62696817708246,-1.43715841938037,-0.215409738450978,-0.263686068021973,0.47666042483552,0.434278328284482,-0.13693991841301,-0.620071695417129,0.642530576414265,0.28071734804164,-2.64910674899003,0.533640939848599,1.0,1
243749,152058.0,-3.57636177773708,3.29943622098785,-7.46043319687438,7.78363417666419,-0.398548657536885,-1.96844144838725,-3.11047619254795,-0.328403695377149,-1.57436284547485,-2.49756054724841,4.60417047790948,-9.0019148555682,-1.27632400546329,-13.9694706254616,1.25694535316357,-4.49162922501012,-5.96998693103967,-1.27466622002178,1.14778361222539,-0.181455201194929,0.540730752300116,0.719526342466937,0.379248749413946,-0.616961860032022,-0.44281081400968,0.359840688732324,-2.65182487459349,0.422184391599186,1.0,1
243848,152098.0,-4.1243162505368,3.74859690056241,-7.92650660758866,7.76324179132026,-0.769374580551456,-2.03117088274041,-3.4745494647169,0.107121410006842,-1.55135158957203,-2.4112720149303,4.48003526995735,-8.83250972518326,-1.21516414034012,-13.7256846134361,1.23274441510587,-4.3896876778022,-5.81091981744958,-1.25542240180062,1.11403305037529,-0.181978583306058,0.547096801357099,0.68785388119585,0.429938703679497,-0.620601279432049,-0.369688286259497,0.367348753696039,-2.66476709501523,0.417100621604896,1.0,1
244004,152165.0,-4.67323076642011,4.19597576169878,-8.39242279138696,7.74321514676806,-1.13880348895329,-2.09489915490422,-3.83948656727606,0.543053447590367,-1.52844823748652,-2.32511344137919,4.3557700196603,-8.66303057554101,-1.15399252804132,-13.4817046750119,1.20845385727171,-4.28795983864998,-5.65176527245489,-1.23588925526129,1.08013289303778,-0.180278730628939,0.55418499648198,0.656075670157296,0.482417262428348,-0.624399456794724,-0.296288558436571,0.374802036063765,-2.6785437691689,0.412367567109485,1.0,1
244333,152307.0,-5.22296817637504,4.64182734988813,-8.85820420925725,7.72350199432307,-1.50703495625849,-2.15948357376289,-4.20516409588397,0.979334284202064,-1.50563737438727,-2.23906626105695,4.23139330449617,-8.49348798082106,-1.09281084673483,-13.2375585139603,1.1840864824863,-4.18641517783122,-5.49253578625626,-1.21610811302066,1.04610451099676,-0.176673248133323,0.561892173950775,0.624206816460912,0.536428910734314,-0.628333712411096,-0.222651230551295,0.382208361920644,-2.6930356893785,0.407935125898827,1.0,1
245347,152710.0,0.0510754846328574,1.31042652386526,0.733222065309853,2.62028192286183,1.40235761449282,0.528488564738172,1.08601442622803,-0.146422713225732,-1.72433297471822,1.28016674259048,0.470864719590572,0.43554195900858,0.594974116113431,-0.142098601080574,-2.02473460275883,0.828290651436422,-1.27478714656577,0.134277305184542,-1.48943421708841,-0.125876996990695,0.229936134951611,0.766926566765976,-0.189623667620704,0.766852957965077,-0.141400750027805,-0.0772779620355944,-0.29759539535716,-0.221816034161724,2.47,1
245556,152802.0,1.32272425078878,-0.843910597775511,-2.0968875375015,0.75975906867787,-0.196377115172222,-1.16635257897589,0.482534011071884,-0.349790812508124,1.04500741682416,-1.47497416110315,0.0110374511201705,0.483019027615191,0.665272820090391,-2.33279338224807,0.820578433757924,0.461206283587447,1.46805197816555,0.891705535237246,-0.45793403989618,0.585434736822602,0.133814675110081,-0.121562328444589,-0.208573690328062,-0.254751784229223,-0.0983244022531656,-0.613874016689451,0.0026541572433407,0.0723858076215552,357.95,1
247673,153653.0,-5.19249642644832,3.16472117285823,-5.04767906023322,2.24659736005894,-4.01178140454907,-0.638908044905701,-2.87346326933044,1.57631757306221,-2.86198599107206,-2.12045759469323,1.86359573670074,-3.62025176254298,-1.48071442178696,-1.58334340543936,-1.23046922211011,-1.20229796977375,-6.16763653803023,-2.65153904856573,0.0135877061935761,-1.85046996353398,1.16724379365826,-1.00661749345659,0.774561804390922,0.063396916565373,-0.390657771499997,1.8847406746985,-1.74255751463748,-0.08221593472572,247.86,1
247995,153761.0,1.14625926661879,1.40345824321907,-4.15914819129688,2.66010705652321,-0.323216826628972,-1.83607089433649,-1.62374005926978,0.259562498148672,-1.13204414952948,-3.35647371355361,3.64647783754223,-3.00268415590657,-0.647500580265193,-5.94500331282299,0.17465003740523,-1.47563951431173,-3.08227352537105,0.224739755103275,-0.300930778531616,0.284830655578029,0.564449516452437,0.445743911757892,-0.141136197426929,-0.265517116377678,0.362259920457956,-0.416062097561802,0.507369852566067,0.243744113775662,51.37,1
248296,153875.0,-0.613695895305449,3.69877241384725,-5.53494116176501,5.62048638535855,1.64926285038792,-2.33514498091385,-0.907188472777421,0.706362095310651,-3.74764612466131,-4.23098383571181,4.43631907416962,-4.50380121641622,-0.954361345864011,-9.86137210765166,-0.505329037399437,0.269281953090911,0.591319064375358,1.79599192045908,-1.08520791024384,0.354772932978025,0.319260753518317,-0.471378905146116,-0.075890410682347,-0.667909264857987,-0.642848415713801,0.0706001067101182,0.488409527815439,0.292344974289491,0.0,1
248971,154181.0,-0.549615438496227,2.21907469290599,-3.52202432215688,0.236995179253694,1.0874688565719,-1.23553009267737,-0.279312556848985,0.514360709931382,-1.84992742118892,-3.44381902213252,2.21400028680889,-1.6898355101423,0.498437678119739,-4.39363360177944,-1.27084139528992,-1.17662872177405,-1.8597389700645,-0.0494185884951729,0.38526260953691,0.126517943495233,0.364130240632527,0.210428090003568,-0.366018663493106,0.0158025669543916,0.349211539966759,0.647302275361242,0.17192919537209,0.11718822829994,0.76,1
249167,154278.0,-1.60021129907252,-3.48813018118561,-6.45930280667571,3.24681566349703,-1.61460769860713,-1.26037454854632,0.288223321921388,-0.0489639910109505,-0.734974617920653,-4.44148408070017,2.94437484242405,-3.80546898374331,-2.10222683492697,-6.1061832734711,-0.641736399701777,-1.55596289626148,-2.08406707082134,0.394247352869229,0.0833797227600835,3.18935489592753,1.19117480721903,-0.96714144500067,-1.46342052446637,-0.624230851495284,-0.176461532068143,0.400348351070197,0.152946864261687,0.477774924576796,1504.93,1
249239,154309.0,-0.0829834650336291,-3.93591892431521,-2.6167089860612,0.163310074791927,-1.40095182767067,-0.809419404822953,1.50157983974791,-0.47099958719182,1.51974319879361,-1.13445381068391,0.71387764641859,0.979674835308759,-1.33903126624009,0.984993219111346,-0.382470968292812,-0.934615796103053,-0.0524194348357059,0.51116178431397,0.731998749113651,1.87861160253024,0.70267203994139,-0.182304775613767,-0.921016986180311,0.111635488151138,-0.0716222119619373,-1.12588109590433,-0.170947427341269,0.126221382847378,1096.99,1
249607,154493.0,-7.38154698606367,-7.44901515872674,-4.6962865237175,3.72843914957409,6.19830434711234,-6.40626663445964,-5.83145156036761,1.45717491941563,-0.6462025802667,-4.02912871953916,2.52894302060173,-3.308721722205,-1.99200968898389,-5.75721608217278,-0.877323474271716,-1.54755182348258,-1.90901678581052,0.500567470429737,0.136722438174659,2.93275812573212,1.17657484784395,-0.978692051214679,-0.278330343454922,-0.635873793806618,0.123539440325404,0.404729308452323,0.704914653621431,-1.22999168169143,35.0,1
249828,154599.0,0.667713641374798,3.04150237620527,-5.84511195572955,5.9675870384467,0.213863332794167,-1.46292281110712,-2.68876058357809,0.677763512400754,-3.44759589638668,-4.70757080611204,4.90581986504193,-5.20837397192841,0.532498380473016,-10.5440113995705,-1.3074187011067,-2.1335934878907,-5.13308149079721,-1.06215078075411,-0.819371096333784,0.558424597641949,0.32976014592914,-0.941383471890008,-0.0060746623400234,-0.958925352213278,0.239297864946551,-0.0673556786513241,0.821047585911653,0.426175251596766,6.74,1
249963,154657.0,-0.679520574101316,4.67255275192187,-6.81479843997791,7.1435001202707,0.928653839059275,-1.87301315334323,-2.30668902092068,0.993701927710531,-4.94405415592679,-5.57641879575659,5.78365443891613,-6.11770391144604,0.61416484095298,-12.451498657048,0.42715247782648,-2.2558538072409,-2.12802655387511,0.706765028987081,1.09382579750391,0.872005531266124,0.566848531943877,-0.321691497752809,-0.281324568300744,-1.12025603826283,-0.0733943446607603,0.553530429860346,0.760541928111246,0.386741821030101,0.77,1
250761,155054.0,-0.512348993642627,4.82706041999945,-7.97393924909553,7.3340585164719,0.367703644775346,-2.0551290853684,-2.93585569967936,1.43100813095171,-4.54472224374179,-5.25809597551632,5.71631869503674,-5.81040712597652,0.723292646283101,-12.2891333850899,0.378773196301938,-2.02073438121173,-2.03970261739192,0.658182927257658,0.832574035012694,0.804101330337598,0.535619750720892,-0.459495920284509,-0.0093636678425974,-1.1404357941897,-0.0064452687432379,0.527970329614587,0.55888099608345,0.126516761960086,0.77,1
251477,155359.0,-1.067713272294,5.26231210944906,-8.4385670664835,7.31648729995658,0.0082535729164869,-2.12593631959976,-3.3070357352934,1.86983752340028,-4.52258362448849,-5.17281182346005,5.59112619350265,-5.64041745782421,0.784510038605689,-12.0438056158463,0.353814874886981,-1.92055816814255,-1.87992827944447,0.679751299229409,0.797641375455208,0.821404548671474,0.547789786518153,-0.491959821843257,0.0559141341245579,-1.14536853471475,0.0689513455242996,0.535054734945035,0.539263072143882,0.124255055772618,0.77,1
251866,155535.0,0.711155481810016,2.61710490740972,-4.72236322125,5.84296995871769,-0.600179298610849,-1.64631317703679,-2.78519836554505,0.540367735499417,-3.04402909749745,-3.92650993997042,2.75783745850663,-5.43735368941346,0.546878907367748,-8.39657296658687,-0.810715738936796,-3.01429397773507,-6.64248226272335,-2.58402822440731,-0.820354414754465,0.46103194379752,0.360500881641394,-0.865525509838014,0.139978107568553,-0.336237870703344,0.128449337645535,-0.155645815012462,0.799459945626899,0.392170236404553,3.9,1
251881,155542.0,1.86822575153021,1.36307703789779,-1.99493428288271,4.17351574396431,1.23975095036686,-0.746186461637677,0.572730531134135,-0.131234840026775,-1.55183852136659,0.228849430580481,1.70189470812283,0.144622386270367,0.104087683833243,-2.95416672265135,-1.37412192590939,1.88941745516528,1.71451073880902,1.10465991097437,-1.59744021309102,-0.172216497505385,-0.301001481390408,-0.818972281356086,0.206812306872685,-0.263683031819147,-0.114958101067535,-0.240672123611963,-0.0066294488588389,0.0172577348698229,3.14,1
251891,155548.0,1.87823003111341,1.32562957435462,-2.33346899289515,4.23315121365749,1.35518399558821,-0.853508247169998,0.716025067921391,-0.164909788991874,-1.50234450491057,0.259411077154011,1.45123754814542,-0.280523276849375,-0.756794072389194,-2.75755676655084,-1.70628501758252,1.58746039125258,1.92934969114042,1.18943290293776,-1.53016232603362,-0.226108020608619,-0.152130790009807,-0.360735866229707,0.0434144058266633,-0.242379535720923,0.171097766325585,-0.0026009879775509,-0.0266665673926497,0.0052376673818857,7.06,1
251904,155554.0,-1.04006722316026,3.10670266443901,-5.40902719870311,3.10990342442989,-0.887237039790953,-2.49752183582566,-2.07334746311485,0.639818099305764,-3.01333057190308,-5.9548382969224,3.58639450927204,-5.51714762692598,0.683652475018798,-8.5604228759795,1.85609491585409,-4.87824808848093,-4.33599801203682,-1.3771910852015,3.0573817418767,1.05439010295385,0.773960867519738,0.214868420362258,-0.184233022038014,-0.284091370881042,0.493466608549931,0.732328821135949,0.675066703315442,0.337076231470716,94.82,1
252124,155662.0,-1.92861326665902,4.60150558710842,-7.12405297794577,5.71608803673092,1.0265785454506,-3.18907306708797,-2.26189690158112,1.18509635557546,-4.4419416151592,-6.64615382952148,3.8278680907164,-6.51864882248249,0.25113654845891,-12.4567059527055,-0.649166482109423,-1.28314500024635,-2.71855972503703,-0.0854660890712058,-2.09738547120766,0.328795983029392,0.602290585417557,-0.541287465014078,-0.354639278954951,-0.701492058320209,-0.0309729820836431,0.03406987758686,0.57339303199888,0.294686316081238,0.77,1
252774,155965.0,-1.20139778318497,4.86453518123444,-8.32882331553453,7.65239936205533,-0.167445105903909,-2.76769464972835,-3.17642095110716,1.62327867967437,-4.36722762476754,-5.5334430286147,4.1064045585523,-6.33182479621436,0.671784814909419,-12.1565865835299,1.02025178475153,-2.11086343309451,-1.55854452752772,0.195991826282669,0.502453451135321,0.597025549850308,0.532320016259289,-0.556913021850898,0.192444399731584,-0.698588444235578,0.0250027161193826,0.514967603188505,0.378105295962737,-0.0531327938498238,0.77,1
254344,156685.0,-0.129777610843349,0.141547455482355,-0.894701869697703,-0.457662244561315,0.81060798093987,-0.504723385101755,1.37358754607199,-0.20947645080755,0.208493953635169,-1.61361833850235,-0.800150416391868,0.501435242117417,1.11801432626547,-1.81638414654661,-0.681282550845059,0.105946450120805,0.716591309767583,0.205284622719977,-0.0513220971157383,0.399447041317156,-0.0326432954176307,-0.246526436107371,0.484107764666265,0.359636576631937,-0.435972450825985,-0.248480311517488,0.0215269254860304,0.109191896780292,187.11,1
254395,156710.0,0.202402312000145,1.1762702245705,0.346379123966988,2.88213779866317,1.40713333279049,-0.504354582435915,1.43853746015701,-0.395603478739171,-1.5551416238588,1.08151398923906,-1.51420473629918,-0.97376404264957,-0.709928478785898,0.141331683969234,-1.47031415230732,0.418268345647957,-0.828192503935611,-0.302239423372689,-1.76235002438458,-0.206238791066218,0.242560469143593,0.841230120611063,-0.370156596962237,-0.0260123796205956,0.49195423236033,0.234576263356619,-0.279788418223114,-0.331933388032899,7.59,1
255403,157207.0,1.17075621526687,2.50103820829712,-4.9861592332247,5.37416005823382,0.997798392058317,-1.25900447846418,-1.23768881403143,0.358425624933301,-2.61248850396066,-3.06472953093127,3.48060170327307,-3.73515295429888,-0.594777601745956,-8.22995199210048,-1.47609403608015,-0.408470612919959,-1.48128347210329,0.347626692232083,-1.16441437126035,0.227618255472955,0.123145442805288,-0.713201110003824,-0.0808679133866204,-0.964310260780621,0.338567587684323,0.068629851804667,0.481587901111279,0.268225854368505,4.97,1
255556,157284.0,-0.242244998983291,4.14718554774299,-5.67234909620488,6.49374059630435,1.59116815595921,-1.60252259512767,-0.950462840251984,0.722902909564455,-4.12850525273272,-3.96322447209244,4.46946731169238,-4.6550713248721,-0.441775588896948,-10.1498129226371,0.612797714121901,-0.288725033933543,1.40450707513401,2.13208137860015,0.707199945685905,0.562029861091792,0.249022570668556,-0.480286305732899,-0.286080216527281,-1.15357475551215,-0.0355711283215471,0.559628209963356,0.40944648264684,0.221048104758881,0.77,1
258403,158638.0,-5.97611932262173,-7.19697963053735,-5.38831591092631,5.104798647287,4.67653286692543,-5.56687006039983,-4.29118042196746,0.876530560032016,-1.07547808735089,-3.27256917385192,1.1682159434835,-2.13473197122041,1.12831321986543,-4.56600986017187,-0.126950406755583,-2.82698551177892,-2.86574970146517,-0.912934238200631,0.421144082740547,3.13633813209484,1.45936905794799,-0.13626168712612,0.848177173598492,-0.269916379777294,-1.09505960437355,-0.710905241951938,0.565846302250925,-1.03410718662341,296.0,1
261056,159844.0,-0.408110816961726,3.13294449795257,-3.09802976350239,5.80389261500645,0.890608919007457,-0.501474323471098,-0.440054283341639,0.591828268527081,-3.26769325879204,-2.22307032799021,0.757063214391669,-3.5018037792943,0.246742224128631,-6.0656218797665,0.339583134189158,-1.00572315400358,0.334315623693923,0.421261362446254,1.24714263088632,0.499567913131525,0.0984823222449585,-0.538374705312947,-0.217988987498016,-1.04265661749863,0.314388820647828,0.54324357594221,0.233851015408581,0.119603460907874,45.51,1
261473,160034.0,-2.3493399641893,1.51260401518904,-2.64749719609623,1.75379247237301,0.406327950335496,-2.18849400496996,-0.686934747748875,-0.547984409288573,-0.0995281132954432,-1.67234597814111,2.17297610055437,-3.10347667138871,0.217560544573622,-6.03440257566619,0.164400705894815,-2.38382603356602,-4.16647877527802,-1.77239694698232,-0.526280794204029,-0.0934214753719124,-0.0885194213942628,-0.595178282040403,0.258148130014773,0.0619011334336728,-0.35418019381022,-1.15267106612603,-0.736072755373029,0.733702732493917,4.9,1
261925,160243.0,-2.78386548658584,1.59682357624614,-2.08484398883683,2.51298558446866,-1.44674856585353,-0.828495614406621,-0.732262192061793,-0.203328860039345,-0.347045718430565,-2.16206139007752,1.96612345703981,-3.12745594474482,0.506574101009247,-5.92613104122097,0.931090795564338,-2.49930719432672,-3.71275186652084,-1.1421334371849,0.626240855695279,-0.515000920121256,0.203563419764299,0.29326788153054,0.199568287904264,0.146867632313486,0.163601884592709,-0.624084665941504,-1.33309975919931,0.42863399433625,156.0,1
262560,160537.0,0.567539266873172,3.30938527728796,-6.63126848884588,6.39457369583463,-0.0541723256891658,-2.39653528063935,-2.79248887303506,0.514811021472804,-3.54178025732386,-5.33475387061743,3.61873721262172,-7.10148829773798,-0.442125291870087,-11.0816168429851,-0.813721638541621,-3.30289861059986,-5.84890261106356,-1.85063546419134,-1.01863859540215,0.555411780502512,0.614220932245907,-0.365047253101859,-0.180408542452136,-0.52327142948781,0.645054313073713,0.246465837556682,0.902675054512292,0.47357149999817,4.69,1
262826,160665.0,-0.417339782403896,4.70005527392636,-7.52176682774885,7.67188445074794,0.260821237608046,-2.64669254023638,-2.85443216153232,0.95878310270126,-4.5885358926682,-6.12071508667922,4.54849458373201,-7.83625279832226,-0.242674770748528,-13.2025053438681,1.0924415991984,-3.04086255242532,-3.00895800089691,-0.159966953690891,0.78808629554402,0.832034789370246,0.622200356085823,-0.437708334187294,-0.0903582898025547,-0.742802157670925,-0.312360714129117,0.502574976363589,0.8213902873783,0.37237881708533,0.77,1
263080,160791.0,2.13238602134104,0.705607819703042,-3.53075873641584,0.514779310643757,1.52717469821568,-1.71626826866624,1.13279092955315,-0.574214355395823,0.128903890816348,-1.00080505203989,-0.191190536963042,-0.323794189703165,-0.572455950927237,-1.42206385294204,0.314684199046673,-0.387162054366978,1.73474160368315,0.610975987993976,-0.221267207742386,-0.211167179112658,0.163739121720823,0.703910440133969,-0.24507615703343,0.460049173768465,0.920280992581626,-0.216585741807507,-0.026218563758315,-0.0250012963633226,1.0,1
263274,160870.0,-0.644277679025173,5.00235242592827,-8.25273876012125,7.75691471173633,-0.21626731754316,-2.75149611755953,-3.3588573150418,1.40626809118347,-4.40385171690245,-5.94563397292191,4.47590467269415,-7.60726146360792,-0.160723119948911,-13.0107493697978,1.09438181918719,-2.86403911817187,-2.87134152887014,-0.180613560248759,0.647708880496559,0.816557858909547,0.587727519791778,-0.605759173274255,0.0337455457845425,-0.756169511485339,-0.0081716252537439,0.532772006004636,0.663969504849476,0.192066835389178,0.77,1
263324,160895.0,-0.848290216565114,2.71988211593934,-6.19907019688041,3.04443718621919,-3.30190955339712,-1.99211683590396,-3.7349017657824,1.52007897310233,-2.54878817321614,-4.5335154033258,2.28802174654208,-5.26720466981905,0.394799950425324,-4.28799577702192,1.31527946674202,-6.46918689069948,-8.71392005149206,-3.7050697432532,3.53100289778427,0.319576271337295,1.12522925908799,0.805257864895713,0.199119186483276,0.0352062006310435,0.0121587630161963,0.601657823317562,0.137467682324392,-0.171396981067706,127.14,1
263877,161154.0,-3.38760102859385,3.97788074139497,-6.97858506511079,1.65776584508859,-1.10049973277578,-3.59948697320315,-3.68665071042962,1.94225222492139,-3.06508926692316,-7.50955747436829,2.98962640655731,-5.99363242425938,-0.164740077677312,-8.38844296921614,0.0421289980360236,-4.13750050093113,-6.1039030730781,-1.9729278028075,0.434072536887008,-0.0043005898337158,1.043587159264,0.26218867442789,-0.479223920984096,-0.326638199739289,-0.156938590387884,0.113806571374194,0.354124259953911,0.287592125204715,0.38,1
268375,163181.0,-5.23880773573245,0.623013013517624,-5.78450659224569,1.67888930740175,-0.364431871608896,-0.477294697773818,-4.27613150437269,-0.695172912010584,-2.97164438627248,-5.52913123107677,1.77950450310136,-4.83615901427864,-1.20899187512247,-2.90118981074214,0.281878305641659,-5.53954431982868,-7.2909602133188,-4.89776603568321,-0.30860899195249,-0.203269802188999,-0.326139919163346,1.50923868732044,-0.215966267193936,-0.245726907285863,0.893041276540073,0.865758089249014,0.854657016693772,-0.964482422283343,39.98,1
272521,165132.0,-7.50392623748137,-0.360628009949399,-3.83095228272519,2.48610285639632,2.497366775329,1.33243694265115,-6.78396378716369,-15.4153849212396,0.465511605096266,-0.39438126178315,1.05410721205494,0.974058515963307,-1.45366801871907,-1.42561990549746,0.577661575273881,0.836807763068655,2.84494961758243,1.61350955823594,2.54831265500006,-0.475126442823018,-6.38913186553574,2.24996439320029,1.67050826686181,0.140450002467555,0.162147414308657,1.20773090940574,1.26895846837763,0.097538236000963,12.31,1
274382,165981.0,-5.76687873469586,-8.40215367768915,0.0565432462509224,6.9509829448522,9.88056402552862,-5.77319176920948,-5.74887919911031,0.721742893680168,-1.07627357886614,2.68866993252224,-1.47514531556892,-0.0504679838548109,0.11350047541885,0.98434361557577,0.363968739240705,-0.674356809209657,0.327463514418321,0.0914699151148088,1.30794073758635,2.49322389130791,0.880395096548056,-0.130435547668829,2.24147141354365,0.665345536539228,-1.89004142193457,-0.120802763842984,0.0732685585796402,0.583799418317518,0.0,1
274475,166028.0,-0.956390354534089,2.36159360978361,-3.17119460723168,1.9707587789256,0.474761353851904,-1.90259820435779,-0.055177812186404,0.277831228585655,-1.74585416512772,-2.5166280017922,0.874051625366684,-2.51310432869389,0.0215750823066827,-3.56511884467947,0.461153428310475,-2.01571274629308,-1.7314131905532,-0.465814727140309,0.527619755594392,0.19087690343816,0.4732110860249,0.719400298090367,0.122457847823505,-0.255649852132098,-0.619259299031992,-0.48427999484406,0.683534592892906,0.443299499267762,39.9,1
275992,166831.0,-2.02713542158538,-1.13189035724166,-1.13519425354743,1.08696263677666,-0.0105473464481483,0.423796701647855,3.79088017117747,-1.15559509817023,-0.0634335699320076,1.33441406239882,1.03201558219625,-0.722023081820061,-1.53323965243517,0.334119448067333,0.297478860324539,-0.429391896447094,-0.824644210487403,0.489667798839098,0.87334427153726,0.0338040154798561,-0.315104559619618,0.575519699616524,0.490842008633879,0.756502366364478,-0.142685358889407,-0.602776608703914,0.508712458871011,-0.091645525701271,634.3,1
276071,166883.0,2.09190018751563,-0.757459362256544,-1.19225763407193,-0.755458092963448,-0.620323625943217,-0.322077026663935,-1.08251065680614,0.117199961876445,-0.140926651717943,0.24931080342673,1.33831754595819,-0.329759339656804,-0.363591188943619,-1.82483910494673,-0.229678513727838,1.84234692345975,1.19421171382239,0.0374666576390236,0.423099369076423,0.0374375437836754,0.288252720367131,0.831939310447442,0.142006990607899,0.592614974257539,-0.196143145198634,-0.136676262268618,0.0201823653167864,-0.0154697051692816,19.95,1
276864,167338.0,-1.37442438802593,2.79318461104641,-4.34657205544607,2.40073141993213,-1.68843271426041,0.111136092520939,-0.922037621262745,-2.14992997529601,-2.02747375610927,-4.39084192218279,1.24195817554592,-3.91052150018815,-1.22563629923953,-4.69799687128777,0.676108304106939,-2.07706554161602,-2.68352089790884,-0.525949332550218,0.42234244481934,0.650195855719888,-0.870778521555015,0.50484915999462,0.13799426850986,0.36827456897565,0.103136654803567,-0.414208828090744,0.454981584858352,0.0967109642319915,349.08,1
279863,169142.0,-1.92788332105459,1.12565266367046,-4.51833064132991,1.74929253346589,-1.56648729197754,-2.01049423115212,-0.882849830858081,0.697211109261327,-2.0649452874475,-5.58779378195338,2.1157951772133,-5.4174240819973,-1.23512263142388,-6.66517689463338,0.401700686738171,-2.89782511671737,-4.57052943365069,-1.31514721385427,0.391167040935071,1.25296673470361,0.778583978950071,-0.319188818860513,0.639418961153121,-0.294885040380029,0.537502535542985,0.788395056528708,0.292679966295281,0.147967928722538,390.0,1
280143,169347.0,1.37855899734127,1.28938093711056,-5.00424678441137,1.4118498419441,0.442580635567782,-1.3265359338336,-1.41316995590712,0.248525467627175,-1.12739593417081,-3.23215317539514,2.8584658156696,-3.09691489835154,-0.792532436177748,-5.21014084572584,-0.613803263850514,-2.15529688535221,-3.26711568106648,-0.68850546268346,0.737657217477667,0.226137945500703,0.370611857232494,0.0282344454140697,-0.145640429197154,-0.0810494069107769,0.521874501959455,0.739467256056059,0.389151843520624,0.186636547522687,0.76,1
280149,169351.0,-0.676142670593205,1.1263660623459,-2.21369952308058,0.46830838758824,-1.12054104443306,-0.0033462959955453,-2.23473929608742,1.21015796383769,-0.65224992035649,-3.46389087904573,1.79496896856641,-2.77502154036273,-0.418950143733104,-4.05716237716209,-0.712615968607599,-1.60301474745597,-5.03532591722409,-0.50699988370237,0.266272320267649,0.247967752628092,0.751825538154533,0.834107690036367,0.190943872773442,0.0320700856093905,-0.739694822652264,0.47111096261267,0.385107448705084,0.19436147923645,77.89,1
281144,169966.0,-3.11383160738512,0.58586417180689,-5.39973021073242,1.81709247345531,-0.840618465991056,-2.94354779071974,-2.20800192003372,1.05873267723056,-1.63233334974982,-5.24598383776964,1.93351953683592,-5.03046479695456,-1.12745457501155,-6.41662797597451,0.141237234328704,-2.54949823633632,-4.61471706851594,-1.47813794126038,-0.0354803664667244,0.306270740368093,0.583275998701341,-0.269208637986581,-0.456107772584008,-0.183659129549716,-0.328167759255761,0.606115810329683,0.884875539542905,-0.253700318894381,245.0,1
281674,170348.0,1.9919760961759,0.158475887304227,-2.58344064503516,0.408669992998441,1.15114706077937,-0.0966947441848027,0.223050267455537,-0.0683838777747007,0.577829383844873,-0.888721675865145,0.491140241656789,0.728903319843614,0.380428045513993,-1.94888334870021,-0.832498136300872,0.519435549203291,0.903562376617253,1.19731471799372,0.593508846946918,-0.0176522567052908,-0.164350327825504,-0.295135166851559,-0.0721725311018398,-0.450261313423321,0.313266608995469,-0.289616585696882,0.002987582243429,-0.0153088128485981,42.53,1
